tweet_id,search_keyword,text,created_at,author_id,author_name,author_handle,view_count,like_count,retweet_count,reply_count,url,lang,is_retweet,last_updated,country,media_url
2094025767751668080,뷰티캠,@__piizhBG 뷰티캠 아니면 틱톡으로 찍고 집에 폰 남는거 잇어서 그거 쓸까햇는데 잃어버릴까봐 무서워서 걍 사용하는걸로 찍음,Sun Aug 30 11:33:42 +0000 2026,2023263839916298240,맹고케이크|9서코 토 예정,mangocakecos,268,1,0,1,https://x.com/mangocakecos/status/2094025767751668080,ko,False,2026-09-07 00:09:56,한국,
2093913331786739965,뷰티캠,뷰티캠 AI한테 주태강 사진 주고 만들어봄 https://t.co/jZVIFa5Kic,Sun Aug 30 04:06:55 +0000 2026,2078347488445202432,쵸쨩,choo__chan,2327,60,1,1,https://x.com/choo__chan/status/2093913331786739965,ko,False,2026-09-07 00:09:56,한국,https://pbs.twimg.com/media/HQ8TD8UaoAErUPI.jpg
2090354940267102250,뷰티캠,"#광고 서랍 속 오래된 필름카메라 감성, 이제 폰으로 1초 만에 완성 사진인화 필요 없는 완벽한 아날로그 무드 📸✨

#뷰티캠 에서 필름카메라 필터로 편집해보세요! 🎞️👇

@beautycam_kr https://t.co/FnUWib1PdV",Thu Aug 20 08:27:09 +0000 2026,1145917681788342272,짙은,butter_cream_,2239,4,4,1,https://x.com/butter_cream_/status/2090354940267102250,ko,False,2026-09-07 00:09:56,한국,https://pbs.twimg.com/media/HQJuu96a4AAHmo9.jpg
2090062363168850118,뷰티캠,"#오하요우
겐바에서 건진 최고의 어플
뷰티캠 https://t.co/V9Q63nRFeQ",Wed Aug 19 13:04:33 +0000 2026,1930636482764738560,짧몽,BEEE_MONG,166,5,0,0,https://x.com/BEEE_MONG/status/2090062363168850118,ko,False,2026-09-07 00:09:56,한국,https://pbs.twimg.com/media/HQFkocfacAEOy9Y.jpg
2089986144952049670,뷰티캠,"#광고 #뷰티캠

무겁게 필카 안들고 다녀도
뷰티캠으로 필름 느낌 낼 수 있다 ◟( ˘ ³˘)◞ ♡
저는 SoftX 사용했는데 뽀얗고 예쁘게 나와요 https://t.co/0OG17xcquV",Wed Aug 19 08:01:41 +0000 2026,1220583878697422848,✷,0urloveisgreatt,2103,4,2,0,https://x.com/0urloveisgreatt/status/2089986144952049670,ko,False,2026-09-07 00:09:56,한국,https://pbs.twimg.com/media/HQEfUVjbMAEXMVj.jpg
2089671726372381030,뷰티캠,"#광고 #뷰티캠 

뷰티캠만 있으면 필름 카메라가 필요 없다 ⁉️
앱에서 무료로 #필름카메라 느낌으로 잔뜩 찍어보아요 . . . 💞 제가 사용한 필름은 NEG CLASSIC ‼️ ￼📸 https://t.co/LdCDAEay80",Tue Aug 18 11:12:18 +0000 2026,1415684350016819211,𝘔𝘪𝘯,L0yaV2,2520,31,1,0,https://x.com/L0yaV2/status/2089671726372381030,ko,False,2026-09-07 00:09:56,한국,https://pbs.twimg.com/media/HQABWxHakAAqpnX.jpg
2089524677534441649,뷰티캠,츠짱 얼굴도 뷰티캠 필터걸린거 제일웃김,Tue Aug 18 01:27:59 +0000 2026,991166285026279424,쉬었음 프본,michinnomdeath,11591,7,0,0,https://x.com/michinnomdeath/status/2089524677534441649,ko,False,2026-09-07 00:09:56,한국,
2089330195623014762,뷰티캠,"#광고 #뷰티캠 #필름카메라

뷰티캠 필름카메라로 담은 나의 여름 🍃📷
사용한 필터는 FUJI랑 Classic B !! https://t.co/FhcCv7nxiY",Mon Aug 17 12:35:11 +0000 2026,1495252508192944128,oat,wwwcozycom,2399,38,13,0,https://x.com/wwwcozycom/status/2089330195623014762,ko,False,2026-09-07 00:09:56,한국,https://pbs.twimg.com/media/HP7Ku32bwAAsAAo.jpg
2086307860598919486,뷰티캠,"뷰티캠/메이투 회사의 차기작  💖Picchi💖 소개드립니다!

진심 쌩 원본 대공개 부끄럽지만 클릭 하나로 이렇게 대변신..! 🫪

트렌디한 코스프레 보정법 정말 잘 먹히구🥹👍
직접 보정모델도 만들어서 쓸수있어요! 추천✨️

#Picchi #meitu #CreatorDNA #StyleDNA #PicchiMagic #광고 https://t.co/ltb1BbeqGW",Sun Aug 09 04:25:30 +0000 2026,1330655401478475778,새양 Saeyang,saeyang_cos,3977,58,0,2,https://x.com/saeyang_cos/status/2086307860598919486,ko,False,2026-09-07 00:09:56,한국,https://pbs.twimg.com/media/HPQN7mQbcAA2lHd.jpg
2085748788640231717,뷰티캠,기본 셀카는 틱톡이나 뷰티캠 사용해서 찍은 후에 메이투로 보정하구요! 전신샷같은 남찍사는 보통 일카로 찍고 스노우랑 메이투로 보정합니다.. https://t.co/rUXwmrqurW,Fri Aug 07 15:23:57 +0000 2026,1729052310037573632,8일페 일 靑月 청월,unxx_CM,423,7,0,0,https://x.com/unxx_CM/status/2085748788640231717,ko,False,2026-09-07 00:09:56,한국,
2076954584887800244,뷰티캠,"#광고 #뷰티캠 #Ai장면

흐린날 사진찍어도 괜찮음!!! 뷰티캠으로 맑게하면되니까…….🪽
나는 예쁜데 하늘이 밤티인 사진도
이 기능으로 바꿔버리면 되니까
너무 좋타,,🥹🥹
맑음기능 쓰면 없던 그림자도 생기고 
역광 기능쓰면 느낌있게 바꿔줌🤍 https://t.co/T6CUdEdgRW",Tue Jul 14 08:58:55 +0000 2026,1613044096939216896,너구리,cu_is_guri,4489,32,2,0,https://x.com/cu_is_guri/status/2076954584887800244,ko,False,2026-09-07 00:09:56,한국,https://pbs.twimg.com/media/HNLTIqBacAAcsyo.jpg
2076953896225026403,뷰티캠,"이거 진짜 너무 신기해…디카 안 사도 되겠음
사진이 진심 한 20배는 예뻐보여 심지어 무료로 쓸 수 있음!!!

뷰티캠 앱 - 포토샵 - 장면 - 역광/맑음

#광고 #뷰티캠 #AI장면 https://t.co/FVDogkIwP8",Tue Jul 14 08:56:11 +0000 2026,1537999921110216704,백만번산복이,ttokkkii___,6367,34,2,0,https://x.com/ttokkkii___/status/2076953896225026403,ko,False,2026-09-07 00:09:56,한국,https://pbs.twimg.com/media/HNLSgxYboAAWbuH.jpg
2076632313568571687,뷰티캠,"260713 #키비츠 심플케 사녹 후기

착장은 1, 2회차 순서대로 1주차 엠카, 뮤뱅 착장!!
OXY 각 두번씩 녹화했고 엔딩요정 5명 다 함🫰🏻
2회차 땐 뷰티캠 녹화도 같이 했는데 애들 다 긴장한 티가 나서 넘 귀여웠음ㅋㅋㅋㅋㅋㅋ 그리고 유이 오늘 아침에 머리 다시 덮고 와서 말끔한 금발로 돌아왔당",Mon Jul 13 11:38:20 +0000 2026,1996125603347726336,heart,hearty813,717,6,0,0,https://x.com/hearty813/status/2076632313568571687,ko,False,2026-09-07 00:09:56,한국,
2076595914723172769,뷰티캠,"#광고 #뷰티캠 #AI장면

여행 사진이 넘 어두워도 한번에 해결 가능👌
✨뷰티캠 - AI 장면 ‘맑음/역광’ 기능
무료로 써볼 수 있으니 다들 츄라이 해보시길😙 https://t.co/PLrRWD6Gkn",Mon Jul 13 09:13:42 +0000 2026,1651519360991887361,쥬,a_ileen_,1755,6,1,0,https://x.com/a_ileen_/status/2076595914723172769,ko,False,2026-09-07 00:09:56,한국,https://pbs.twimg.com/media/HNGM97ObwAA5UpT.jpg
2076519625698005435,뷰티캠,"[광고] #뷰티캠 #AI장면 @beautycam_kr

흐려서 망한 사진도 맑게 바꿔 주는 뷰티캠 - AI장면 ‘맑음/역광’ 기능!!
심지어 무료야…❤️ https://t.co/kVOebgPBy0",Mon Jul 13 04:10:33 +0000 2026,2030625182151528448,젠,jeeaannnk,4774,17,3,0,https://x.com/jeeaannnk/status/2076519625698005435,ko,False,2026-09-07 00:09:56,한국,https://pbs.twimg.com/media/HNFHjLebYAARY5C.jpg
2074811015947239573,뷰티캠,뷰티캠 듀얼카메라 넘넘 이뿌게 나옴 ㅎㅎ https://t.co/MLGyHdhNOo,Wed Jul 08 11:01:08 +0000 2026,2016219981613309952,Lyn,2pvlyataee,6982,74,3,1,https://x.com/2pvlyataee/status/2074811015947239573,ko,False,2026-09-07 00:09:56,한국,https://pbs.twimg.com/media/HMs1nvOaUAAKy6M.jpg
2071639928212160635,뷰티캠,카메라는 뷰티캠 사용하고 필터는 메이투 필터 자주쓰는데 사진마다 이것저것 조합해서 써가지구 젤 많이 쓰는 건 아이폰xs 필터 요거 제일 많이써욤! 그 외엔 그냥 아이폰 기본 색조정 기능으로 함! https://t.co/T87GzSWBUA,Mon Jun 29 17:00:22 +0000 2026,1652331100457549824,きこ,6kiko02,3634,7,0,0,https://x.com/6kiko02/status/2071639928212160635,ko,False,2026-09-07 00:09:56,한국,
2064299890864525693,뷰티캠,"사용방법 !
[ 뷰티캠 홈 &gt; AI 장면 &gt; G7X 플래시 ]

얼굴이 진짜 뽀용하고 대비감 높게 보정돼요
#뷰티캠 #AI장면 https://t.co/3F6rLgu8ey",Tue Jun 09 10:53:41 +0000 2026,1744195919334277120,dorim,imdorimidori,5078,23,3,0,https://x.com/imdorimidori/status/2064299890864525693,ko,False,2026-09-07 00:09:56,한국,https://pbs.twimg.com/media/HKXdzu5bwAAON9k.jpg
2064271648472326422,뷰티캠,"[ 광고 w. @beautycam_kr ]

플래시 기능 진짜 감동적....
평범한 폰카에서 갑자기 고퀄 디카감성됨
긴말안하고 사진으로 보여드립니다
뷰티캠 홈 &gt; AI장면 &gt; G7X플래시 ㄱㄱ 지금 기간한정 무료니까 함 써보세요 전 지금 얼굴 어둡게나온사진 다 이걸로 돌려보느라 하루 다 감... https://t.co/NMeodnon7o",Tue Jun 09 09:01:27 +0000 2026,1488207747145293825,영심,wwwmylifecom,23845,180,29,0,https://x.com/wwwmylifecom/status/2064271648472326422,ko,False,2026-09-07 00:09:56,한국,https://pbs.twimg.com/media/HKXEH0ObwAAeNXM.jpg
2064259813073428639,뷰티캠,"#광고 

핸드폰으로 디카 플래쉬 효과 넣는법!
이 플래쉬 효과 쓰니까 사진이 확 살아남..

뷰티캠 다운로드&gt; 홈&gt; Ai장면&gt; G7X 플래시 

#뷰티캠#AI장면 https://t.co/KQLM7tRbu1",Tue Jun 09 08:14:26 +0000 2026,1993992720810168320,ris,russsssssris,10439,42,2,1,https://x.com/russsssssris/status/2064259813073428639,ko,False,2026-09-07 00:09:56,한국,https://pbs.twimg.com/media/HKW5W7_bQAAkZWn.jpg
2064222738357883264,뷰티캠,"#광고 @beautycam_kr

나무 밑 사진 특유의 분위기는 살리고
얼굴만 환하게 보정하는 방법 가져옴 ✿ ˖ °

요즘 제일 자주 쓰는 보정법 ! 넘 편함

🌳 뷰티캠 홈&gt; AI 장면 &gt; G7X 플래시 https://t.co/boVfEimYlz",Tue Jun 09 05:47:06 +0000 2026,1660649054282432513,kuma,hxxn9_archive,4629,25,8,0,https://x.com/hxxn9_archive/status/2064222738357883264,ko,False,2026-09-07 00:09:56,한국,https://pbs.twimg.com/media/HKWXozHaoAA0hUM.jpg
2064196655008956767,뷰티캠,"#광고 @beautycam_kr 

어두워서 못 쓰던 사진,,, 뷰티캠으로 되살림 🫪 요즘 ai 참 자연스럽게 조아졌넴... 👉🏻📸👈🏻

뷰티캠 홈 &gt; AI glow &gt; 반사판

#뷰티캠 #AI장면 https://t.co/oqBBaakFUc",Tue Jun 09 04:03:28 +0000 2026,1624852603795550208,fav.,aavcxf,5150,20,4,0,https://x.com/aavcxf/status/2064196655008956767,ko,False,2026-09-07 00:09:56,한국,https://pbs.twimg.com/media/HKV_6ivagAACoR9.jpg
2063938495891263806,뷰티캠,"#광고 

역광 사진도 반사판 기능 쓰면 살릴 수 있음!
야외에서 사진 찍었을 때 쓸 일 많을 둣

💡기능 위치: 뷰티캠 홈 &gt; AI glow &gt; 반사판

#뷰티캠 #AI장면 https://t.co/ukZBgb2AjE",Mon Jun 08 10:57:38 +0000 2026,1244280541836275713,①④③,talk_143,7592,15,1,0,https://x.com/talk_143/status/2063938495891263806,ko,False,2026-09-07 00:09:56,한국,https://pbs.twimg.com/media/HKSVHeaacAAHy0o.jpg
2062792140028256265,뷰티캠,뷰티캠 가공력 개쩔ㅋㅋㅋㅋ https://t.co/PyJcVtgGYu,Fri Jun 05 07:02:25 +0000 2026,866283969729265665,て！,6Ain8Soph8Aur9,185,5,0,0,https://x.com/6Ain8Soph8Aur9/status/2062792140028256265,ko,False,2026-09-07 00:09:56,한국,https://pbs.twimg.com/media/HKCCgt3b0AALv7-.jpg
2053102369236516966,뷰티캠,"#광고 @beautycam_kr
이제 네일아트도 Ai로 할 수 있는 시대라네..
오오티디에 맞게 네일 바꾸고 싶을 때 뷰티캠을 이용해 보세요 👩🏼‍❤️‍💋‍👩🏼💅🏼

1. 뷰티캠 앱
2. 포토샵 - 리터치 - 네일 스타일
3. 원하는 네일 디자인 고르고 기다리면 끝!! 

🔗 바로 사용하기
https://t.co/ovGRXln9w5 
#뷰티캠 #네일 https://t.co/aZnaNBVack",Sat May 09 13:18:44 +0000 2026,1222350782818701314,먼지,mongzzi_,11689,22,9,0,https://x.com/mongzzi_/status/2053102369236516966,ko,False,2026-09-07 00:09:56,한국,https://pbs.twimg.com/media/HH4VuFYbYAANh7M.jpg
2053095303918784656,뷰티캠,"#광고
컨셉에 맞게 #네일 바꾸고 싶은데 팁 붙이긴 귀찮을 때 #뷰티캠 으로 네일아트 하자

- 예절샷이나 인형샷 올릴때 굿
- ai로 커스텀 네일아트도 가능

1.뷰티캠 앱
2.포토샵 - 리터치 - 네일 스타일
3.원하는 네일 디자인 고르고 기다리면 완성

바로 사용하기
🔗https://t.co/kog6ShZ8uN https://t.co/akv1K3LiWF",Sat May 09 12:50:39 +0000 2026,1563633730086146048,sis,isshosis,13898,44,1,0,https://x.com/isshosis/status/2053095303918784656,ko,False,2026-09-07 00:09:56,한국,https://pbs.twimg.com/media/HH4PS5abkAA3Bm1.jpg
2053043071466799185,뷰티캠,"#광고 여러분~~ 요즘 영크크는 네일도 AI로 한대요 💦💦 네일 비용도 안 든다 뷰티캠에서 한번 츄라이 해 봐!!

1. 뷰티캠 앱 들어가서
2. 포토샵 - 리터치 - 네일 스타일 들어가줘
3. 원하는 네일 디자인 고르고 기다리면 끝💋

🔗 바로 사용하기
https://t.co/OCCn3TdlV6

#뷰티캠 #네일 https://t.co/wIahkxCDSw",Sat May 09 09:23:06 +0000 2026,1539235350018936832,비비,bkkkrooo,5791,11,1,0,https://x.com/bkkkrooo/status/2053043071466799185,ko,False,2026-09-07 00:09:56,한국,https://pbs.twimg.com/media/HH3fyivbMAAK04g.jpg
2052750366295625836,뷰티캠,"#광고 나 이 사진 보고 잔머리펌 하고싶어지고 그러네…

*뷰티캠-포토샵-리터치-헤어* 들어가면 궁금했던 헤어스타일 전부 해볼 수 있어요,,🤍

🔗바로 사용하기
https://t.co/l89XDZMRNz

#뷰티캠 #ai헤어 https://t.co/dsAXisUUeS",Fri May 08 14:00:00 +0000 2026,1874924392117133313,말순이,mixiwt_,6820,35,2,0,https://x.com/mixiwt_/status/2052750366295625836,ko,False,2026-09-07 00:09:56,한국,https://pbs.twimg.com/media/HHzVk4Ga4AAcJI3.jpg
2052608332456956012,뷰티캠,"#광고 #뷰티캠
앞머리 자르고 시픈데 이마 좁음이한테
어떤 앞머리거 어울릴지 몰라서뷰티캠 돌려봤더요
우때요?.. 잔머리펌 할말할말 🥹

*뷰티캠 - 포토샵 - 리터치 - 헤어 - 앞머리
🔗 바로 사용하기 링크!
https://t.co/A7eSvKFBU6 

#AI헤어 https://t.co/ThTM6VtPZi",Fri May 08 04:35:36 +0000 2026,1244280541836275713,①④③,talk_143,16177,36,1,0,https://x.com/talk_143/status/2052608332456956012,ko,False,2026-09-07 00:09:56,한국,https://pbs.twimg.com/media/HHxUZCPbAAAT6QN.jpg
2051175998306365687,뷰티캠,"[📢] 260504 (월) Arirang TV Simply K-Pop 뷰티캠 팬클럽 인원 체크는 아래 사진 속 장소에서 진행 예정입니다.

인원 체크 시간: 3:00 PM

#KISSOFLIFE #키스오브라이프 #KIOF https://t.co/8pYWlz5B9G",Mon May 04 05:44:01 +0000 2026,1664310659750952960,KISS OF LIFE Fan Staff,KIOF_STAFF,7418,71,7,0,https://x.com/KIOF_STAFF/status/2051175998306365687,ko,False,2026-09-07 00:09:56,한국,https://pbs.twimg.com/media/HHc9snDakAA9_en.jpg
2050947740574916943,뷰티캠,"#광고 #뷰티캠 #필름카메라 @beautycam

뷰티캠 어플에서 폰으로도 필름카메라 낼 수 있는 기능이 있다고 해서 써봤는데 생각한것보다 더 대단함 딱 그 필름카메라 빛바램+지글지글한 느낌이 대박인듯...

(뷰티캠 앱 - 필름카메라 - 사용한 필터 : FSA, FLASH B, FUJI) https://t.co/RGrHGnBbTG",Sun May 03 14:37:00 +0000 2026,1745011254115360768,໊,iamalehkim,9123,27,3,0,https://x.com/iamalehkim/status/2050947740574916943,ko,False,2026-09-07 00:09:56,한국,https://pbs.twimg.com/media/HHZuGMvbIAAlu0F.jpg
2050529638460662173,뷰티캠,"광고) 필름카메라 사기 전에 이거 먼저 써보세요!!

폰으로도 필카 색감 그대로 구현돼서
이제 필카 굳이 안 사도 될 듯, 심지어 무료임
어떤 필터가 제일 예쁜가요?

 #뷰티캠 #필름카메라 https://t.co/II7nubzxsk",Sat May 02 10:55:37 +0000 2026,1171164503934824450,Sowhat,sowhat__j,47095,60,9,2,https://x.com/sowhat__j/status/2050529638460662173,ko,False,2026-09-07 00:09:56,한국,https://pbs.twimg.com/media/HHTx0nAasAAGi9l.jpg
2050491114155860463,뷰티캠,"[📢] 260504 (월) Arirang TV Simply K-Pop 뷰티캠 팬석 참여 명단 안내드립니다.

🔗 https://t.co/kVQXJeW4IQ

#KISSOFLIFE #키스오브라이프 #KIOF",Sat May 02 08:22:32 +0000 2026,1664310659750952960,KISS OF LIFE Fan Staff,KIOF_STAFF,3769,27,5,0,https://x.com/KIOF_STAFF/status/2050491114155860463,ko,False,2026-09-07 00:09:56,한국,
2050153255037026765,뷰티캠,"[📢] 260504 (월) Arirang TV Simply K-Pop 뷰티캠 팬석 참여 안내 (마지막 방송)

🔗 https://t.co/RsvMSkNkog

자세한 내용은 공식 홈페이지에서 확인 바랍니다. 
감사합니다. 

#KISSOFLIFE #키스오브라이프 #KIOF",Fri May 01 10:00:00 +0000 2026,1664310659750952960,KISS OF LIFE Fan Staff,KIOF_STAFF,12437,148,28,0,https://x.com/KIOF_STAFF/status/2050153255037026765,ko,False,2026-09-07 00:09:56,한국,
2050123811971014847,뷰티캠,"#광고 | #뷰티캠 #DSLR @beautycam_kr 

서브폰.... 디카... 선택지도 너무많아서 뭐가뭔지 모르겠고 여러개 사기엔 주머니에 돈은없고 저처럼 고민하던 소녀들이여 뷰티캠 DSLR 기능으로 고민 끝내세요 사진 퀄이 차원이 달라짐

보다시피 카메라 종류별로 많고 그안에서 설정값도 미세하게 만질수있어서 좋음!!! 디카 이미 있는데 다른 거 징만하고 싶다 하는 소녀들은 어플 통해서 다른 디카들은 색감 어떤지 확인해보는 용도로 써봐고 완전 좋을 것 같아요 

대충 찍어도 이런 느낌이라 진짜 추천합니다..♡",Fri May 01 08:03:00 +0000 2026,1488207747145293825,영심,wwwmylifecom,9223,20,9,0,https://x.com/wwwmylifecom/status/2050123811971014847,ko,False,2026-09-07 00:09:56,한국,https://pbs.twimg.com/media/HHOAu5EbAAA2a7g.jpg
2050111963607531720,뷰티캠,"#광고 #뷰티캠 

렌즈 뿌옇게 안 문질러도 뿌옇고 예쁜 사진을 건질 수  있는 뷰티캠 필터 ! 
날 좋은 피크닉 때 찍기 넘 좋았다.. 🫶

📸DSLR &gt; G12 &gt; 렌즈 &gt; Pro Mist https://t.co/SOcrdkiNhT",Fri May 01 07:15:56 +0000 2026,1437060315720544259,낭만,bebeyourluvv,6671,31,18,1,https://x.com/bebeyourluvv/status/2050111963607531720,ko,False,2026-09-07 00:09:56,한국,https://pbs.twimg.com/media/HHN19hsb0AACiTg.jpg
2050078065985044599,뷰티캠,260501 심케 뷰티캠 #리센느 https://t.co/1E5Mb36k13,Fri May 01 05:01:14 +0000 2026,1949045549283577856,🍊,luvscene326,603,16,6,0,https://x.com/luvscene326/status/2050078065985044599,ko,False,2026-09-07 00:09:56,한국,
2049791430852518058,뷰티캠,"뷰티캠 앱 - DSLR -  X-S10 사용했어요

제가 실제로 여행할 때 사용했던 카메라라서 비교해봤는데 색감이 꽤 비슷하게 나와서 만족스러웠어요 https://t.co/sLNw2qqDPV",Thu Apr 30 10:02:15 +0000 2026,3071400325,𝕣𝕒𝕤𝕙𝕒,of__rasha,5964,33,6,0,https://x.com/of__rasha/status/2049791430852518058,ko,False,2026-09-07 00:09:56,한국,https://pbs.twimg.com/media/HHJSb4KbUAADnid.jpg
2049791282198003716,뷰티캠,"#광고 #뷰티캠 #DSLR @beautycam_kr

그동안 쓰는 카메라 뭐냐는 질문을 진짜 많이 받았어도 사실 가격때문에 선뜻 추천하기가 힘들었는데

이 필터가 진짜 제가 쓰는 DSLR 카메라 자체 필터랑 제일 비슷하고 화질도 안 깨져요

궁금하셨던 분들은 이걸로 미리 테스트해보셔도 좋을 것 같아요 https://t.co/LX2P9ENUHa",Thu Apr 30 10:01:39 +0000 2026,3071400325,𝕣𝕒𝕤𝕙𝕒,of__rasha,28629,133,30,1,https://x.com/of__rasha/status/2049791282198003716,ko,False,2026-09-07 00:09:56,한국,https://pbs.twimg.com/media/HHJSR6-a0AA1LYS.jpg
2049747581643984966,뷰티캠,"#광고 @beautycam_kr

다들 여름에 사진 찍을 때 이렇게 찍어보세요
몽글몽글하고 파릇파릇한 느낌 낼 수 있음🫧

보정 1도 안한 사진인데 분위기 넘 예쁨

🌿 #뷰티캠 앱 &gt; #DSLR &gt; G12 https://t.co/6u6njJsdis",Thu Apr 30 07:08:00 +0000 2026,1660649054282432513,kuma,hxxn9_archive,6328,26,7,0,https://x.com/hxxn9_archive/status/2049747581643984966,ko,False,2026-09-07 00:09:56,한국,https://pbs.twimg.com/media/HHIqjrkagAAGeU6.jpg
2048699837839982633,뷰티캠,"#광고 @beautycam_kr

어플 하나로 간단하게 #퍼스널컬러 검사하는 법 𖤐𖤐𖤐

뷰티캠 - 포토샵 - AI 스타일 - 퍼스널컬러

(요즘 웜한 컬러만 입게 되더라니 진짜 웜이였다 .. !) https://t.co/Dz2ysCc1JV",Mon Apr 27 09:44:39 +0000 2026,1586753619948638209,rojo,rojoxvun,7255,14,3,0,https://x.com/rojoxvun/status/2048699837839982633,ko,False,2026-09-07 00:09:56,한국,https://pbs.twimg.com/media/HG5xpLmbsAAJL4m.jpg
2048397594897080536,뷰티캠,"#광고 #뷰티캠 #손글씨사꾸
손글씨 못쓰는 사람들한테 희망적인 소식! 

뷰티캠에서 포토샵 -&gt; AI스타일 -&gt; 손글씨 사꾸 누르면 사진속 사물에 알맞게 손글씨로 꾸며지는 거 다들 알았으면....🫰🏻

글씨 개발새발인 저한테는 역대급으로 좋은 기능이라 생각해서 다들 한번씩 써봤으면 좋겠어요  &gt;////&lt; https://t.co/40gx5q3cq6",Sun Apr 26 13:43:38 +0000 2026,1013447492220776449,migo,migolove_,11304,51,9,0,https://x.com/migolove_/status/2048397594897080536,ko,False,2026-09-07 00:09:56,한국,https://pbs.twimg.com/media/HG1ewQbbIAEpHol.jpg
2048391497951903982,뷰티캠,"#광고 @beautycam_kr

내돈내산 퍼컬 검사 받았을 때 소프트+중명도+중채도라고 했었는데 ai가 진짜 똑같이 맞춤... 이거 초간단 유잼 컨텐츠네... 👉🏻👈🏻

사용 경로 [뷰티캠 - 포토샵 - AI 스타일 - 퍼스널컬러] https://t.co/o6Knts7AcJ",Sun Apr 26 13:19:25 +0000 2026,1624852603795550208,fav.,aavcxf,8960,41,5,0,https://x.com/aavcxf/status/2048391497951903982,ko,False,2026-09-07 00:09:56,한국,https://pbs.twimg.com/media/HG1ZNXma8AAcM1X.jpg
2048376171952562263,뷰티캠,"[ 포토샵 &gt; AI 스타일 &gt; ‘손글씨 사꾸’ ]

#뷰티캠 #손글씨사꾸 https://t.co/D5zkX0bkYb",Sun Apr 26 12:18:31 +0000 2026,1744195919334277120,dorim,imdorimidori,8441,19,3,0,https://x.com/imdorimidori/status/2048376171952562263,ko,False,2026-09-07 00:09:56,한국,https://pbs.twimg.com/media/HG1LRU6aQAEPVLN.jpg
2048305561725534212,뷰티캠,"#광고 #뷰티캠 #손글씨사꾸
요즘 유행하는 손글씨 사꾸!!
프롬프트 없이 앱으로 빠르게 해봤어요

왓츠인마이백처럼 물건 많은 사진이나
카페에서 찍은 사진 꾸미면 너무 귀여움 &gt;/////&lt;

사꾸에 관심 많은 분들께 강력 츄천드립니다!! https://t.co/f8iWjAnHJG",Sun Apr 26 07:37:56 +0000 2026,1628673043735396353,영운,0nnaye,40256,734,34,0,https://x.com/0nnaye/status/2048305561725534212,ko,False,2026-09-07 00:09:56,한국,https://pbs.twimg.com/media/HG0LDQXaUAAlE5Q.jpg
2048288991334871149,뷰티캠,"열분 프롬포트 없이도 ai퍼컬진단이 가능해효 !!!
저는 여쿨 뮤트임 어쩐지 레즈룩만 입으면 얼굴이 칙칙해졌은…😓
악세사리부터 메이크업까지 찰떡 코디 추천해주니까 넘 좋자나🥹🩷

퍼컬진단방법 !
뷰티캠 - 포토샵 - AI 스타일 - 퍼스널컬러 
#광고 #뷰티캠 #퍼스널컬러 @beautycam_kr https://t.co/C5OBVq0NC6",Sun Apr 26 06:32:05 +0000 2026,1552082762097496065,雪,intoprayfor,16674,88,5,0,https://x.com/intoprayfor/status/2048288991334871149,ko,False,2026-09-07 00:09:56,한국,https://pbs.twimg.com/media/HGz7-NMbAAAenEG.jpg
2048287970055356692,뷰티캠,"요즘 유행하는 손글씨 사꾸 쉽게 하는 방법💭
뷰티캠 앱 실행 후 - 포토샵 - AI 스타일 - 손글씨 사꾸 선택 후 잠시만 기다려주면 이렇게 귀여운 사 진이 탄생 합니다..♥
일일이 적고 그릴 것 없이 사물을 인식해서 생성해 주니까 너무 편한 것 같아요(⁎⁍̴̛ ₃ ⁍̴̛⁎)

#광고 #뷰티캠 #손글씨사꾸 https://t.co/0Fi8LtcBuU",Sun Apr 26 06:28:02 +0000 2026,1287769135728848896,재구,achubbybaby,64832,585,117,1,https://x.com/achubbybaby/status/2048287970055356692,ko,False,2026-09-07 00:09:56,한국,https://pbs.twimg.com/media/HGz7DSWacAEeS5h.jpg
2048284441542598878,뷰티캠,"아니 요즘은 어플로 퍼스널 컬러 진단 해쥬네
역시 나는 여름 라이트 였움..

베스트 컬러부터 메이크업 팁까지 리포트로 바로 
나와서 떠먹여주니까 다들 츄라이 츄라이 ദ്ദി- ·̫ - ̳^

➡방법
[뷰티캠 - 포토샵 - AI 스타일 - 퍼스널 컬러]
#광고 #뷰티캠 #퍼스널컬러 @beautycam.kr https://t.co/1d2RW2fVon",Sun Apr 26 06:14:00 +0000 2026,1746176881148432384,ho3am,ho3amm,13311,27,3,0,https://x.com/ho3amm/status/2048284441542598878,ko,False,2026-09-07 00:09:56,한국,https://pbs.twimg.com/media/HGz315cakAAALIj.jpg
2047632648122830863,뷰티캠,"#광고
콘서트에서 빛번짐이나 스모그로 사진이 흐리게 찍혀 아쉬울 때 보정법 공유..♡

☑️뷰티캠 앱 - AI 글로우 - 빛 번짐 제거

사이드에 앉아서 역광을 당했다거나..🥹 조명 너무 내 눈 앞에다 쏘는 거 아니에요? 됐을 때 사진 살리기 좋아서 추천.ᐟ.ᐟ

#뷰티캠 #AI글로우 @beautycam_kr https://t.co/pQ9qXfZBwV",Fri Apr 24 11:04:01 +0000 2026,1081782270178951168,솔,aupresol,19602,36,6,0,https://x.com/aupresol/status/2047632648122830863,ko,False,2026-09-07 00:09:56,한국,https://pbs.twimg.com/media/HGqnCjlaMAA49is.jpg
2047560243224383739,뷰티캠,"#광고 

뷰티캠의 새로운 기능 소개해 드려요 
콘서트 및 공연장에서 발생하는 스모그와 빛 번짐으로 인해 흐릿해진 사진을 개선하는 ‘AI 글로우 - 빛 번짐 제거’ 기능이에요 

자연스럽게 무대가 선명해져서 버릴 뻔한 사진도 구할 수 있어요🤳🏻🎆

뷰티캠 앱 접속 
AI 글로우
빛 번짐 제거 클릭

#뷰티캠 #AI글로우 @beautycam_kr

Before                                   After",Fri Apr 24 06:16:18 +0000 2026,1480939182478426112,eun,111kemebetter,5839,14,1,0,https://x.com/111kemebetter/status/2047560243224383739,ko,False,2026-09-07 00:09:56,한국,https://pbs.twimg.com/media/HGplL_XasAAG7JD.jpg
2096641674693038212,메이투,샐카없는거미친거같음 내가 메이투 돌려서 사진만들게하고잇고,Sun Sep 06 16:48:23 +0000 2026,824417458597588992,뱝,touchl0v3,65,1,0,0,https://x.com/touchl0v3/status/2096641674693038212,ko,False,2026-09-07 00:08:30,한국,
2096635894552019436,메이투,"스티커는 이거 썼어유~~
메이투 -&gt; 사용지화 이건 다들 이제 알징?ㅎㅎ/// https://t.co/EMKjVLtqB4",Sun Sep 06 16:25:25 +0000 2026,1618910086818316290,히다카춍☆i…,cyd_1217,179,0,0,0,https://x.com/cyd_1217/status/2096635894552019436,ko,False,2026-09-07 00:08:30,한국,https://pbs.twimg.com/media/HRi_OvdacAACQOb.jpg
2096604965179711660,메이투,"#rt

메이투 일주일 결제한거 유효기간 하루남기고 자동결제됬는데 해지 어케하고 환불 어케받나요
로그인 안한채로 결제한걸로 기억하는데 진짜 어떡하죠 제돈좀 도와주세요ㅜㅜㅜㅜㅜㅜㅜ",Sun Sep 06 14:22:31 +0000 2026,1794618298782674944,⛄눙사람누웅,NunSaRam0_0,38,1,0,1,https://x.com/NunSaRam0_0/status/2096604965179711660,ko,False,2026-09-07 00:08:30,한국,
2096603649019674988,메이투,내돈!!!!!! 메이투 내돈 뱉어!!!!,Sun Sep 06 14:17:17 +0000 2026,1794618298782674944,⛄눙사람누웅,NunSaRam0_0,24,1,0,0,https://x.com/NunSaRam0_0/status/2096603649019674988,ko,False,2026-09-07 00:08:30,한국,
2096602400597360794,메이투,여러분 제가 메이투 일주일 구매를했는데 한번하면 자동으로 주마다 구매되나요? 이거 더 안하고싶었는데 어케 해지하고 환불받아요 어떠케 내돈,Sun Sep 06 14:12:19 +0000 2026,1794618298782674944,⛄눙사람누웅,NunSaRam0_0,48,0,1,1,https://x.com/NunSaRam0_0/status/2096602400597360794,ko,False,2026-09-07 00:08:30,한국,
2096599872707428411,메이투,@uuningg 메이투?,Sun Sep 06 14:02:17 +0000 2026,1066222981209190400,一結(한결) - 9서코 감,one_end0428,28,0,0,0,https://x.com/one_end0428/status/2096599872707428411,ko,False,2026-09-07 00:08:30,한국,
2096590586904236527,메이투,@PP__Mando 메이투 하나면 3분안에 끝날걸 하나하나 수작업한것도 애정때문이라 봐야겠지? ㅋㅋㅋㅋㅋ,Sun Sep 06 13:25:23 +0000 2026,1758693523380158464,감자깡,9amjakan9,36,0,0,0,https://x.com/9amjakan9/status/2096590586904236527,ko,False,2026-09-07 00:08:30,한국,
2096582099725677003,메이투,"메이투 플래시 필터 진짜 이쁘다
˶ ̇ ̮ ̇˶ 맘에들어요ꯁ https://t.co/jma1bwXqH3",Sun Sep 06 12:51:39 +0000 2026,1841165188076355590,뽀룸,bbo_room,144,5,0,2,https://x.com/bbo_room/status/2096582099725677003,ko,False,2026-09-07 00:08:30,한국,https://pbs.twimg.com/media/HRiOTKuaIAIeQd6.jpg
2096579059501465704,메이투,@rierie_0307 @chajjun_ 메이투 최고 무료 좋다,Sun Sep 06 12:39:34 +0000 2026,1837671252338921475,벗유얼,iambutyouareme,39,2,0,0,https://x.com/iambutyouareme/status/2096579059501465704,ko,False,2026-09-07 00:08:30,한국,
2096578205536882947,메이투,얼굴이 왜케 메이투 보정 100이지 ㅁㅊ https://t.co/y0P2Gvj6WC,Sun Sep 06 12:36:11 +0000 2026,1359950335180042240,호미..,0620homii,1220,75,10,0,https://x.com/0620homii/status/2096578205536882947,ko,False,2026-09-07 00:08:30,한국,https://pbs.twimg.com/media/HRiKw90aQAAvP7s.jpg
2096561609506533807,메이투,메이투 트윈 그거 어떻게 해요…….,Sun Sep 06 11:30:14 +0000 2026,1976158402431811584,청리,geoli1190936,164,4,0,1,https://x.com/geoli1190936/status/2096561609506533807,ko,False,2026-09-07 00:08:30,한국,
2096553922811068514,메이투,"난 이미 중국에 정보 팔았쥐렁~🥰
(메이투,쉬인,테무,알리)",Sun Sep 06 10:59:41 +0000 2026,2058512782098894848,뮨,mutationyun,86,0,0,0,https://x.com/mutationyun/status/2096553922811068514,ko,False,2026-09-07 00:08:30,한국,
2096553621966233666,메이투,"메이투 피부 보정팁
중간에 아오오니된 건 비밀 https://t.co/UZDdVgKZJf",Sun Sep 06 10:58:30 +0000 2026,1924491242475511809,두팔,du_pal0_0,3351,61,1,0,https://x.com/du_pal0_0/status/2096553621966233666,ko,False,2026-09-07 00:08:30,한국,
2096525042092040211,메이투,사진보정은 메이투 무료버전으로 합니당,Sun Sep 06 09:04:56 +0000 2026,2072638829476122624,하레쨩✦🦇,ifari4ever,68,0,0,0,https://x.com/ifari4ever/status/2096525042092040211,ko,False,2026-09-07 00:08:30,한국,
2096511438437405182,메이투,"#광고

여태가지 모자이크 하나하나 했던 사람들 나와…일단 나 
이거 알고 이제 한번에 드래그만 하면 다 가려지는 방법 알아서 일일이 안해도 됨 개쩔어 메이투 어디까지 좋아질거야…. https://t.co/zdXYTM2tve",Sun Sep 06 08:10:52 +0000 2026,1537999921110216704,백만번산복이,ttokkkii___,1914,16,0,0,https://x.com/ttokkkii___/status/2096511438437405182,ko,False,2026-09-07 00:08:30,한국,https://pbs.twimg.com/media/HRhOCj3bgAAuYX9.jpg
2096501174396719421,메이투,진짜 전광판에 메이투 적용시켜놧나싶읖정도로 예픈이임… 아 얼굴 감동돼,Sun Sep 06 07:30:05 +0000 2026,1993933428673445888,와,gogojjuma,37,0,0,0,https://x.com/gogojjuma/status/2096501174396719421,ko,False,2026-09-07 00:08:30,한국,
2096490206149161012,메이투,"@somyoheart @meitu_korea 메이투 외계인 잡아왓나 ,,",Sun Sep 06 06:46:30 +0000 2026,1705449200581029888,시골 즥,sigolzic,51,0,0,0,https://x.com/sigolzic/status/2096490206149161012,ko,False,2026-09-07 00:08:30,한국,
2096490059189113323,메이투,@minnming__ @meitu_korea 징자루 메이투 쩐다 ••,Sun Sep 06 06:45:55 +0000 2026,1705449200581029888,시골 즥,sigolzic,54,0,0,0,https://x.com/sigolzic/status/2096490059189113323,ko,False,2026-09-07 00:08:30,한국,
2096488061186228436,메이투,"#광고 

메이투 모자이크기능 왜이제알았지
하나하나 스티커 안씌워도되고
필요한부분 걍 드래그하면
알잘딱해줘서 너무편해..🥹

기능위치: 메이투 어플-사진 편집-모자이크-박스 https://t.co/U8fCj39BC1",Sun Sep 06 06:37:59 +0000 2026,1613044096939216896,너구리,cu_is_guri,1291,11,1,0,https://x.com/cu_is_guri/status/2096488061186228436,ko,False,2026-09-07 00:08:30,한국,https://pbs.twimg.com/media/HRg4xr3boAEjoin.jpg
2096485864004272484,메이투,"이렇게 드래그 한 번이면 모자이크 바로 가능!
여러 가지 모자이크가 있어서 예쁘게 꾸밀 수도 있어요! 🤩💓 https://t.co/8soAvW06PW",Sun Sep 06 06:29:15 +0000 2026,2059525625640321024,continue,cxntnue,573,14,3,1,https://x.com/cxntnue/status/2096485864004272484,ko,False,2026-09-07 00:08:30,한국,
2096469309988155678,메이투,"트친들이 메이투 많이 쓴대서 써봤는데 보정 날먹이 되네요 에픽 왜 결제했던거지 심지어 1년으로 했었는데
#무속성_호시네 #사진한편찰칵 https://t.co/fE38INISaQ",Sun Sep 06 05:23:28 +0000 2026,2075925160096620544,🔭한편💫,Lost_Pollux,232,28,0,0,https://x.com/Lost_Pollux/status/2096469309988155678,ko,False,2026-09-07 00:08:30,한국,https://pbs.twimg.com/media/HRgnmJybwAI-OIy.jpg
2096456659157811534,메이투,"#광고 #메이투 @meitu_kr 

인생네컷에서 친구들 얼굴 가려줄 때 하나하나 모자이크하다 매번 때려치는 사람 나야나.. 🙋‍♀️

근데 메이투 모자이크 기능으로 드래그만 쭉 하면 1초만에 얼굴만 딱 모자이크됨!! 

이모지도 다양하게 선택 가능 넘 편리해서 요즘 자주 쓰는 기능💕🥹 https://t.co/66rGcS7iwW",Sun Sep 06 04:33:12 +0000 2026,1972991281136861185,rosy,rosy_250930,985,22,9,1,https://x.com/rosy_250930/status/2096456659157811534,ko,False,2026-09-07 00:08:30,한국,https://pbs.twimg.com/media/HRgcN-NbUAActq-.jpg
2096446182700830759,메이투,"@suu_dna 메이투가 없었다면 가능하지 않았던 코쓰프레........................
아 생각해보니 저 메이투 그녀가 추천해주심; ;;
의식의 흐름으로 감사의 말씀을 전합니다...",Sun Sep 06 03:51:34 +0000 2026,1663761985442570252,98세김춘배할아버지,ycastle01,50,0,0,0,https://x.com/ycastle01/status/2096446182700830759,ko,False,2026-09-07 00:08:30,한국,
2096443102357807270,메이투,비결은 메이투에 있어요 다들 메이투 쓰고 미녀되기♡ https://t.co/X64pOgL2AE,Sun Sep 06 03:39:20 +0000 2026,1903780570309824512,파도사,padosa_master,428,5,0,0,https://x.com/padosa_master/status/2096443102357807270,ko,False,2026-09-07 00:08:30,한국,
2096434843169267729,메이투,"메이투 유료결제할까
필수덕목같은데 거지라 걍 보정실력만 욘나게키우는중",Sun Sep 06 03:06:31 +0000 2026,1994019470214615043,밍덕,Minggagol,140,1,0,1,https://x.com/Minggagol/status/2096434843169267729,ko,False,2026-09-07 00:08:30,한국,
2096423715663753633,메이투,메이투 결제함 보정의 질이 올라갔다,Sun Sep 06 02:22:18 +0000 2026,1870399332077420544,치요,abcd10_123,122,9,0,0,https://x.com/abcd10_123/status/2096423715663753633,ko,False,2026-09-07 00:08:30,한국,
2096293322004615349,메이투,@sigolzic @meitu_korea 메이투 애용하는데 저런 기능이 있는 줄은 몰랐네 ㄷㄷ,Sat Sep 05 17:44:09 +0000 2026,1894296350248112128,시차,sicha_ko,76,1,0,1,https://x.com/sicha_ko/status/2096293322004615349,ko,False,2026-09-07 00:08:30,한국,
2096273651154960431,메이투,@choyulll_03 나 핏치 메이투 섞어씀!,Sat Sep 05 16:25:59 +0000 2026,2554732172,: 리슈,hapoom125,63,0,0,1,https://x.com/hapoom125/status/2096273651154960431,ko,False,2026-09-07 00:08:30,한국,
2096259697896833314,메이투,ㅅㅂ 메이투 돌렷더니 먼 쉬에수런처럼 나옴,Sat Sep 05 15:30:33 +0000 2026,1834237818895564801,SEUNG,Sseunng,62,1,0,0,https://x.com/Sseunng/status/2096259697896833314,ko,False,2026-09-07 00:08:30,한국,
2096238285123375217,메이투,"[광고]

메이투 모자이크 기능 ㄹㅈㄷ 좋음..
이제 친구들이 사진가려줘 하면 드래그만 해주면됨

사진편집 - 모자이크 - 박스 https://t.co/n2FZBRLDP8",Sat Sep 05 14:05:28 +0000 2026,1967969435857096704,eonie,eonie_o,3176,3,0,0,https://x.com/eonie_o/status/2096238285123375217,ko,False,2026-09-07 00:08:30,한국,https://pbs.twimg.com/media/HRdVm6_bYAEwdWs.jpg
2096231801719079291,메이투,@BBo_Nyang_B 메이투 유료멤버십 메이크업 - 입술 - 누드글로우,Sat Sep 05 13:39:42 +0000 2026,1956733570556497920,계마2,m1_co11ector,89,0,0,1,https://x.com/m1_co11ector/status/2096231801719079291,ko,False,2026-09-07 00:08:30,한국,
2096229608500928598,메이투,@vshwuust 메이투 9900원 좋아요,Sat Sep 05 13:30:59 +0000 2026,2053753500073607169,윥링,eringriing,86,1,0,1,https://x.com/eringriing/status/2096229608500928598,ko,False,2026-09-07 00:08:30,한국,
2096229370499404028,메이투,@0_monki @hambangdi_ 진지하게 원래 하얀 사람들이 메이투 쓰잖아? 더 하얘,Sat Sep 05 13:30:02 +0000 2026,1957437777706110976,slow 하루의 습관,myhabitisim,85,0,0,0,https://x.com/myhabitisim/status/2096229370499404028,ko,False,2026-09-07 00:08:30,한국,
2096228867476455708,메이투,"@myhabitisim @hambangdi_ 메이투 썻네
뮤뱅최애기현인가",Sat Sep 05 13:28:02 +0000 2026,1973024882440163329,Om,0_monki,108,0,0,1,https://x.com/0_monki/status/2096228867476455708,ko,False,2026-09-07 00:08:30,한국,
2096226830890180712,메이투,"@__tinnedfish 메이투 까시고 투턱 보정 조져서 스스로를 가스라이팅 하면 그거 해결되어요
괄사하면 잠깐은 살 빠져보일지라도 나중에 가면 세포 늘어져서 안 돌아오니까 보톡스를 맞으시길...",Sat Sep 05 13:19:57 +0000 2026,1724571177501466624,쓰레기 섬의 독거노인 (이 알 속에는 나만 있구나: 어느 달걀 노른자의 명언),lgbtalsoBT6637,133,0,0,1,https://x.com/lgbtalsoBT6637/status/2096226830890180712,ko,False,2026-09-07 00:08:30,한국,
2096223910245384380,메이투,요즘 틱톡 필터 쓰면 피부가 매끄러워진대 나는 팔자 정병 땜에 메이투 결제해서 팔자 빡빡 미는 사람인데.....,Sat Sep 05 13:08:20 +0000 2026,1667288223390011394,보히..,33yoq,154,0,0,1,https://x.com/33yoq/status/2096223910245384380,ko,False,2026-09-07 00:08:30,한국,
2096223750765289731,메이투,"하.... 미용실 왔다가 대표원장쌤의 꺼드럭 몇시간동안 듣는 중 틱톡 필터 사용법 알려주는 거 오오~! 하고 신기한 척 들어줘야 함 
나는 메이투 유료 유저인데",Sat Sep 05 13:07:42 +0000 2026,1667288223390011394,보히..,33yoq,106,0,0,0,https://x.com/33yoq/status/2096223750765289731,ko,False,2026-09-07 00:08:30,한국,
2096221483521777956,메이투,"쉽고 빠르게 모자이크하는 법 영상으로 보여드릴게요!

아무리 사람이 많아도 한번에 모자이크 처리해주니까
요즘은 사람 많은 곳에서도 걱정 없이 사진 찍어요 💗

귀여운 모자이크 스티커도 많아서 사진 꾸미기도 가능! 😉🫶
📷 메이투 앱 -&gt; 사진 편집 -&gt; 모자이크 -&gt; 박스 https://t.co/QRENsf5mpG",Sat Sep 05 12:58:42 +0000 2026,1218756182040408064,시사이루 아사라,love_luv_lo,715,3,1,0,https://x.com/love_luv_lo/status/2096221483521777956,ko,False,2026-09-07 00:08:30,한국,
2096216880847753391,메이투,"#광고 완전 간단하게 모자이하는 법
메이투 모자이크 박스 기능 이용하기!!!

몇명이 나와있든 알아서 모자이크로 삭삭 가려준다🫰🏻🫰🏻 네컷 사진 찍은거나 사람 많은 여행지에서 찍은 사진 공유할 때 완전 편할듯( ͒•·̫| https://t.co/CIPqQoIdoK",Sat Sep 05 12:40:24 +0000 2026,1347957409822593024,EB,Bite0A,7705,8,4,0,https://x.com/Bite0A/status/2096216880847753391,ko,False,2026-09-07 00:08:30,한국,https://pbs.twimg.com/media/HRdCI1BboAAvS3W.jpg
2096207669652799751,메이투,"#광고

1초 만에 한 번에 모자이크하기 &lt;&lt; 이런 개꿀팁 저만 지금 알았네요... 내 수고 덜어줘서 너무 고맙네... 🫪

🌬️ 메이투 - 사진 편집 - 모자이크 - 박스 https://t.co/B5b0Gt5ZMi",Sat Sep 05 12:03:48 +0000 2026,1624852603795550208,fav.,aavcxf,26827,215,17,1,https://x.com/aavcxf/status/2096207669652799751,ko,False,2026-09-07 00:08:30,한국,https://pbs.twimg.com/media/HRc5w4LaIAA0Vzv.jpg
2096206864006696987,메이투,@tw0nly_ 메이투 9900원의 힘,Sat Sep 05 12:00:36 +0000 2026,2053753500073607169,윥링,eringriing,49,0,0,1,https://x.com/eringriing/status/2096206864006696987,ko,False,2026-09-07 00:08:30,한국,
2096200545484861805,메이투,메이투 외계인 고문시켯나?,Sat Sep 05 11:35:30 +0000 2026,2060366396186607616,응코,eunganiya880808,506,14,0,1,https://x.com/eunganiya880808/status/2096200545484861805,ko,False,2026-09-07 00:08:30,한국,
2096199253546963139,메이투,메이투 할인하길래 결제함ㅋ,Sat Sep 05 11:30:22 +0000 2026,1586623200519036928,코레쟈나이,hhs105,216,0,0,0,https://x.com/hhs105/status/2096199253546963139,ko,False,2026-09-07 00:08:30,한국,
2096198827267227806,메이투,@sigolzic @meitu_korea 당장 드가야해 메이투,Sat Sep 05 11:28:40 +0000 2026,2055667547874439168,명수,Kimmilul,98,1,0,1,https://x.com/Kimmilul/status/2096198827267227806,ko,False,2026-09-07 00:08:30,한국,
2096195032835670314,메이투,"#광고 #메이투
@meitu_korea 

메이투 이렇게까지 잘한다궁 ..? 이제 모자이크 하나하나 할 필요 없어요 🫪 

박스 끌어다가 놓으면 자동 모자이크 뿅 !! 이제 사람 많아서 못 올렸던 사진들 다 가꼬와 ,, 메이투로 싹 가려버립시다 ~ 💖

.

&lt; 보정방법 &gt;

메이투 앱 - 사진 편집 - 모자이크 - 박스 https://t.co/wj6ZywsrVN",Sat Sep 05 11:13:35 +0000 2026,1705449200581029888,시골 즥,sigolzic,3739,90,59,9,https://x.com/sigolzic/status/2096195032835670314,ko,False,2026-09-07 00:08:30,한국,https://pbs.twimg.com/media/HRcuQybbcAAJdyz.jpg
2096188788297068906,메이투,"#광고 
메이투의 새롭고 신기한 뉴 기능!
드래그만 하면 지나가는 분들 자동 모자이크 📸
메이투 앱-&gt; 사진 편집 -&gt; 모자이크 -&gt; 박스 https://t.co/yOL7xR6i1L",Sat Sep 05 10:48:47 +0000 2026,1947715405646385152,mazoo,mazooleexxx,2526,6,0,1,https://x.com/mazooleexxx/status/2096188788297068906,ko,False,2026-09-07 00:08:30,한국,https://pbs.twimg.com/media/HRcolkeaIAAwhlC.jpg
2096186759575228671,메이투,"[광고]
메이투 모자이크 기술혁명 💅
한땀한땀 스티커로 모자이크하는 노가다 필요 없음...
네모 박스치면 그 영역 자동으로 모자이크 바로
됨

✔️메이투앱에서 사진편집 &gt; 모자이크 &gt; 박스 https://t.co/m9fzGESHFA",Sat Sep 05 10:40:43 +0000 2026,1888513008995106818,💗🪽..,romancewillbe,3253,9,7,2,https://x.com/romancewillbe/status/2096186759575228671,ko,False,2026-09-07 00:08:30,한국,https://pbs.twimg.com/media/HRcmvhQbUAIgWTR.jpg
2096164437485072714,메이투,"#광고
야구장 직관이나 여름 페스티벌 가시는 분들 이 효과 꼭 쓰세요( ¤̴̶̷̤́ ‧̫̮ ¤̴̶̷̤̀ )
사람이 너무 많아서 사진 찍을 때마다 타인이 찍혀서 난감했는데, 메이투 AI 모자이크 기능 쓰니까 드래그 한 번에 깔끔하게 가려짐!
배경은 살리면서 뒷사람들만 손쉽게 모자이크할 수 있어서 진짜 최고♥ https://t.co/ztjF72Y8bN",Sat Sep 05 09:12:01 +0000 2026,1752390105179074560,ㅋㅔ찹!,tomatobbi,3532,29,7,0,https://x.com/tomatobbi/status/2096164437485072714,ko,False,2026-09-07 00:08:30,한국,https://pbs.twimg.com/media/HRcScVtaoAEXINj.jpg
2096164038778765686,메이투,"[광고]

나 뿐만 아니라 다른 사람도 지켜주는 메이투
가볍게 드래그 한번하면 모자이크 끝!

하는법 🐾
메이투 앱 홈화면 -&gt; 모자이크 클릭 -&gt; 박스 클릭

#메이투 #모자이크 #얼굴가리기 https://t.co/0URF0fQCIf",Sat Sep 05 09:10:26 +0000 2026,2033556709801861120,아이코,Zxxkre9,5494,134,1,1,https://x.com/Zxxkre9/status/2096164038778765686,ko,False,2026-09-07 00:08:30,한국,https://pbs.twimg.com/media/HRcSFC8aIAA7Fnm.jpg
2096155176960938408,메이투,"@cxntnue @meitu_kr 나 맨날 모자이크 하나하나 했자나…
메이투 쓰면 편하겠당",Sat Sep 05 08:35:13 +0000 2026,1997884007351259136,김챱챱,beautychabchab7,51,1,0,0,https://x.com/beautychabchab7/status/2096155176960938408,ko,False,2026-09-07 00:08:30,한국,
2095259097616511464,meitu,"난 이 순간부터 virgin
이 내 가슴부터 virgin https://t.co/mxX1L1TTIW",Wed Sep 02 21:14:31 +0000 2026,1918552963280453633,Meitu,erichfruehling,102,4,0,0,https://x.com/erichfruehling/status/2095259097616511464,ko,False,2026-09-07 00:08:09,한국,https://pbs.twimg.com/tweet_video_thumb/HRPa_tBagAAp2q8.jpg
2095085419256037703,meitu,"#메이투 #meitu 보정

저장하실 때 맘찍..💓 하나쯤 부탁드려요 아가씨덜..🥺💗💕💋",Wed Sep 02 09:44:23 +0000 2026,1981772050990772224,해민,haeminzzi,316,0,0,0,https://x.com/haeminzzi/status/2095085419256037703,ko,False,2026-09-07 00:08:09,한국,
2094737576334659667,meitu,"- 끄라비 사진에 대해 -
🌊 색감은 조금 보정했어요. 많이 하지는 않았어요.
: 메이투(Meitu)는 안 썼죠?
🌊 썼어요! 그런데 근육은 보정하지 않았어요. 사실 메이투가 제일 좋은 앱인 것 같아요. 광고나 홍보하려고 하는 말이 아니고요. 기능도 다 있고 사용하기도 편해요. 피부가 매끈해 보이도록 보정했어요.
https://t.co/AaFM5SrwWi https://t.co/AaFM5SrwWi",Tue Sep 01 10:42:11 +0000 2026,1642622032293552129,LoveZeeNuNewLove,ZeeNuNew486,2272,35,6,0,https://x.com/ZeeNuNew486/status/2094737576334659667,ko,False,2026-09-07 00:08:09,한국,
2094337766733807700,meitu,"1. 일단 타오바오는 그냥 타오바오 치면 나옵니다! 개인정보 괜찮으시다면 까셔서 회원가입 다 해주세용

2. 검색창에 ""meitu svp""라고 치고 저렇게 생긴 걸루 들어가주세용

3. 오른쪽 아래에 진한 주황색이 구매 버튼입니당 https://t.co/H8swlnAOHH",Mon Aug 31 08:13:29 +0000 2026,1981772050990772224,해민,haeminzzi,5829,2,1,1,https://x.com/haeminzzi/status/2094337766733807700,ko,False,2026-09-07 00:08:09,한국,https://pbs.twimg.com/media/HRCVGJVbMAA6YDA.jpg
2094043481488679200,meitu,@cigarettes_0280 비법소스는~~~ Meitu👍,Sun Aug 30 12:44:06 +0000 2026,2079845569766547456,짜부,xavnu,54,1,0,0,https://x.com/xavnu/status/2094043481488679200,ko,False,2026-09-07 00:08:09,한국,
2092160048491565223,meitu,"하면 할 수록 더 어려운 보정!
중국언니들 보면 정말 캐릭터 같은 보정 잘하는데 내가 보정하면 뭔가 이상해지는거 같은 기분🥹

저같은 사람들을 위해 나온 보정 어플 Picchi✨

[Creater DNA]
Creater DNA에서 제공되는 프리셋만 적용하면 우리가 원하는 캐릭터 같은 코스프레 보정이 완료 된다구요😳

[Style DNA]
그리고 나만의 보정법이 있는데 일일이 다 보정하기 너무 힘들고 귀찮다면 Style DNA로 한번에 보정 가능😆

이제 다들 보정 어렵게 시간 오래 걸리게 하지 말구 Picchi 쉽고 빠르게 하쟈💕

#picchi #meitu #CreaterDNA #StyleDNA #Picchimagic",Tue Aug 25 08:00:00 +0000 2026,1661409971719016451,マヨネーズ_마요네즈,_mayomayoneze,6113,158,14,6,https://x.com/_mayomayoneze/status/2092160048491565223,ko,False,2026-09-07 00:08:09,한국,https://pbs.twimg.com/media/HQiaj9sawAA9Xd4.jpg
2091920819526242337,meitu,Meitu 플래시 기능을 써봤어요 https://t.co/QN7oUiPDRo,Mon Aug 24 16:09:24 +0000 2026,1937150700263555072,cos꽁,wiggle167,1565,52,1,1,https://x.com/wiggle167/status/2091920819526242337,ko,False,2026-09-07 00:08:09,한국,https://pbs.twimg.com/media/HQf-5cSbQAAWiSx.jpg
2089279755405476082,meitu,"2. Meitu svip 검색하기
1년치 파는 곳에서 구매하고 싶어서 이분 가게에서 30일꺼 먼저 결제함 https://t.co/fYcBM84oLV",Mon Aug 17 09:14:45 +0000 2026,1910207491939676161,쥐돌이,jwidori_,13025,22,1,1,https://x.com/jwidori_/status/2089279755405476082,ko,False,2026-09-07 00:08:09,한국,https://pbs.twimg.com/media/HP6c3DWbcAAg7gD.jpg
2088888309301067926,meitu,"요새 유행 중인 Picchi 써봤다~! 👀✨

사진 분위기를 이렇게 바꿔볼 수 있다길래 직접 해봤는데, 원본이랑 비교해보는 재미가 꽤 있더라구요 🤍

#Picchi #meitu #CreatorDNA #StyleDNA #PicchiMagic https://t.co/8ImkiAGhwS",Sun Aug 16 07:19:17 +0000 2026,1734732584238915584,MAGATA 마가타 | FF47 8.21-23 COSMIX,MagatA_8,4253,103,10,1,https://x.com/MagatA_8/status/2088888309301067926,ko,False,2026-09-07 00:08:09,한국,https://pbs.twimg.com/media/HP041EwakAAR7xv.jpg
2088647727563645180,meitu,"Meitu와 BeautyCam을 만든 곳에서 출시한 나만의 전속 보정 스타일리스트 앱 Picchi 🧬

✨ Picchi의 핵심기능 [ Creator DNA ]✨
✔️ 다양한 종류의 모델의 피부 질감과 골격, 조명등을 완벽하게 이식해주는 원탭 기능
✔️ 원클릭으로 최대 18장까지 빠르게 보정할 수 있는 일괄보정 기능

🌟 Picchi의 편의기능 [ Style DNA ] 🌟
✔️ 나의 보정 스타일을 학습시켜 나만의 보정 커스텀을 만들 수 있는 기능. 
✔️ 멀티 모델 지원으로 보정 상황에 맞춘 각각의 스타일로 다채로우면서도 일관된 보정 스타일 

나만의 전속 보정사 @picchi_ai 와 함께 우리 모두 빠르고 편하게 보정해요💕

#Picchi #meitu #CreatorDNA #StyleDNA #PicchiMagic

(Picchi의 유료 광고를 포함하고 있습니다)",Sat Aug 15 15:23:18 +0000 2026,1219666623163850752,하비닝 habining 夏冰 🍅,habin_ning,2275,38,3,1,https://x.com/habin_ning/status/2088647727563645180,ko,False,2026-09-07 00:08:09,한국,https://pbs.twimg.com/media/HPxeB17a0AECaOX.jpg
2088628860619530605,meitu,"번거롭고 어려운 코스프레 보정, 매번 고민 많으셨죠? 🥹
이제 Picchi 어플로 훨씬 쉽고 간편하게 해결해보세요! ❤️

복잡한 보정 과정을 하나하나 직접 하지 않아도, 준비되어 있는 프리셋 시스템을 활용하면 누구나 손쉽게 원하는 느낌의 보정이 가능하답니다✨
보정이 익숙하지 않은 초보자도 편리하게 사용할 수 있고, 시간은 줄이면서 결과물의 퀄리티는 더욱 예쁘게!

코스프레 사진 보정이 막막하게 느껴졌다면,
이제 Picchi와 함께 간편하게 완성해보세요💕

#Picchi #meitu #CreatorDNA #StyleDNA #PicchiMagic",Sat Aug 15 14:08:19 +0000 2026,866549134458724352,카에/Kae,Kae_0402,5621,166,9,2,https://x.com/Kae_0402/status/2088628860619530605,ko,False,2026-09-07 00:08:09,한국,https://pbs.twimg.com/media/HPxM369aMAAflIq.jpg
2088597243792413049,meitu,"#광고 Meitu에서 새로 나온 사진 편집 앱 Picchi 써봤어요📸

행사 한 번 다녀오면 보정할 사진 잔뜩 쌓이는 코스어라면 필수…🥹

차이 보시라고 기본캠 원본 공개합니다🫪
 
⬆️원본　
⬇️Picchi

#Picchi #meitu #CreatorDNA #StyleDNA #PicchiMagic https://t.co/vAwgKB1APA",Sat Aug 15 12:02:41 +0000 2026,919158403313819648,소코아/CoA,_coa_cos,1540,21,3,1,https://x.com/_coa_cos/status/2088597243792413049,ko,False,2026-09-07 00:08:09,한국,https://pbs.twimg.com/media/HPwwHmYawAAnMWg.jpg
2088581473704288343,meitu,"BeautyCam, Meitu 회사에서 새로 출시한 코스프레 전용 보정 어플 Picchi를 소개합니다💫

✅Creater DNA 
원터치로 자신이 원하는 프리셋을 적용시켜 보정할 수 있어요

✅Style DNA
자신의 보정 방식을 학습시켜 나만의 프리셋을 만들 수 있어요
#Picchi #meitu #CreatorDNA #StyleDNA #PicchiMagic https://t.co/ZSoWkqnAT5",Sat Aug 15 11:00:01 +0000 2026,1668964021113073665,송후,songhu_cos1,2283,32,13,1,https://x.com/songhu_cos1/status/2088581473704288343,ko,False,2026-09-07 00:08:09,한국,https://pbs.twimg.com/media/HPwhlkib0AA1591.jpg
2088224504170549307,meitu,"사용방법은 이 영상을 참고해주세요♡

#Picchi #meitu #CreatorDNA #StyleDNA #PicchiMagic https://t.co/o30PIvbZEV",Fri Aug 14 11:21:33 +0000 2026,1758796983614263296,꒰১KUMA魔王໒꒱,kumachosuki,755,5,0,0,https://x.com/kumachosuki/status/2088224504170549307,ko,False,2026-09-07 00:08:09,한국,
2088224412952854686,meitu,"#광고 코스어의 필수 어플! Meitu에서 출시한 새로운 보정어플 「Picchi」가 출시됐어요!

🎨 Creator DNA
• 귀찮은 보정 과정 없이 자연스럽고 완벽한 퀄리티를 완성해 줍니다.

🧬 Style DNA
• 어플이 내 보정 스타일을 완벽하게 분석해서 나만의 자동 프리셋을 뚝딱 만들어 줍니다!

자세한 사용법과 후기는 영상으로 남겨둘게요

#Picchi #meitu #CreatorDNA #StyleDNA #PicchiMagic",Fri Aug 14 11:21:12 +0000 2026,1758796983614263296,꒰১KUMA魔王໒꒱,kumachosuki,2853,45,7,1,https://x.com/kumachosuki/status/2088224412952854686,ko,False,2026-09-07 00:08:09,한국,https://pbs.twimg.com/media/HPrdCETaQAArPf7.jpg
2088222345626595742,meitu,"(광고) Meitu 회사에서 새롭게 개발한 트렌디한 사진 스타일리스트 #Picchi 를  소개합니다 📸✨
원클릭으러 피부 질감과 색감을 맞춰주고 최대 18장까지 일괄 보정해 주는 Creator DNA부터, 내 보정 스타일을 학습해 나만의 보정 템플릿을 만들어주는 Style DNA까지!
이번에 사용해보면서 저는 너무너무 맘에 들었어서, 이렇게 보정했던 사진을 먼저 선보이기도 했었답니다!
사진 보정 스트레스 받는 분들은 꼭 PICCHI 사용해보세요 💕
 #meitu #CreatorDNA #StyleDNA #PicchiMagic",Fri Aug 14 11:12:59 +0000 2026,1451073432,루아(RUA/露雅)🍀,Ru_a09,6435,138,10,1,https://x.com/Ru_a09/status/2088222345626595742,ko,False,2026-09-07 00:08:09,한국,https://pbs.twimg.com/media/HPrbIVkbwAAJOzr.jpg
2088221145950732486,meitu,#광고 집에서 찍은 어두워서 아쉬웠던 사진 Meitu 플래시 기능 써서 살렸어요😭💖 #메이투 #플래시 https://t.co/fCVHRyUwMH,Fri Aug 14 11:08:13 +0000 2026,1271724920871858176,두두,dddd_9999_,5878,65,27,9,https://x.com/dddd_9999_/status/2088221145950732486,ko,False,2026-09-07 00:08:09,한국,https://pbs.twimg.com/media/HPraDWJaoAAWy8k.jpg
2087858145142218848,meitu,"보정 어플 Picchi를 소개시켜드립니다✨️
여러장 보정해야할때, 빠르게 고퀄리티 보정을 원할때 이젠 Picchi @picchi_ai 어플 하나로 고민끝!
기본프리셋뿐만 아니라 평소 내 보정법을 학습시킨 프리셋을 제작가능한점이 정말 좋아요🫶

#Picchi #meitu #CreatorDNA #StyleDNA #PicchiMagic #광고 https://t.co/26yjRVdzmC",Thu Aug 13 11:05:46 +0000 2026,930043444109615105,💖하봄 ハボミ Habom💖,cos_habom,4181,78,14,3,https://x.com/cos_habom/status/2087858145142218848,ko,False,2026-09-07 00:08:09,한국,https://pbs.twimg.com/media/HPmP5csbwAAlQcV.jpg
2087541134730096654,meitu,"안녕하세요 ! 수달쿤들 오랜만에 인사드려요 🖤

오랜만에 복귀하니 퇴물코스어 이수쨩은 보정 트랜드 따라가기도 힘들고 . . . 
왜 내가 하면 이 느낌이 안나지 ? 하면서 고민하던 차에
“Picchi ”라는 어플을 사용해보게 되었습니다 ♪

사진을 대량으로 넣어도 일정하게 빠르게 되니까 엄청나게 시간 절약이 되...☆
심지어 보정이 강하지 않게 조절도 되는게 킥입니다..
저같은 현생 바쁨이 코스어들은 당장 쓰도록하세요 ‼️

사용 방식은 타래로 ▼

#Picchi #meitu #CreatorDNA #StyleDNA #PicchiMagic",Wed Aug 12 14:06:05 +0000 2026,1500395785275396098,이수 @C108,Leesu_cos,3786,56,3,2,https://x.com/Leesu_cos/status/2087541134730096654,ko,False,2026-09-07 00:08:09,한국,https://pbs.twimg.com/media/HPhvmDwaMAA7Lu9.jpg
2087494881153626248,meitu,"Meitu 회사에서 코스프레 전용 보정앱 ✨Picchi✨를 출시했어요!! 

🎀Creater DNA 
예쁜 중티스타일 보정,터치 하나로 최대 18장을 바로 할 수 있어요!

🎀Style DNA
내가 평소에하는 보정 스타일 그대로 보정해주는 나만의 전용 보정작가!

#Picchi #meitu #CreatorDNA #StyleDNA #PicchiMagic #광고 https://t.co/D9cfQXeIuG",Wed Aug 12 11:02:18 +0000 2026,1938393856669880320,해쵸,haecho_cs,5928,94,7,2,https://x.com/haecho_cs/status/2087494881153626248,ko,False,2026-09-07 00:08:09,한국,https://pbs.twimg.com/media/HPhFhK2a4AAluMJ.jpg
2087023834406986185,meitu,"여름에 쓰기 딱 인 핀터레스트 깔 보정법🌿💚💚
햇빛 없는 날도 필터로 입히면 끝 !🪄☀️
댓글에 보정 방법 적어둘게요!👇🏻 https://t.co/4pmfVJCNxK",Tue Aug 11 03:50:31 +0000 2026,998523884423995400,Meitu 메이투 (official),meitu_kr,1900,1,0,1,https://x.com/meitu_kr/status/2087023834406986185,ko,False,2026-09-07 00:08:09,한국,https://pbs.twimg.com/media/HPaY-8WbIAAYSWj.jpg
2086791573686378530,meitu,"사용 방법은 영상에 자세히 나와있어요~ 😍💕
보정의 늪에 빠진 코스어들 강추입니다😏😏👍

#Picchi #meitu #CreatorDNA #StyleDNA #PicchiMagic 💕 https://t.co/cnV47laUM8",Mon Aug 10 12:27:36 +0000 2026,2950463113,YAMi小瓀,907x109,956,10,1,0,https://x.com/907x109/status/2086791573686378530,ko,False,2026-09-07 00:08:09,한국,
2086790768673665252,meitu,"보정 귀차니즘 코스어 추천✨
코스프레 전용 보정 어플 Picchi가 출시 되었어요💕

▶Creater DNA 
요즘 핫한 중티 보정을 할 수 있고, 

▶Style DNA
내 사진을 이용해 버튼 한번만 누르면, 자동으로 나만의 프리셋을 만들어서 보정이 가능해요!

#Picchi #meitu #CreatorDNA #StyleDNA #PicchiMagic https://t.co/JGENKQB23k",Mon Aug 10 12:24:24 +0000 2026,2950463113,YAMi小瓀,907x109,6889,72,8,3,https://x.com/907x109/status/2086790768673665252,ko,False,2026-09-07 00:08:09,한국,https://pbs.twimg.com/media/HPXFJAEaEAALgcK.jpg
2086688560418324596,meitu,"코스보정에 meitu 자주 썼는데 

같은 회사에서 더 신박한 보정어플 나왔어요😍

Ai가 코스사진 알아서 보정해줘요... 딸깍하고 기다리면 내가 원하는 스타일로 보정이 끝나요 

플레이스토어랑 앱스토어에서 picchi 검색하면 다운가능❗️

#Picchi #meitu #CreatorDNA #StyleDNA #PicchiMagic #광고 https://t.co/QpHlelmhA5",Mon Aug 10 05:38:16 +0000 2026,1169636411495960576,レン Reng,reng_2_,10194,113,12,1,https://x.com/reng_2_/status/2086688560418324596,ko,False,2026-09-07 00:08:09,한국,https://pbs.twimg.com/media/HPVoLvlaUAAR6Zd.jpg
2086652582379008300,meitu,"BeautyCam과 Meitu로 유명한 회사에서 새로운 편집 앱 「Picchi」가 출시됐어요! ✨

⭐️ Creator DNA
AI가 크리에이터의 감성에 맞춰 피부·조명·얼굴 밸런스까지 한 번에 보정해줘요.
최대 18장까지 한 번에 일괄 보정할 수 있어서 시간 절약에도 딱! 

⭐️ Style DNA
내가 직접 보정한 전/후 사진을 학습시키면, 나만의 보정 스타일을 분석해서 원하는 느낌으로 보정해줘요.
내 스타일에 맞는 나만의 프리셋을 만드는 느낌!

보정이 어렵거나, 보정할 사진이 너무 많아서 늘 쌓아두는 코스어분들께 완전 추천합니다👍

#Picchi #meitu #CreatorDNA #StyleDNA #PicchiMagic #광고",Mon Aug 10 03:15:18 +0000 2026,1597552466614448128,종야,jongya_cos,9879,137,9,2,https://x.com/jongya_cos/status/2086652582379008300,ko,False,2026-09-07 00:08:09,한국,https://pbs.twimg.com/media/HPVHcIIa4AAJX7_.jpg
2086306577129324769,meitu,"#광고 Meitu 회사에서 새로운 보정 어플리케이션 「Picchi」가 출시됐어요!!
이번에 써보니까 복잡한 보정 단계를 거칠 필요 없이 한번에 보정이 가능해서 너무 편리하더라구요🩷

★ Creater DNA 기능에서는 코스프레 전용 ai보정 기능을 통해서 필터 적용 한번에 피부, 리퀴, 몸매, 머리카락 정리가 가능!!
★ Style DNA 기능에서는 보정 전후 사진을 넣으면 내가 평소에 보정하는 스타일을 분석해서 그 스타일대로 보정이 적용돼요✨️

자세한 사용법은 영상으로 확인해 주세요!

(사진은 Creater DNA - 내추럴 코스 필터를 적용한 모습입니다)
#Picchi #meitu #CreatorDNA #StyleDNA #PicchiMagic",Sun Aug 09 04:20:24 +0000 2026,1251872692422111233,MELTA 멜타,meltingmelta,5373,54,5,1,https://x.com/meltingmelta/status/2086306577129324769,ko,False,2026-09-07 00:08:09,한국,https://pbs.twimg.com/media/HPQMw5hbwAAoB9z.jpg
2086071379720548785,meitu,"BeautyCam과 Meitu로 유명한 회사에서 새로운 편집 앱 「Picchi」가 출시됐어요! ✨

✨ Creator DNA
제공되는 프리셋을 이용해서 한 번에 최대 18장까지 일괄 편집이 가능해서 여러 장의 사진도 빠르게 보정할 수 있어요!

🎨 Style DNA
내가 좋아하는 보정 스타일을 직접 학습시켜 프리셋을 만들 수 있어요

보정이 서툴거나, 너무 많아서 쌓여버린 코스어들에게 완전 추천👍

#Picchi #meitu #CreatorDNA #StyleDNA #PicchiMagic #광고",Sat Aug 08 12:45:48 +0000 2026,1596325218167164929,미우뮤 miumyu,miumyu_cosplay,9552,266,19,1,https://x.com/miumyu_cosplay/status/2086071379720548785,ko,False,2026-09-07 00:08:09,한국,https://pbs.twimg.com/media/HPM23ACacAA9ORV.jpg
2085593103021547816,meitu,"⭐◞˚ₓ 💌 ✧.*.   Ი𐑼⋆݁  ไอเลิฟ meitu ㅠㅠ

#TheOtherSideInBKK_D1
#MarkTuan_TheOtherSide_BKK
#MarkTuan #段宜恩 https://t.co/XiQuM5oGqU",Fri Aug 07 05:05:18 +0000 2026,146535680,🍀: 𝗺𝗼𝗼𝘆𝘂𝗶𝗶 : Ი𐑼⋆♡˒˒,Beliaveinlove,2998,164,101,1,https://x.com/Beliaveinlove/status/2085593103021547816,ko,False,2026-09-07 00:08:09,한국,https://pbs.twimg.com/media/HPGD3oeaQAA4S_3.jpg
2085305950357827635,meitu,"보정 대량으로 빠르게 하고 싶은 코스어 주목!!!!💫
요즘 중티보정으로 이 어플 핫하죠🥺

BeautyCam이랑 Meitu 만든 회사에서 코스프레 전용 보정 어플 "" Picchi "" 입니다✨

드디어 핸드폰으로 대량 보정 가능!!😭
자연스러운 피부 질감 보정까지 완전 가능함.. 피부 뭉개짐 없이 결 살아있는 거 실화냐구요💖

처음에 본인 보정 전 후 사진만 등록하면 알잘딱깔센 내 보정 스타일대로 보정해주는 기능도🥺

코스어분들 이거 쓰고 예쁜 사진 빠르게 많이 업로드 해주기로 약속..😘😘

#Picchi #meitu #CreatorDNA #StyleDNA #PicchiMagic",Thu Aug 06 10:04:16 +0000 2026,1780594745586368512,이신Shin,cos_sinn2,34844,386,77,3,https://x.com/cos_sinn2/status/2085305950357827635,ko,False,2026-09-07 00:08:09,한국,https://pbs.twimg.com/media/HPB-s45aYAAwvJt.jpg
2083804635375313071,meitu,"&lt; 공주들이 많이 물어봐주신 필터 정보 &gt;

📸 Meitu(메이투) - Ricoh 

·̩͙. ᘏ▸◂ᘏ .·̩͙ 
 ꒰ ⸝⸝ɞ̴̶̷ ·̮ ɞ̴̶̷⸝⸝꒱
*ଘ_("")(""）┈♡ﾞ

@nohgusco323 팔로우하고 더 많은 뷰티 정보와 꿀팁 얻어가셔요~🫶🏻✨ https://t.co/hP5mAeO0qt",Sun Aug 02 06:38:34 +0000 2026,2012717239154434048,현채,nohgusco323,12277,84,33,8,https://x.com/nohgusco323/status/2083804635375313071,ko,False,2026-09-07 00:08:09,한국,https://pbs.twimg.com/media/HOspPBoaoAAuGtx.jpg
2081029028191023435,meitu,얼굴 구라같다 틱톡 Meitu 보정 개빡씨게 돌려도 이 얼굴안나와…. https://t.co/9K1PjR9qSL,Sat Jul 25 14:49:18 +0000 2026,1975086019843330048,중절모,wawabooo,605,21,0,0,https://x.com/wawabooo/status/2081029028191023435,ko,False,2026-09-07 00:08:09,한국,https://pbs.twimg.com/media/HOFM3qxbwAEeDH-.jpg
2080128983354802380,meitu,"⚠️meitu ai image

오랜만에 메이투도 했는데 기억조작짤 나옴
분대장님이랑 데이트하기 https://t.co/jbNoGyiThB",Thu Jul 23 03:12:51 +0000 2026,1948224827497857024,최명혜,_choi_light,1285,54,2,2,https://x.com/_choi_light/status/2080128983354802380,ko,False,2026-09-07 00:08:09,한국,https://pbs.twimg.com/media/HN4aQwHaYAAJcxK.jpg
2071266404897104249,meitu,"1. 어도비포토샵
2. 이보토
3. Meitu

입니다 !  https://t.co/Dause5rIV5",Sun Jun 28 16:16:07 +0000 2026,1897999364918067205,밈먀,mimmya030,826,27,0,1,https://x.com/mimmya030/status/2071266404897104249,ko,False,2026-09-07 00:08:09,한국,
2070494041222127717,meitu,"★인스타90만 만들어준 사진 보정법📸

유튜브에서 한 인플루언서가
인스타그램 피드 사진에 실제로 쓰는
카메라와 보정 앱을 정리한 영상을 봄.

① 카메라별 특징
Canon G7X Mark3 (메인 카메라)
1) 인스타 피드 80% 담당
2) 내장 플래시 켜고 찍으면 더 예쁘게 나옴
3) 채도 -2 정도로 낮추면 무드 있는 
     분위기 연출
4) 현재 품귀 현상, 가격 계속 오르는 중

Canon IXUS 310 (빈티지 감성)
1) 어두운 환경에서 더 좋은 결과물
2) 빈티지하고 무드 있는 사진 원할 때 사용
3) 가격 계속 오르는 추세

아이폰 XS
1) 맑은 날 셀카에 최적화
2) 자연광에서 치트키 같은 결과물

아이폰 17 Pro
1) 광각 촬영 위주로 활용

② 보정 앱 사용법
Meitu (메인 보정)
1) 오토 뷰티 → 밀키톤 소량만 
    (과하면 어색함)
2) 이마 살짝 줄이기 
    (배경 왜곡 안 생기는 선까지만)
3) 볼륨 기능: 얼굴에 은은한 조명 효과
   - 이 기능 때문에 유료 구독한다고 함
4) 블러셔·쉐딩·하이라이트 소량 추가
5) 템플릿 저장 기능으로 같은 날 사진 일괄 적용

Epic
1) 머릿결 수정할 때 사용
2) 2컷·4컷 레이아웃 편집

filmhwa (핵심 앱)
1) 거의 모든 사진에 한 번씩 사용
2) 자주 쓰는 필터:
   - HongKong2: 얼굴 밝아 보이는 효과, 
      30% 강도 추천
   - Doll: 소프트하고 몽환적인 분위기
   - 6s: 아이폰 6s처럼 어둡고 헤이즈한 느낌
   - Glow1·Glow2: 글로우 효과
   - Digital2: 디지캠 느낌, 바디 풀샷에 적합
   - B&W: 흑백 사진에 활용

이 앱들 없이는 인스타를 못 할 정도로
filmhwa가 가장 핵심이라고 함. 🥺

※ 보정은 배경이 왜곡되지 않는 선까지만
자연스럽게 유지하는 것이 포인트라고.",Fri Jun 26 13:07:02 +0000 2026,1683375355091120128,청산의달인,jk_sats,156465,1930,499,2,https://x.com/jk_sats/status/2070494041222127717,ko,False,2026-09-07 00:08:09,한국,https://pbs.twimg.com/media/HLveh3gawAApjnd.jpg
2069663056599433596,meitu,"#상반기코스모음 📸
(저도 해보고 싶어서 미루고 미루다 드디어 모아봅니다..🫣)
​라고 하기엔 왼얼사 모음집이 됐네요?!😂
​📌 (※ 6번 사진은 meitu ai입니다.
셀카가 실종 됐어요...🥹※)📌 https://t.co/qeBuDBxi2L",Wed Jun 24 06:04:59 +0000 2026,1838232974535639040,𝔂낭니𝓾,na_ni_us,1118,57,3,0,https://x.com/na_ni_us/status/2069663056599433596,ko,False,2026-09-07 00:08:09,한국,https://pbs.twimg.com/media/HLjrkgqaAAAttbp.jpg
2064729101441839577,meitu,자주 쓰는 Meitu 보정법~ (유자님께서 알려주신 보정법인데 제가 몰래 공개합니다 소근소근) https://t.co/lcvVB7Oohm,Wed Jun 10 15:19:13 +0000 2026,1965767450,센터,loria0404,1214,14,3,1,https://x.com/loria0404/status/2064729101441839577,ko,False,2026-09-07 00:08:09,한국,https://pbs.twimg.com/media/HKdkLRwbQAE3DmO.jpg
2064728773417943071,meitu,"뜬금없이 인형 사진 찍는 법 공개~
1. 무조건 3배율로 찍기~
2. 보정 어플은 Meitu 추천합니댜~
3. 요래조래 보정하고 프레임도 씌워보기~
4. 완성~! https://t.co/2frQFPgmNZ",Wed Jun 10 15:17:55 +0000 2026,1965767450,센터,loria0404,3800,71,14,3,https://x.com/loria0404/status/2064728773417943071,ko,False,2026-09-07 00:08:09,한국,https://pbs.twimg.com/media/HKdj4I5b0AA8tcb.jpg
2063749321754054812,meitu,@____moncherie @hellomariiiii meitu 이거요. 저는 유료결제해서 좀더 다양하게 쓰구있어요😊,Sun Jun 07 22:25:55 +0000 2026,769128362,준예🍎🍏,zzjunye,57,3,0,1,https://x.com/zzjunye/status/2063749321754054812,ko,False,2026-09-07 00:08:09,한국,
2062806748508135456,meitu,"#메이투 가 최애랑 하트샷 찍는 법 가져왔어요..💗
프롬프트 없이 얼굴 잘 나온 사진이면 가능!!

(이목구비 잘 나온 사진이나 셀카 추천꙳₊⁺⋆🪄)

📍메이투 앱&gt;트렌드로 바로 들어가기
                                or
📍메이투 앱&gt;사진&gt;AI 효과&gt;밀착 투샷
    
     무료로 3번 가능 ˗ˏˋ★ˎˊ https://t.co/oCqBMfzvf6",Fri Jun 05 08:00:28 +0000 2026,998523884423995400,Meitu 메이투 (official),meitu_kr,2893,6,2,0,https://x.com/meitu_kr/status/2062806748508135456,ko,False,2026-09-07 00:08:09,한국,https://pbs.twimg.com/media/HKCPwCrbMAAktb7.jpg
2062540301320016347,meitu,"【Meitu AI효과 사용】
뭔가 철푸덕 귀엽다..(* ´ ▽ ` *) https://t.co/PZZKIkTIbf",Thu Jun 04 14:21:42 +0000 2026,1543824063176781824,레노키,renoki_dr,663,40,1,1,https://x.com/renoki_dr/status/2062540301320016347,ko,False,2026-09-07 00:08:09,한국,https://pbs.twimg.com/media/HJ-deXIbIAAkSj-.jpg
2062304812688138430,meitu,"⚠️ meitu ai image

미친거아냐 이거
너무귀여워
나말고
나말고
위에 생긴 피규어가 인형이 진짜 굿즈같고 귀여윰 https://t.co/v4bmazwxbn",Wed Jun 03 22:45:57 +0000 2026,1948224827497857024,최명혜,_choi_light,679,13,0,3,https://x.com/_choi_light/status/2062304812688138430,ko,False,2026-09-07 00:08:09,한국,https://pbs.twimg.com/media/HJ7HSxtacAAiKvm.jpg
2062075769195827537,meitu,"방송 카메라가 아니라
Meitu 보정 100의 얼굴이겠지
거짓말 하지마 https://t.co/VaG4KJaWIT",Wed Jun 03 07:35:49 +0000 2026,1922009616738885632,🥧,102suy,1226475,4322,46,0,https://x.com/102suy/status/2062075769195827537,ko,False,2026-09-07 00:08:09,한국,https://pbs.twimg.com/media/HJ32-yOa4AAgQlb.jpg
2058802902597321109,meitu,Meitu 사용법을 잘 모르겠... VIP 를 구매했지만... 🥲 https://t.co/gfjwyVZIap,Mon May 25 06:50:37 +0000 2026,1848699207206772736,レオ,ppippi_Leo,502,8,0,0,https://x.com/ppippi_Leo/status/2058802902597321109,ko,False,2026-09-07 00:08:09,한국,https://pbs.twimg.com/media/HJJWUu3bMAAW8R1.jpg
2058508164119843254,meitu,집와서 사진첩켰는데 너무못생긴사람있어서 깜짝놀라가지고 바로 meitu,Sun May 24 11:19:26 +0000 2026,1887073223558463488,벼리,g1vemepann,219,2,0,1,https://x.com/g1vemepann/status/2058508164119843254,ko,False,2026-09-07 00:08:09,한국,
2054183326962028915,meitu,"헤 재밋다 meitu
왜잉지 모르겟지만 하나는 남돌로나옴 ㅋㅋ https://t.co/SjVAyV3eIg",Tue May 12 12:54:04 +0000 2026,1721485810976129024,Q.Q.Q,qqq_3_thanks,129,4,0,0,https://x.com/qqq_3_thanks/status/2054183326962028915,ko,False,2026-09-07 00:08:09,한국,https://pbs.twimg.com/media/HIHs2X3bcAAFB6V.jpg
2049406630958346372,meitu,"중국 앱들 스플래시 광고에 희승이 SIMCARE 광고 나오기 시작했다고 .ᐟ

12306铁路 (중국철도청 공식앱)부터 
WeChat, meitu, douban, capcut, baidu map, hypic, netease music, hivebox, cece, baiduyun, k-drama tv, qishui music, zyh365, 
yixiaoyuan, kuaidui ..

#희승 #EVAN #EVANxSIMCARE https://t.co/HlzlbikkUv",Wed Apr 29 08:33:11 +0000 2026,1316601986922414080,바이승,by_seung,15624,480,155,0,https://x.com/by_seung/status/2049406630958346372,ko,False,2026-09-07 00:08:09,한국,https://pbs.twimg.com/media/HHD0dgvawAAu2ci.jpg
2046718718487740869,meitu,"립우가 meitu 라는걸 알까..?
모르겟지. 얼마나 씹존예인 아인데...
아이폰 기카밖에 모르는 아이임 https://t.co/lQYKLYPthv",Tue Apr 21 22:32:23 +0000 2026,2031095194591047680,꾀 .ᐟ.ᐟ,kkoe__,1020,24,5,0,https://x.com/kkoe__/status/2046718718487740869,ko,False,2026-09-07 00:08:09,한국,https://pbs.twimg.com/media/HGdn04hbwAAIRjB.jpg
2041843746422305104,meitu,@ws_sea_dOll 우왓 서해님!! 제 솜사진을 예쁘게 봐주셨다니... 너무나 감사드릴 따름이에요... 🫶🏻 저는 '메이투(Meitu)'라는 보정앱을 이용하고 있어요 (*＞∇＜)ﾉ❤️ 요기서 필터로 색감이나 느낌 조정하구 브러쉬나 스티커 쇽쇽 붙이면서 꾸미기만 해도 사진 느낌이 확 달라지더라구요!! 완전 추천합니당!! 🫶🏻❤️ https://t.co/k1FzMBRqXL,Wed Apr 08 11:40:59 +0000 2026,1925601707721175040,마루웅 🍀٩(ˊᗜˋ*)و,ciel_phant0m,819,5,1,1,https://x.com/ciel_phant0m/status/2041843746422305104,ko,False,2026-09-07 00:08:09,한국,https://pbs.twimg.com/media/HFYWEQTa8AEJ1C4.jpg
2040695582176796839,meitu,"벚꽃촬
📸 : @ meitu https://t.co/dd97KoNkuk",Sun Apr 05 07:38:35 +0000 2026,1835653656609525760,하마코토(hamakoto),Hamakoto0507,2417,155,14,4,https://x.com/Hamakoto0507/status/2040695582176796839,ko,False,2026-09-07 00:08:09,한국,https://pbs.twimg.com/media/HFIB0CNakAAvHH1.jpg
2095178707178815553,메이투,@gagameru2n 메이투 플래시 기능 진짜 미챳서요!!!!,Wed Sep 02 15:55:04 +0000 2026,1962341770936963073,海,k1nokoteik0ku,59,0,0,1,https://x.com/k1nokoteik0ku/status/2095178707178815553,ko,False,2026-09-03 00:08:14,한국,
2095174623486951646,메이투,"메이투 프리미엄 1년치 결제하는거 기준 타바 88vip 혜택 쓰면 더 괜찮나용...
기준 충족은 진작에 하기도 했고 타바 자주 써서 살짝 고민중이었는데 메이투쪽에서 할인 많이 된다 하면 쓰려구요",Wed Sep 02 15:38:51 +0000 2026,2079811680675221504,로에,a__1oe,77,0,0,0,https://x.com/a__1oe/status/2095174623486951646,ko,False,2026-09-03 00:08:14,한국,
2095161866733695060,메이투,@P_SAKI_ 메이투 같은거로 머리 스타일 바꾸기 함 돌려봐바,Wed Sep 02 14:48:09 +0000 2026,2038316221712449536,H³🫧,hxxxi_3,24,0,0,1,https://x.com/hxxxi_3/status/2095161866733695060,ko,False,2026-09-03 00:08:14,한국,
2095155515877912862,메이투,"메이투 보정칠을 해놔서 
기분 나쁘기도 전에
우습구. 유치해.",Wed Sep 02 14:22:55 +0000 2026,1938190375224770560,ೀ.. ⋆ ˚스낵랩 ྀི 𓈒 ๋𓏲 ⊹ ₊˚,snacklabisback,309,0,0,0,https://x.com/snacklabisback/status/2095155515877912862,ko,False,2026-09-03 00:08:14,한국,
2095140923126780220,메이투,"@luina_77 저도 메이투 유료 + 갤럭시 쓰다가
온갖 방법 시키는 대로 해봤지만
용량 저하된 사진 그대로 쓰고 있습니다 
아이폰은 UI에 차이가 있던데 끄엉ㅜㅜ",Wed Sep 02 13:24:56 +0000 2026,1898309966886563840,"잉우 / 9부만축 토,일",ing_woo_,204,0,0,1,https://x.com/ing_woo_/status/2095140923126780220,ko,False,2026-09-03 00:08:14,한국,
2095139920696463393,메이투,"뭔가 포토샵 공부하고 싶은데 컴퓨터 너무 구려서 최신버전 안돌아가고 레이어 몇개 쌓이면 다운됨. 
아이패드로 라이트룸은 잘 돌아가는데 모바일용 포토샵이 너무 구려서 사용하기 시름. 
메이투 유료구독할까…",Wed Sep 02 13:20:57 +0000 2026,1586623200519036928,코레쟈나이,hhs105,155,4,0,1,https://x.com/hhs105/status/2095139920696463393,ko,False,2026-09-03 00:08:14,한국,
2095131456331022559,메이투,"@chia0_O 메이투 아니여도 언니 이목구비가 너무 주차가 잘되어 있어서 이쁜거얌👀👀
진짜 단쵸님 사진 너무 잘 찍으셨다 이게 사랑하는 사람이 찍어서 언니가 더 빛나게 찍힌거 같아🩷",Wed Sep 02 12:47:19 +0000 2026,1714832311123116032,예쨩 イェーちゃん,Ye_Jjyang__,21,0,0,0,https://x.com/Ye_Jjyang__/status/2095131456331022559,ko,False,2026-09-03 00:08:14,한국,
2095129575328256179,메이투,메이투 보정 많이 바뀐거 때문에 좀 정신없긴한데 ai 쓰는 보정툴 진짜 강해졌네 사진본 노이즈랑 화질 깨짐 좀 있어서 어캐 살리지 싶었는데 지가 알아서 업스케일 깔끔히 함;;,Wed Sep 02 12:39:51 +0000 2026,2571724466,Lilly-FX,Lilly_FX00,124,5,0,0,https://x.com/Lilly_FX00/status/2095129575328256179,ko,False,2026-09-03 00:08:14,한국,
2095120988262551887,메이투,"확실히 시세이도 파우더는 건조함은 없는데 피부결보정효과는 없는듯
앞볼에 급하게 엘레강스 올렸더니 바아로 블러질됐음
엘레강스는 왕모공에도 나쁘진않은데 확실히 일반모공에는 입자감 안보이게 사아ㅏ아아악 메이투 매끈하게 효과처럼 올라감",Wed Sep 02 12:05:43 +0000 2026,1712311207896686592,츄리 ʚ♡ɞ,chullliii,993,11,0,1,https://x.com/chullliii/status/2095120988262551887,ko,False,2026-09-03 00:08:14,한국,
2095108344239575156,메이투,"#광고 아니 모자이크 이렇게 쉬워졌다고.....
친구들 초상권 지켜주기 1초면 성공🫶

🪽메이투 앱 - 사진 편집- 모자이크- 박스
#메이투 #모자이크 #얼굴가리기 https://t.co/ZjFt1twcYF",Wed Sep 02 11:15:29 +0000 2026,1330274040104235008,너큐 ナキュ,1ueNeila,6512,6,0,0,https://x.com/1ueNeila/status/2095108344239575156,ko,False,2026-09-03 00:08:14,한국,https://pbs.twimg.com/media/HRNR7ohaUAAFnVC.jpg
2095107597800263736,메이투,진정한 메이투 아티스트로 거듭나기 위한 나의 노력들 https://t.co/URfA7bTCDl,Wed Sep 02 11:12:31 +0000 2026,1975204343919099904,체리,chaerry1120,23,0,0,0,https://x.com/chaerry1120/status/2095107597800263736,ko,False,2026-09-03 00:08:14,한국,https://pbs.twimg.com/media/HRNRQRua0AAY1yM.jpg
2095107283428466970,메이투,"+ 보정 순서는 선착순입니다! 메일 온 순서대로 하고있어요!

+ 만약 제 계정으로 업로드해도 괜찮으시다면 답멘/디엠/메일 등등 허가 연락 부탁드립니다!

+ 빠른 보정을 위해 메이투 유료버전 사용중입니다!",Wed Sep 02 11:11:16 +0000 2026,1353257589635567617,노네,_none_4_cos,192,0,0,0,https://x.com/_none_4_cos/status/2095107283428466970,ko,False,2026-09-03 00:08:14,한국,
2095105169411436770,메이투,죄송해요제가정신병이심해서… 메이투 같이 쓰실 분 ㅎㅎ https://t.co/5bmQlhnj6h,Wed Sep 02 11:02:52 +0000 2026,2035388899279953920,안녕,holo_umk,34,0,0,0,https://x.com/holo_umk/status/2095105169411436770,ko,False,2026-09-03 00:08:14,한국,https://pbs.twimg.com/media/HRNPC6GasAA92k_.jpg
2095079934779916488,메이투,와썅 누가 2명한테만 메이투 필터 먹여놨냐,Wed Sep 02 09:22:35 +0000 2026,2083932497289826304,안신해,anxinhey,103,0,0,0,https://x.com/anxinhey/status/2095079934779916488,ko,False,2026-09-03 00:08:14,한국,
2095048288508817462,메이투,아무래도 메이투 플래시랑 화질 복원을 썼으니까요! https://t.co/un5KthFpTj,Wed Sep 02 07:16:50 +0000 2026,1146293875587387392,노버,NOoVer__,963,5,0,0,https://x.com/NOoVer__/status/2095048288508817462,ko,False,2026-09-03 00:08:14,한국,
2095007513624392069,메이투,"#광고
메이투의 모자이크 기능! 드래그만 하면 자동으로 얼굴을 인식해서 모자이크해주는 기능! 
브이로그 촬영할때 유용하겠더라구요
메이투&gt;모자이크&gt;박스에서 사용가능🩷 https://t.co/KxEBgCRltp",Wed Sep 02 04:34:49 +0000 2026,1896392087660281856,aaa,chocolatemalong,991,19,1,1,https://x.com/chocolatemalong/status/2095007513624392069,ko,False,2026-09-03 00:08:14,한국,https://pbs.twimg.com/media/HRL2N1IasAABzBH.jpg
2094997227987190048,메이투,"@ppitepie 타오바오에서 메이투 결제할 수도 있구나??
난 타오바오에서 스티커 불렀어 ㅎㅎㅎ",Wed Sep 02 03:53:56 +0000 2026,1965044580732067840,유태현,skdiw9,122,0,0,1,https://x.com/skdiw9/status/2094997227987190048,ko,False,2026-09-03 00:08:14,한국,
2094944334491914563,메이투,"@ppitepie 응? 메이투??
나는 타오바오 ㅜㅜㅜㅜ",Wed Sep 02 00:23:46 +0000 2026,1965044580732067840,유태현,skdiw9,126,0,0,1,https://x.com/skdiw9/status/2094944334491914563,ko,False,2026-09-03 00:08:14,한국,
2094827194459795566,메이투,와 신기해 메이투 타오바오에서 사던데 괜찮나,Tue Sep 01 16:38:17 +0000 2026,1459487386686324736,돈모아,ilovemoneyplesa,1704,0,0,0,https://x.com/ilovemoneyplesa/status/2094827194459795566,ko,False,2026-09-03 00:08:14,한국,
2094805215346327938,메이투,아 드디어 메이투 결제함 ㅠㅠㅜㅜㅠㅠ 타오바오가 싸대서 타오바오로 결제하고 판매자랑 중국어로 얘기하는데 번역 제대로 안되서 너무너무 헤맷음;; 그래도 성공✌🏻 쁘이✌🏻 귀여운 사진 마니 올려야지,Tue Sep 01 15:10:57 +0000 2026,1511345826743914511,QPP ༝⁺໒꒱ིྀ,QP_cupid,169,0,0,0,https://x.com/QP_cupid/status/2094805215346327938,ko,False,2026-09-03 00:08:14,한국,
2094790790874824863,메이투,아니 우떻게 사람이 메이투 보정 100처럼 생김.. https://t.co/CwDdrrvDpT,Tue Sep 01 14:13:38 +0000 2026,1755177314403721216,en,nneiii2,1071,81,5,0,https://x.com/nneiii2/status/2094790790874824863,ko,False,2026-09-03 00:08:14,한국,https://pbs.twimg.com/media/HRIxHjvaQAA0-QG.jpg
2094782735911178505,메이투,"정말
영혼을 끌어모은 
혼신의 힘을 다한
최선을 다한
메이투 잡아먹은
곽빈이다 https://t.co/wbVdz9rZLN",Tue Sep 01 13:41:38 +0000 2026,1768624336255283200,🎈🧸,no10hitter,3366,23,4,0,https://x.com/no10hitter/status/2094782735911178505,ko,False,2026-09-03 00:08:14,한국,https://pbs.twimg.com/media/HRIpy3JbkAAZ4md.jpg
2094781194433159649,메이투,메이투 만지다가 우울증 걸림,Tue Sep 01 13:35:30 +0000 2026,1911457171881021440,유진(시계를 제패할 부끄부끄몬스터). . .(・灬・)⏰,imch718,67,0,0,0,https://x.com/imch718/status/2094781194433159649,ko,False,2026-09-03 00:08:14,한국,
2094770683079434427,메이투,"@okkuri__ 가운데 분은 뭐야?
메이투 메이크업 기능 쓰신 것 같네",Tue Sep 01 12:53:44 +0000 2026,2086870598391885824,삥,ybjtvt,53,1,0,0,https://x.com/ybjtvt/status/2094770683079434427,ko,False,2026-09-03 00:08:14,한국,
2094727183076139202,메이투,ㅅㅂ 뭐야 이분  메이투 애굣살 달꼬리 100상태 https://t.co/45JZr3eO9K,Tue Sep 01 10:00:53 +0000 2026,1596396251615895552,선지...,zzzzzmgz,63,0,0,0,https://x.com/zzzzzmgz/status/2094727183076139202,ko,False,2026-09-03 00:08:14,한국,https://pbs.twimg.com/media/HRH3RV3bQAAhgoR.jpg
2094721455644975590,메이투,타오바오 메이투 vip 로그인 막히신 분 없나요 시키는대로 했는데 인증번호가 필요하대요.... 처음에는 잘 됐는데...... 어떻게 이 역경을 헤쳐나가셨는지 제발,Tue Sep 01 09:38:07 +0000 2026,1948498459390001152,고참,Letsg0cham,282,0,0,1,https://x.com/Letsg0cham/status/2094721455644975590,ko,False,2026-09-03 00:08:14,한국,
2094700301546844278,메이투,뿌염도 대신 해주는 메이투 https://t.co/sIm91SnzW2,Tue Sep 01 08:14:04 +0000 2026,1973716890569879552,🍞원,eternity1_0,99,1,0,1,https://x.com/eternity1_0/status/2094700301546844278,ko,False,2026-09-03 00:08:14,한국,https://pbs.twimg.com/media/HRHdRQgbEAA8XeB.jpg
2094687546530021383,메이투,"오늘 사진 메이투 풀래시가 다 했다..🥹🤍
#섹트 #맘눌뎀 #몸매  #일상 https://t.co/QwKFfFsIyT",Tue Sep 01 07:23:23 +0000 2026,2086188414693728256,ris,lewisjoe7614,77,1,0,0,https://x.com/lewisjoe7614/status/2094687546530021383,ko,False,2026-09-03 00:08:14,한국,https://pbs.twimg.com/media/HRHTMDgaAAAurxn.jpg
2094686095233667425,메이투,하 팀코 촬영본을 모바일 메이투랑 이보토로 보정하는거 ㅈㄴ 웃기다 메이투 생기고 코스 시작하셧나요 (사실 안 웃김 ㅅㅂ),Tue Sep 01 07:17:37 +0000 2026,3278445163,빠 랭,_UR_BLUE,145,1,0,1,https://x.com/_UR_BLUE/status/2094686095233667425,ko,False,2026-09-03 00:08:14,한국,
2094685899049390571,메이투,@fr1789WX9791 저두 크기가 안맞을거같긴해요.. 글고 사실 타오바오는 메이투 vip 결제한거 말고는 써본적이 업어서 아직 넘 어려워요ㅜㅜ,Tue Sep 01 07:16:50 +0000 2026,2057105990995386368,빵2,bbangryoung,53,1,0,0,https://x.com/bbangryoung/status/2094685899049390571,ko,False,2026-09-03 00:08:14,한국,
2094666762315018292,메이투,"메이투 분철합니당
오늘부터 270901까지 사용가능 (1년)
3명 구해지면 마감해요
https://t.co/qE8TxvjoIx 카톡주세요

보정 에픽 소다 프리미엄 vip 같이 쉐어 유료 타오바오 https://t.co/M9jT2rciFl",Tue Sep 01 06:00:47 +0000 2026,1744574213829357568,xbn,baqwerek,355,0,0,1,https://x.com/baqwerek/status/2094666762315018292,ko,False,2026-09-03 00:08:14,한국,https://pbs.twimg.com/media/HRHAUU6bwAAbz8R.jpg
2094647316754100584,메이투,메이투 유료 결제하고 이 기능 첨 써봄 https://t.co/gaHQFB6P4d,Tue Sep 01 04:43:31 +0000 2026,1997929527134339072,트친소) 리쿠 りく,licu_02,367,15,1,1,https://x.com/licu_02/status/2094647316754100584,ko,False,2026-09-03 00:08:14,한국,https://pbs.twimg.com/media/HRGuoRebUAArlkX.jpg
2094646113756401830,메이투,@FKMKDa 메이투: 구독료감사해요누나,Tue Sep 01 04:38:44 +0000 2026,1776118027257552896,HARIBO_2.5,haribo_stage,78,0,0,1,https://x.com/haribo_stage/status/2094646113756401830,ko,False,2026-09-03 00:08:14,한국,
2094638312694927832,메이투,"메이투 유료이신분
저랑사궈요
오늘부터 사귀는거야",Tue Sep 01 04:07:44 +0000 2026,1974068946027622400,노아,_noah_cos,1207,27,0,7,https://x.com/_noah_cos/status/2094638312694927832,ko,False,2026-09-03 00:08:14,한국,
2094621955878252624,메이투,"사진 하나로 이게 되다니요 💻🩷

✅ 방법
메이투 앱 →편집 →ai효과 →맥북3컷 https://t.co/IPnjAGjSlC",Tue Sep 01 03:02:45 +0000 2026,366293647,유빈,_geovanimarconi,68,0,0,0,https://x.com/_geovanimarconi/status/2094621955878252624,ko,False,2026-09-03 00:08:14,한국,https://pbs.twimg.com/media/HRGXhutacAAxF1q.jpg
2094621205328490601,메이투,@Ragnoz_idiot 메이투 딸깍을 써보도록 합시다,Tue Sep 01 02:59:46 +0000 2026,1162547184396488704,Ikaryuga,Ikaryuga1,91,0,0,1,https://x.com/Ikaryuga1/status/2094621205328490601,ko,False,2026-09-03 00:08:14,한국,
2094611619469021694,메이투,"@umiri284 세노,,~ 메이투 카메라야 고마워..~
유미리님이 더 아름다우신데,, 앞으로 잘 부탁드려요😶😶😶😶",Tue Sep 01 02:21:40 +0000 2026,1871036602698608640,루미 | 9서코 토,Rxmi_cos,62,0,0,1,https://x.com/Rxmi_cos/status/2094611619469021694,ko,False,2026-09-03 00:08:14,한국,
2094611547884818509,메이투,"다들 신기해하셔서 적어봅니다!
<도미노로 책 표지 나열하는 법>

1) 예스24에서 원하는 책을 책등과 표지가 같이 보이게 캡쳐

2) 편집 어플에서 흰 배경 생성 > 이미지 추가(책) > 누끼 제거(잘라내기) 후 한 권씩 나열
   ㄴ 저는 메이투 어플 사용했습니다! 누끼도 깔끔하고 제품을 아예 따로 편집할 수 있어서 편해요 *무료기능

3) 완성된 이미지를 크롭하는 게 제일 중요합니다! 몇 권을, 몇 장을 올리는지에 따라 규격이 완전 달라져서 저는 비계에 계속 올려가면서 조금씩 크롭 해줬어요… (야매방식이라 부끄러움) 잘 크롭해줘야 자연스럽게 슬라이드 됩니다!

혹시 따라해보고 싶으신 분들은 제 이미지 저장해서 그 위에 다른 책으로 편집 하셔두 됩니다!!! 모쪼록 도움이 되셨길.. 🫦",Tue Sep 01 02:21:23 +0000 2026,2038904570244378625,덩이,dunging_g,1855,44,15,7,https://x.com/dunging_g/status/2094611547884818509,ko,False,2026-09-03 00:08:14,한국,https://pbs.twimg.com/media/HRGOGN4bcAACw97.jpg
2094582583892000909,메이투,@ASh6AbY 팔레트정보-메이투,Tue Sep 01 00:26:18 +0000 2026,1266328787194490886,기모찌냥냥,kmchunter27,57,1,0,1,https://x.com/kmchunter27/status/2094582583892000909,ko,False,2026-09-03 00:08:14,한국,
2094484183729221876,메이투,"안되겟다
메이투 유료결제해야지",Mon Aug 31 17:55:17 +0000 2026,2002641644454359040,경실이(상태: 犬학생),0silup,81,0,0,0,https://x.com/0silup/status/2094484183729221876,ko,False,2026-09-03 00:08:14,한국,
2094469935112360189,메이투,@tamanocos 다들 메이투 많이 쓰시는군요🤔🤔알려주셔서 감사합니다!!💗💗,Mon Aug 31 16:58:40 +0000 2026,2020566892084428800,파돌,padolatshu1225,67,0,0,0,https://x.com/padolatshu1225/status/2094469935112360189,ko,False,2026-09-03 00:08:14,한국,
2094447517857722531,메이투,안경남 좋은이유 뽀뽀할 때 안경벗기면 그 애 시야 자동 메이투 피부보정 100 먹인 걸루 처리됨,Mon Aug 31 15:29:35 +0000 2026,1443143352044511233,퐁듀,mylittleBonds,203,2,0,0,https://x.com/mylittleBonds/status/2094447517857722531,ko,False,2026-09-03 00:08:14,한국,
2094446888531751188,메이투,"이렇게 많은 리턴본은 처음이라🫨🫨
지금 2n분께 보내드렸는데 프리셋이 아니라 메이투 수작업 보정이에요 ㅠㅠ 보내주시면 보통 2일내로는 리턴 모두 드립니당 
보내주시는 모든 분들 감사합니다 좀만 더 기다려주세요오....
(아직 약 1n분들꺼 남아있는자...🥺🥺)",Mon Aug 31 15:27:05 +0000 2026,1936618478095769600,뮬레,pinkmule_235,846,48,0,0,https://x.com/pinkmule_235/status/2094446888531751188,ko,False,2026-09-03 00:08:14,한국,
2094442938046521761,메이투,저거 메이투 플래쉬 보정하면 저렇게 나와욤..♡ https://t.co/yNaq1YetP0,Mon Aug 31 15:11:23 +0000 2026,1705226298678009856,유은,dryeyezl,3330,10,0,0,https://x.com/dryeyezl/status/2094442938046521761,ko,False,2026-09-03 00:08:14,한국,
2094435840009392448,메이투,@user2430617 저도 사진일 할때 메이투 잠깐 쓴적이 있는데 넘 좋았던 기억😖,Mon Aug 31 14:43:11 +0000 2026,2047703339652063232,카로,kurage_karo,67,0,0,1,https://x.com/kurage_karo/status/2094435840009392448,ko,False,2026-09-03 00:08:14,한국,
2094377764719927671,메이투,"[광고]

메이투 꿀팁 하나 알려드림 

힘들게 하나하나 가리지 말고 가릴 부분 크게 네모쳐주면 알아서 다 모자이크 해줌.. 진짜 신세계

방법: 메이투 앱 - 사진 편집- 모자이크- 박스 https://t.co/O5dxly176J",Mon Aug 31 10:52:25 +0000 2026,1610254430,midori,forourloving_,389926,419,55,1,https://x.com/forourloving_/status/2094377764719927671,ko,False,2026-09-03 00:08:14,한국,https://pbs.twimg.com/media/HRC5d_AakAAhaEz.jpg
2094369702919520731,메이투,"메이투 플래시 기능 핵쩌네
무료횟수다썼는데또주셧으면좋겠당ㅋ https://t.co/cJanfCJlWn",Mon Aug 31 10:20:23 +0000 2026,1896459757080440832,뽀뽀,user2430617,1288,23,0,4,https://x.com/user2430617/status/2094369702919520731,ko,False,2026-09-03 00:08:14,한국,https://pbs.twimg.com/media/HRCyJMAbEAAE2hi.jpg
2094338682992083417,메이투,"#haeminzzi
메이투 메이크업 기능 추천..

vip 기능이고 제가 쓴 메이투 하루 151원 쓰기 타래 보시면 저렴하게 사용하실 수 있어요! (타래 참고)

바로 누드 글로우🥺입니다

제가 요즘 구순염으로 매우매우 고생하고 있는 와중에 ㅠ 맨입술+입술 제외 풀메를 살려주고 있는 제 은인이세요 https://t.co/mGQF7a0jid",Mon Aug 31 08:17:07 +0000 2026,1981772050990772224,해민,haeminzzi,945,2,0,1,https://x.com/haeminzzi/status/2094338682992083417,ko,False,2026-09-03 00:08:14,한국,https://pbs.twimg.com/media/HRCV7jCbwAAQHYX.jpg
2092918066384670910,meitu,"@myoduk @mo_goory 안녕하세요 메이투 코리아입니다💗 잔머리를 지우고 싶으시다면 여기 꿀팁이 있습니다! 
경로: 지우개- 클린- 프롬프트에 들어가셔서 지우셔도 되고 자동- 잔머리 에 들어가서 지우셔도 됩니다! 🥰 메이투에 대한 소중한 의견과 관심 감사합니다✨",Thu Aug 27 10:12:06 +0000 2026,998523884423995400,Meitu 메이투 (official),meitu_kr,1455,1,0,0,https://x.com/meitu_kr/status/2092918066384670910,ko,False,2026-09-03 00:07:41,한국,
2092909223944573192,meitu,"@purple__sky00 안녕하세요 메이투 코리아입니다.💗사진에 여러 인물이 있는 경우, 화면 오른쪽 하단의 얼굴 선택 옆 버튼을 누르면 여러 인물들의 얼굴 인식이 자동으로 됩니다! 🥰 터치 보정 기능 및 피부 기능은 여러 인물 인식을 지원하지 않습니다. 메이투에 대한 소중한 의견과 관심 감사합니다✨",Thu Aug 27 09:36:58 +0000 2026,998523884423995400,Meitu 메이투 (official),meitu_kr,1111,0,0,1,https://x.com/meitu_kr/status/2092909223944573192,ko,False,2026-09-03 00:07:41,한국,
2092462343183810730,meitu,"@serua_pr 아이고
이건 Meitu 보정 앱에 있는 스티커예요
저도 예쁜 여우는 못 그려요...😭",Wed Aug 26 04:01:13 +0000 2026,2938399250,🎀冰瑚💛,rosemooninsnow,36,1,0,1,https://x.com/rosemooninsnow/status/2092462343183810730,ko,False,2026-09-03 00:07:41,한국,
2052030260993224894,meitu,"🌟메이투 Meitu

1) 오토뷰티&gt;일본무드
말할 것 없이 정말 예쁘고... 쿨톤 여자가 될 수 있어요

2) 오토뷰티&gt;AI리터치&gt;AI조명효과
이게 정말 대박적인...
저는 후레시 모드 정말 광팬인데
자연스럽게 백인이 될 수 있어요 정말...

곧 이 친구들로 보정한 행사장 사진 올려볼게요...///
티친들도써줘 https://t.co/UUhXUJ6hul",Wed May 06 14:18:33 +0000 2026,1610042980320292864,모치,mochi_chewy_,832,16,0,0,https://x.com/mochi_chewy_/status/2052030260993224894,ko,False,2026-09-03 00:07:41,한국,https://pbs.twimg.com/media/HHpGo6TaoAAuj-G.jpg
,뷰티캠,,,,,,0,0,0,0,,,False,2026-08-31 00:07:49,한국,
2089350816209768657,뷰티캠,당장 뷰티캠 결제해,Mon Aug 17 13:57:07 +0000 2026,1770862652547338240,최준호,usagikyodai,56,0,0,0,https://x.com/usagikyodai/status/2089350816209768657,ko,False,2026-08-20 00:08:45,한국,
2088840961141186720,뷰티캠,뷰티캠 셀카말고 그냥일반사진필터도 되게좋네,Sun Aug 16 04:11:08 +0000 2026,1594003037517148160,빨파구조대,mweng1120,43,0,0,0,https://x.com/mweng1120/status/2088840961141186720,ko,False,2026-08-20 00:08:45,한국,
2046111495952760886,뷰티캠,"[📢Notice]
ifeye (이프아이) 4월 20일 (월) arirang TV &lt;Simply K-POP&gt; 3회 뷰티캠 녹화 재모임 시간 안내

재모임 시간 : 15:25~

재모임 시간에 맞춰 아리랑TV 내부 카페로 와주시길 바랍니다

#ifeye #이프아이
#As_if #Hazy",Mon Apr 20 06:19:30 +0000 2026,1877625410491658241,ifeye,ifeye_official,4659,43,5,0,https://x.com/ifeye_official/status/2046111495952760886,ko,False,2026-08-20 00:08:45,한국,
2090118109197910504,메이투,@maryme_0305 아니시발나도요즘 저래서 메이투 들어가서 팔자주름 열심히 지움,Wed Aug 19 16:46:04 +0000 2026,895266098571952129,굴김치강도(9대호카게),9odok,5,0,0,0,https://x.com/9odok/status/2090118109197910504,ko,False,2026-08-20 00:07:10,한국,
2090108446154863101,메이투,아니 나 인스타 게시물 올리고싶으넫 메이투 에이아이 화질개선 다 써서 못 올리고잇음 시발,Wed Aug 19 16:07:40 +0000 2026,1416917226368606208,김신기,oonaet,39,1,0,0,https://x.com/oonaet/status/2090108446154863101,ko,False,2026-08-20 00:07:10,한국,
2090040377839698347,메이투,"• 인스탁스 포토프린터 있으신 분들은 원본으로.. 메이투 플래시 돌린 버전임
1톰슾 배우 인스타 2홈커밍 피터파커 브이로그 https://t.co/Te1RtDOrCK",Wed Aug 19 11:37:11 +0000 2026,1326466532247924736,묵,mooktty,1241,11,1,1,https://x.com/mooktty/status/2090040377839698347,ko,False,2026-08-20 00:07:10,한국,https://pbs.twimg.com/media/HQFQpRla0AA6Z83.jpg
2090038184482947565,메이투,리턴 이번달 안으로 할테니까 봐주새요 제발 엉엉 가능하면 메이투 말고 포토샵보정하고싶어서 미루다보니 머슥,Wed Aug 19 11:28:28 +0000 2026,1052160919382384640,윤서하,_Seo_Ha_,209,3,1,0,https://x.com/_Seo_Ha_/status/2090038184482947565,ko,False,2026-08-20 00:07:10,한국,
2090036605964959777,메이투,@메이투 https://t.co/qQu5vs4qi3,Wed Aug 19 11:22:12 +0000 2026,1956268604917473284,예,hamjape,23,0,0,0,https://x.com/hamjape/status/2090036605964959777,ko,False,2026-08-20 00:07:10,한국,https://pbs.twimg.com/media/HQFNNlibwAA8dCl.jpg
2090019654681100637,메이투,"@yukiii0515_ 메이투+이비스

메이투는 유료결제해서 쓰고 잇고
이비스는 픽셀유동화펜으로 메이투에서 못 다듬은 부분 위주로 다듬어",Wed Aug 19 10:14:51 +0000 2026,2033128969902661632,제인 𝓙𝓮𝓲𝓷 | 8서코 양일,Jein_C05p1ay,87,1,0,0,https://x.com/Jein_C05p1ay/status/2090019654681100637,ko,False,2026-08-20 00:07:10,한국,
2089998223356379294,메이투,메이투 보정 100한것처럼 생겼다…,Wed Aug 19 08:49:41 +0000 2026,2009940470508728324,떤개!♡,kimddun_,284,3,0,0,https://x.com/kimddun_/status/2089998223356379294,ko,False,2026-08-20 00:07:10,한국,
2089986901084434468,메이투,@richgogoing 이분도 보정 메이투 사용하셨낰ㅋㅋㅋ,Wed Aug 19 08:04:41 +0000 2026,2079911158996426752,김김밥,jtbs6ee,85,1,0,1,https://x.com/jtbs6ee/status/2089986901084434468,ko,False,2026-08-20 00:07:10,한국,
2089967550281232797,메이투,메이투 3명이서 쓰면 1년에 저렴하다던데,Wed Aug 19 06:47:48 +0000 2026,1285954931011141639,삭,SaKc_0s,339,3,0,1,https://x.com/SaKc_0s/status/2089967550281232797,ko,False,2026-08-20 00:07:10,한국,
2089952132426580442,메이투,"@udiary_mn 허거덩 유록님!!! 
아직 행사 한번도 못가본 초보라 .. 걱정이 많았는데 너무 감사드려요 ㅜㅜ🥹🥰
메이투 야무지게 활용해볼게요 &gt;&lt;!!!",Wed Aug 19 05:46:32 +0000 2026,2072659204029194240,오링,Orinq_,63,1,0,0,https://x.com/Orinq_/status/2089952132426580442,ko,False,2026-08-20 00:07:10,한국,
2089949619157651511,메이투,메이투 ㄴㅁ어려워서 김은서가 가르쳐줌,Wed Aug 19 05:36:33 +0000 2026,1637119474930450432,미딩이 에게도 행복을,Hwangdingding,178,0,0,0,https://x.com/Hwangdingding/status/2089949619157651511,ko,False,2026-08-20 00:07:10,한국,
2089949084702687507,메이투,"@Orinq_ 안녕하쎄용 트친된 기념으루 오지랖을 부려봅니다!!!!!

사진사 입장에서는 라이트룸이랑 이보토 많이 쓰구, 코스어 분들은 사진 보정 메이투 활용 많이하시는 것 같아요!!!",Wed Aug 19 05:34:25 +0000 2026,2057055489553260544,유록 트친소 중,udiary_mn,101,1,0,1,https://x.com/udiary_mn/status/2089949084702687507,ko,False,2026-08-20 00:07:10,한국,
2089935426794701119,메이투,"메이투 한 10년전에 썼던거 같은데 
요즘엔 에픽 씀 아님",Wed Aug 19 04:40:09 +0000 2026,1226529638186270722,유월,0000Who_am_I,35,0,0,0,https://x.com/0000Who_am_I/status/2089935426794701119,ko,False,2026-08-20 00:07:10,한국,
2089930049432723744,메이투,"ㅇㄴ 이것도 진짜 능력이다
나는 메이투 난리길래 궁금해서 1일 결제로 써봤는ㄷ 개어렵든데",Wed Aug 19 04:18:47 +0000 2026,1602674797980549121,참깨,chamkkae1i,186,0,0,0,https://x.com/chamkkae1i/status/2089930049432723744,ko,False,2026-08-20 00:07:10,한국,
2089906457982738476,메이투,하 개웃겨 공항도둑 메이투 유료버전으로 보정 돌린거같음,Wed Aug 19 02:45:02 +0000 2026,1876679228705693696,빡이,97fjwr,300,1,0,1,https://x.com/97fjwr/status/2089906457982738476,ko,False,2026-08-20 00:07:10,한국,
2089898319770534106,메이투,@jtbs6ee 메이투 ㅇㅈ,Wed Aug 19 02:12:42 +0000 2026,2074678905626312704,햄식이,thread00_,66,1,0,1,https://x.com/thread00_/status/2089898319770534106,ko,False,2026-08-20 00:07:10,한국,
2089858307293164026,메이투,@Bluelime923 메이투 7할이죠ㅎㅎ... 감사합니다!!,Tue Aug 18 23:33:42 +0000 2026,2034547159979487232,데하,DayHaru_cos,69,0,0,0,https://x.com/DayHaru_cos/status/2089858307293164026,ko,False,2026-08-20 00:07:10,한국,
2089770545764270510,메이투,"타오바오 메이투 결제햇는데 ㄹㅇ 개지리네 
어머머",Tue Aug 18 17:44:58 +0000 2026,2058580723532185600,쭌까무라,kiripalooza,207,3,0,0,https://x.com/kiripalooza/status/2089770545764270510,ko,False,2026-08-20 00:07:10,한국,
2089756041278095509,메이투,"이준영머리개작은데다리는또존나길고어깨는또존나넓고 
태어날때 메이투 쓰고 나온 남자 https://t.co/j2RJtzWBGF",Tue Aug 18 16:47:20 +0000 2026,1899410301696782336,니허오,babysorry013,10322,10,0,0,https://x.com/babysorry013/status/2089756041278095509,ko,False,2026-08-20 00:07:10,한국,
2089745906329640999,메이투,@yukiii0515_ 소다 고화질 버전으루 찍구 메이투+소다로 후보정하면 마니안깨져요!! 틱톡쓰다가 화질 넘 깨져서 다시 갈아타려고여...,Tue Aug 18 16:07:04 +0000 2026,2047203291222986752,멜,imma11cos,99,1,0,0,https://x.com/imma11cos/status/2089745906329640999,ko,False,2026-08-20 00:07:10,한국,
2089744865483714736,메이투,@236_lS2ve 메이투 vip로 보정한 자신이 진짜 모습인거죠 ㅋㅋ,Tue Aug 18 16:02:56 +0000 2026,895266098571952129,굴김치강도(9대호카게),9odok,55,0,0,1,https://x.com/9odok/status/2089744865483714736,ko,False,2026-08-20 00:07:10,한국,
2089742757149675703,메이투,"메이투 프리미엄 GTx 필터 씁니당~
타래에 사진 달아놓을게용 https://t.co/G67JdxFcT8",Tue Aug 18 15:54:33 +0000 2026,2018345159398924288,도리,wooa0o0o0,286,0,0,1,https://x.com/wooa0o0o0/status/2089742757149675703,ko,False,2026-08-20 00:07:10,한국,
2089732492937089423,메이투,@SRK_SHOKO 모자 썼더니 메이투 자동보정 안 먹혀서 손수 깍깍다네요;,Tue Aug 18 15:13:46 +0000 2026,2009182186805788672,유하 ゆは 【𝐒𝐑𝐊】,SRK_YUHA,153,1,0,0,https://x.com/SRK_YUHA/status/2089732492937089423,ko,False,2026-08-20 00:07:10,한국,
2089731535335464995,메이투,@uhi_oo_hii 조와요 연예인듀 아닌데 정병 먹지 맙시다 우리!!! 메이투 없으면 몬 살아🫶🏻,Tue Aug 18 15:09:58 +0000 2026,1878279364225499136,삐요,cosmetic0_0,52,0,0,0,https://x.com/cosmetic0_0/status/2089731535335464995,ko,False,2026-08-20 00:07:10,한국,
2089720178053624239,메이투,@creamy090303 @nnsangood 메이투 사랑해.,Tue Aug 18 14:24:50 +0000 2026,1873218375767474176,아해 ⋆°｡𖦹 ⋆｡,aimainanene,71,1,0,0,https://x.com/aimainanene/status/2089720178053624239,ko,False,2026-08-20 00:07:10,한국,
2089719719280750716,메이투,"@zzi_9uma 천사깅...  대박이다
성공하믄 바로 알려주기하쟈!
메이튜?메이투?이거 유용할거같거든
(감쟈합니다)",Tue Aug 18 14:23:00 +0000 2026,708570257586147329,리나y,anasui118,71,0,0,0,https://x.com/anasui118/status/2089719719280750716,ko,False,2026-08-20 00:07:10,한국,
2089719114197766209,메이투,"@zzi_9uma @fr2e_u 대에에박..
나두 알아봐야겠다!
성공하믄 구마깅한테두 어케어케하는지 알켜주께
나두 립발색 모공 인중 수염 나와서 뭘로 지우고쓰는지 궁금해서 메이투 또 들어간거였거등
열려라참깨!!!!",Tue Aug 18 14:20:36 +0000 2026,708570257586147329,리나y,anasui118,46,0,0,0,https://x.com/anasui118/status/2089719114197766209,ko,False,2026-08-20 00:07:10,한국,
2089712070132715608,메이투,메이투 후지필름인가 진심 너무 좋은데,Tue Aug 18 13:52:37 +0000 2026,1926231963209232384,제로kcal,zerokcalorie,161,2,0,0,https://x.com/zerokcalorie/status/2089712070132715608,ko,False,2026-08-20 00:07:10,한국,
2089704657467953430,메이투,메이투 유료…. 비싸…. 으아아….,Tue Aug 18 13:23:09 +0000 2026,2020566892084428800,파돌,padolatshu1225,139,6,0,0,https://x.com/padolatshu1225/status/2089704657467953430,ko,False,2026-08-20 00:07:10,한국,
2089701412901192091,메이투,@jtbs6ee 와 메이투 진짜 대박..,Tue Aug 18 13:10:16 +0000 2026,1945869318832680960,247blanc,247blanc,92,1,0,1,https://x.com/247blanc/status/2089701412901192091,ko,False,2026-08-20 00:07:10,한국,
2089700210591388116,메이투,@Ihavelotsoflove 내가 메이투 플래시쓰먄 밤티인데 당신은 빛나,Tue Aug 18 13:05:29 +0000 2026,2016376683180564481,큐베,qbebeS2,140,1,0,1,https://x.com/qbebeS2/status/2089700210591388116,ko,False,2026-08-20 00:07:10,한국,
2089689876912583146,메이투,@nana92393 나도 못 찍는데 이번에 메이투 첨 쓰고 그나마 건져서 신기했어,Tue Aug 18 12:24:25 +0000 2026,1766862135655890944,몰랑,Ihavelotsoflove,80,0,0,0,https://x.com/Ihavelotsoflove/status/2089689876912583146,ko,False,2026-08-20 00:07:10,한국,
2089688232036614236,메이투,메이투 보정 외계인마냥 해놓고 객관화 안 돼서 만족하는 나 같음,Tue Aug 18 12:17:53 +0000 2026,1888466505802846208,숫닥이,nzjasai,1201,3,1,0,https://x.com/nzjasai/status/2089688232036614236,ko,False,2026-08-20 00:07:10,한국,
2089681274730680425,메이투,"[광고]
플래시 터뜨린 셀카 첫번째처럼 나왔을 때.. 밤티 셀카 살리는 법💓 
ㄴ 힘들게 ai 프롬프트 찾아 다니지 말고 메이투 플래시 사용해보기,,!

만날 다시 찍어도 맘에 드는 플래시 사진 건지기 힘들었는데 내 필승법됨! https://t.co/DuYxSaKA0b",Tue Aug 18 11:50:14 +0000 2026,1766862135655890944,몰랑,Ihavelotsoflove,3095,26,12,6,https://x.com/Ihavelotsoflove/status/2089681274730680425,ko,False,2026-08-20 00:07:10,한국,https://pbs.twimg.com/media/HQAKCiWbUAAozUl.jpg
2089679739493703967,메이투,메이투 피부보정60브이턱눈키우기30 하나도안했는데 무보정원본이 이렇게 생겼다고?…,Tue Aug 18 11:44:08 +0000 2026,2046221191699148800,뇽이,Cheeszyb,13442,218,31,0,https://x.com/Cheeszyb/status/2089679739493703967,ko,False,2026-08-20 00:07:10,한국,
2089668126954926282,메이투,"@byen7270 😆😆😆😆😆😆
고맙다 이보토~~ 메이투~!!",Tue Aug 18 10:58:00 +0000 2026,2072491554456174592,멩멩,meng_cos,51,1,0,0,https://x.com/meng_cos/status/2089668126954926282,ko,False,2026-08-20 00:07:10,한국,
2089662481753076160,메이투,메이투 필터 기깔나네..,Tue Aug 18 10:35:34 +0000 2026,1411333866208432128,글라스,Ex__loaf,77,2,0,0,https://x.com/Ex__loaf/status/2089662481753076160,ko,False,2026-08-20 00:07:10,한국,
2089662451717706222,메이투,"머야 2번사진 갤러리 다시보니
기껏 메이투 색감보정해놓고 보정 전 사진으로 올렸네
그래도 보정카메라 였으니까 빨간약은 아님 조아쓰",Tue Aug 18 10:35:27 +0000 2026,1698301493479448576,개멍이,dogman_cos,63,0,0,0,https://x.com/dogman_cos/status/2089662451717706222,ko,False,2026-08-20 00:07:10,한국,
2089655804521804186,메이투,@chochxcho 전 그냥 트위터올리는용도면 메이투 영상보정 써용,Tue Aug 18 10:09:02 +0000 2026,1743642610852614144,청운淸雲,BlueCloud_cos,76,0,0,0,https://x.com/BlueCloud_cos/status/2089655804521804186,ko,False,2026-08-20 00:07:10,한국,
2089630533760557188,메이투,메이투 vip를 결제 했다는 소식 https://t.co/J5XPLQ9ogd,Tue Aug 18 08:28:37 +0000 2026,1702333781741608961,긍,bbibbirot,140,0,0,0,https://x.com/bbibbirot/status/2089630533760557188,ko,False,2026-08-20 00:07:10,한국,https://pbs.twimg.com/media/HP_b5PEbEAAUTNe.jpg
2089625382215622992,메이투,인당 오천원 내고 하려고 메이투 1년짜리 타오바오에서 결제했는데 기기 1대에서만 가능하대서 나 걍 ㅈㄴ비싸게 주고 산 애 됨 ㅅ발,Tue Aug 18 08:08:09 +0000 2026,1634165972906184704,와셍이사우르스,nolugungdung_,146,0,0,1,https://x.com/nolugungdung_/status/2089625382215622992,ko,False,2026-08-20 00:07:10,한국,
2089616477620232403,메이투,메이투 1300원의 행복🫰🏻🫰🏻 https://t.co/N0Rv33hfWN,Tue Aug 18 07:32:46 +0000 2026,2073095561730023424,아코,iu2dj,317,3,0,0,https://x.com/iu2dj/status/2089616477620232403,ko,False,2026-08-20 00:07:10,한국,https://pbs.twimg.com/media/HP_PHD8bkAAsPwj.jpg
2089612207453855910,메이투,"아니 서프 활동기 때 리쿠가 쿨.꾸해서 보내준
셀카에 있던 고양이 메이투 앱에 있던 스티커였던
거 아시는 분….. 직접 셀카 찍고 메이투 들어가서
이렇게 쿨.꾸 했다고? 졸귀 수준 말이 안된다 https://t.co/EsyTHx9xVc",Tue Aug 18 07:15:48 +0000 2026,1950524822469160960,쿠료미,kuryomii_,13401,491,26,0,https://x.com/kuryomii_/status/2089612207453855910,ko,False,2026-08-20 00:07:10,한국,https://pbs.twimg.com/media/HP_LNpmbkAAQlYJ.jpg
2089600081716748731,메이투,"진심 외모정병인 사람들 성형하지말고
메이투 깔고 그걸로 다이어트하고 머리 바꾸세요...
이거 대박임
이거 따라해 ㄱ ㄱ https://t.co/490wOI3Oid",Tue Aug 18 06:27:37 +0000 2026,2079911158996426752,김김밥,jtbs6ee,30205,213,33,28,https://x.com/jtbs6ee/status/2089600081716748731,ko,False,2026-08-20 00:07:10,한국,https://pbs.twimg.com/media/HP_AK3FaoAAoXoy.jpg
2089598788545790108,메이투,"@suj7_ ㅋ
ㅋㅋ
ㅋ
마규가 보는 토세 ㅈㅉ누구세요😂😂 누군데 저거..... 자체필터 메이투 보정보다 심해요",Tue Aug 18 06:22:28 +0000 2026,1923625704568258560,초코,Nn4S33,83,0,0,1,https://x.com/Nn4S33/status/2089598788545790108,ko,False,2026-08-20 00:07:10,한국,
2089585902448427265,메이투,@cxntnue 미녀 + 메이투 = 💕,Tue Aug 18 05:31:16 +0000 2026,1992510041161875456,동,Dongliveil,33,1,0,1,https://x.com/Dongliveil/status/2089585902448427265,ko,False,2026-08-20 00:07:10,한국,
2089585490496532488,메이투,"이게 메이투 9990억으로 보정한 얼굴이
아니라 순수체급얼굴이라니… https://t.co/nUsUGPFWBK",Tue Aug 18 05:29:38 +0000 2026,1510957358746595332,지반…,eye_macaron,1233,61,5,0,https://x.com/eye_macaron/status/2089585490496532488,ko,False,2026-08-20 00:07:10,한국,https://pbs.twimg.com/media/HP-y7bYaAAA949p.jpg
2089551179034534196,메이투,"안녕하세요~~❗️
아이폰 기본카메라 스타일을 뉴트럴로 설정해서 찍고 
메이투에서 아이보리 필터 입힌 후 
조정 칸에서 밝기 높이고 온도를 차갑게 설정했습니다 !

만약 메이투 유료 사용하시면 &gt; 공정 &lt; 이라는 필터만 입혀도... https://t.co/pCWxoUeRN3",Tue Aug 18 03:13:17 +0000 2026,1981237087577001989,ᴹᴵᴸᴷ𝜗𝜚,marobabyy,1283,8,0,0,https://x.com/marobabyy/status/2089551179034534196,ko,False,2026-08-20 00:07:10,한국,
2089501896541417590,메이투,메이투 메이크업 기능 사용해요 ^.^v https://t.co/8JbbHboVGd,Mon Aug 17 23:57:27 +0000 2026,1840033801805934594,윤 𝜗𝜚,Yyoon_cos,274,6,0,0,https://x.com/Yyoon_cos/status/2089501896541417590,ko,False,2026-08-20 00:07:10,한국,
2089411070154928334,메이투,"난 셀카 온갖 각도로 시도하면서 100장 찍고 그 중에서 가장 잘 나온걸 추리고 추린 다음 메이투 켜서 필사적으로 보정한 다음에 올리는데 황이랑 블이 걍 딸깍 수준으로 찍어서 올리는거 보면 상대적 박탈감 듦
얼굴 잘났으니까 막 찍는다 이거지",Mon Aug 17 17:56:33 +0000 2026,2006331658006626305,이욬,iyok529,442,7,0,0,https://x.com/iyok529/status/2089411070154928334,ko,False,2026-08-20 00:07:10,한국,
2089695021109010531,meitu,예온이 사진 꾸밀 때 Meitu 사용한대 https://t.co/3J0H71QT7A,Tue Aug 18 12:44:52 +0000 2026,2057474652768018433,온,yerangdan0419,52,0,0,0,https://x.com/yerangdan0419/status/2089695021109010531,ko,False,2026-08-20 00:06:55,한국,https://pbs.twimg.com/media/HQAWi7laQAAmJC2.jpg
2088074067761054142,meitu,@Cinder_nurse Meitu 없으면 이제 sns 못하겠어,Fri Aug 14 01:23:46 +0000 2026,2046413658755096576,ⱼₐₙₑ,Eveniffen,271,1,0,1,https://x.com/Eveniffen/status/2088074067761054142,ko,False,2026-08-20 00:06:55,한국,
2038500272876773685,meitu,"* 모텔 살인 김소영, 9900원으로 남자 홀렸나…중국 보정앱 사용 추정
: 김소영의 SNS 사진과 머그샷 차이가 커서, 온라인에서 유료 AI 보정앱 사용 추정이 확산됐다
1) 김소영의 공개 머그샷과 SNS 사진 차이가 너무 크다는 반응이 나오면서, 온라인에서 그가 AI 사진 보정 앱을 쓴 것 아니냐는 추정이 확산됐다는 내용입니다. 
2) 사용 앱으로 중국계 사진 보정 앱 메이투(Meitu)를 거론하고 있고, 이 앱은 피부 보정·윤곽 수정·메이크업 효과 등을 자동 적용하는 기능이 있으며 월 구독료가 9900원, 연 구독료는 4만8000원 수준이라고 전했습니다. 
3) 앱 사용 사실은 어디까지나 온라인 추정으로 소개되고 있고, 수사기관이 공식 확인한 내용으로 보이진 않습니다.
4) 서울북부지검이 김소영의 이름·나이·머그샷을 공개한 뒤, SNS 사진과 실물이 너무 다르다는 반응이 커졌고
그 과정에서 과거 SNS 사진에 AI 필터나 강한 보정이 들어간 것 아니냐는 의혹이 제기됐으며,메이투의 인기 필터, 특히 ‘AI 설경 필터’ 같은 기능이 사용됐을 가능성을 언급했습니다",Mon Mar 30 06:15:13 +0000 2026,2004735769135775744,MINIJI,outlander71382,2916,2,2,1,https://x.com/outlander71382/status/2038500272876773685,ko,False,2026-08-20 00:06:55,한국,https://pbs.twimg.com/tweet_video_thumb/HEo1LwibMAAxenH.jpg
2038132569456423227,meitu,"'모텔 살인' 김소영이 사용한 앱으로 추정되는 중국산  메이투(Meitu)로 추정된다고 한다. 유료 앱으로 기존 월간 사용자가 60만명 이었는데, 현재 132만명으로 2개 가량 폭증했다고 한다. https://t.co/dAsSzDfuqH",Sun Mar 29 05:54:05 +0000 2026,1705762225062055936,라이언홍,healing824,14387,42,6,16,https://x.com/healing824/status/2038132569456423227,ko,False,2026-08-20 00:06:55,한국,https://pbs.twimg.com/media/HEjmKEpbQAAFKaf.png
2027298238613913658,meitu,"자꾸 거울 보지마
몸무게 신경 쓰지마
넌 그냥 그대로 너무 예쁜 걸
No Meitu no Meitu ye
No Meitu 일 때 제일 예쁜 너",Fri Feb 27 08:22:20 +0000 2026,1737871180919644160,🍧,zwoodang,275,3,0,0,https://x.com/zwoodang/status/2027298238613913658,ko,False,2026-08-20 00:06:55,한국,
2019338961848815723,meitu,"원본은 따로 있고 Meitu 라는 어플에서 한창 할로윈 9컷 Al효과 유행했을 때 만든거야..ㅠㅠ 
타래 확인 해줘... https://t.co/XLIhSqXPLR",Thu Feb 05 09:15:00 +0000 2026,1552206706070802432,waii,_waii3,450,3,0,1,https://x.com/_waii3/status/2019338961848815723,ko,False,2026-08-20 00:06:55,한국,
2016055972809302043,meitu,"메이튜!! (Meitu) 유료결제 하긴 했는데! 텍스트,스티커,프레임 &lt;&lt; 여기서 맘에 드는거 골라서 씁니당! https://t.co/lol9MxZ9Ri",Tue Jan 27 07:49:35 +0000 2026,1672795881647800321,心,LJprotector,1141,3,0,0,https://x.com/LJprotector/status/2016055972809302043,ko,False,2026-08-20 00:06:55,한국,
2086868583133708419,뷰티캠,@rjfognco 뷰티캠 아이폰모드 조움요,Mon Aug 10 17:33:37 +0000 2026,1816343425274503169,유길,yugil_400,185,1,0,1,https://x.com/yugil_400/status/2086868583133708419,ko,False,2026-08-17 00:07:28,한국,
2046085926586339502,뷰티캠,"[📢]

260420(월) Arirang TV &lt;심플리케이팝&gt; 뷰티캠 인원 체크 장소 안내

인원 체크를 위해 아래 장소로 모여주세요!

장소: 아리랑국제방송 입구 앞
시간: 2:30PM(KST)

#RESCENE #리센느 #リセンヌ https://t.co/LcMJIM6rbZ",Mon Apr 20 04:37:53 +0000 2026,1745050913872691200,RESCENE OFFICIAL,RESCENEofficial,8837,97,9,1,https://x.com/RESCENEofficial/status/2046085926586339502,ko,False,2026-08-17 00:07:28,한국,https://pbs.twimg.com/media/HGUoTfzbIAA5nb-.jpg
2045709950450823362,뷰티캠,"[📢]

260420(월) Arirang TV &lt;심플리케이팝&gt; 뷰티캠(+사전 녹화) 참여 명단 안내

🔗 https://t.co/jfJiSmrBY8

#RESCENE #리센느 #リセンヌ
#REMINE #리마인",Sun Apr 19 03:43:54 +0000 2026,1745050913872691200,RESCENE OFFICIAL,RESCENEofficial,17229,73,8,0,https://x.com/RESCENEofficial/status/2045709950450823362,ko,False,2026-08-17 00:07:28,한국,
2045490280246419879,뷰티캠,"#광고
콘서트 가서 빛번짐 현상 때문에 흐린 사진만 잔뜩 찍어온 사람 손•••🙋🏽‍♀️💦
이거 모르는 사람 없게 해주세요.. 뷰티캠 신기능인데 *AI 글로우*가 조명 번짐이랑 스모그를 기가 막히게 지워줍니다 📸

방법: 앱 접속 ➔ AI 글로우 ➔ 빛 번짐 제거 클릭
ㄴ인위적이지 않고 자연스럽게 무대 선명도 복구됨!

#뷰티캠 #AI글로우 @beautycam_kr

Before                                   After",Sat Apr 18 13:11:00 +0000 2026,1378318440180580352,i.ze,ixzxex,6956,8,2,0,https://x.com/ixzxex/status/2045490280246419879,ko,False,2026-08-17 00:07:28,한국,https://pbs.twimg.com/media/HGMKh-VaoAAT18o.jpg
2045068840560959568,뷰티캠,"[📢]

260420(월) Arirang TV &lt;심플리케이팝&gt; 뷰티캠(+사전 녹화) 참여 신청 안내

💓 참여 신청 안내
-https://t.co/I2BHka41nr

💓 참여 신청 일시
- 2026년 04월 17일 (금) 11PM ~ 2026년 04월 18일 (토) 11AM (KST)

#RESCENE #리센느 #リセンヌ
#REMINE #리마인",Fri Apr 17 09:16:21 +0000 2026,1745050913872691200,RESCENE OFFICIAL,RESCENEofficial,6242,69,11,0,https://x.com/RESCENEofficial/status/2045068840560959568,ko,False,2026-08-17 00:07:28,한국,
2044414813414330544,뷰티캠,"노출 조절 못해서 망한 사진도 바로 살려버리네
이제 포토샵 굳이 안 써도 되겠다

#뷰티캠 https://t.co/F1YJMJomtd",Wed Apr 15 13:57:29 +0000 2026,1171164503934824450,Sowhat,sowhat__j,74944,302,35,1,https://x.com/sowhat__j/status/2044414813414330544,ko,False,2026-08-17 00:07:28,한국,https://pbs.twimg.com/media/HF84bybbAAAgpUv.jpg
2089067222258057223,메이투,"너믜 맘에들엇던 수능원서사진…
속눈썹이 사진에 하나도 안 담겨서 메이투 힘 빌렸어요 https://t.co/o3EZa8YsWl",Sun Aug 16 19:10:13 +0000 2026,1787811835854626818,roto,wintervivid_,80,1,0,0,https://x.com/wintervivid_/status/2089067222258057223,ko,False,2026-08-17 00:06:30,한국,https://pbs.twimg.com/media/HP3bkPuaUAAAkRj.jpg
2089056252634828824,메이투,"너솔직히말해봐
메이투 썻어안썻어 https://t.co/Qn17Go61Ir",Sun Aug 16 18:26:38 +0000 2026,1937809605641617408,이,dri3dPollackgui,27,0,0,0,https://x.com/dri3dPollackgui/status/2089056252634828824,ko,False,2026-08-17 00:06:30,한국,https://pbs.twimg.com/media/HP3Rlnna0AAmdzX.jpg
2089033572921516201,메이투,나새끼는 틱톡필터를쓰고도 메이투 2차보정으로 존나돌려깎음,Sun Aug 16 16:56:30 +0000 2026,2037185204805316608,불미의 권위자 MK.2,notbeauty11,53,2,0,0,https://x.com/notbeauty11/status/2089033572921516201,ko,False,2026-08-17 00:06:30,한국,
2089027838452400563,메이투,"@moong_geun_nana 메이투 매끈하게, 주름제거",Sun Aug 16 16:33:43 +0000 2026,1993899289337319427,재짱시바세키,zaezzang2,20,0,0,0,https://x.com/zaezzang2/status/2089027838452400563,ko,False,2026-08-17 00:06:30,한국,
2089006605287444561,메이투,메이투 유료 진짜 신세계다,Sun Aug 16 15:09:21 +0000 2026,1983606512280072194,구덕감금류최렌즈약영나오야,83_welt,33,0,0,0,https://x.com/83_welt/status/2089006605287444561,ko,False,2026-08-17 00:06:30,한국,
2089005427124207935,메이투,메이투 자동보정이라는 개념을 알아차린 것 같아요,Sun Aug 16 15:04:40 +0000 2026,1850467807810703362,돈클이,hamdonii3,906,6,0,0,https://x.com/hamdonii3/status/2089005427124207935,ko,False,2026-08-17 00:06:30,한국,
2088994321739784518,메이투,"늙크크오타쿠라 ㅠ 소다만찍고 보정하는데에 썻는데
지인이 뭐엿지 메이투??유라이크? 엿나 그거 춫천해줘서 담번에 써보려고",Sun Aug 16 14:20:32 +0000 2026,1839324501450080256,𝕾𝕾𝕺𝕹𝕲𝖘𝖘𝖔𝖓𝖌✰,SSONGDAILY_,70,1,0,0,https://x.com/SSONGDAILY_/status/2088994321739784518,ko,False,2026-08-17 00:06:30,한국,
2088984351166152778,메이투,메이투 정신나간듯 이딴 https://t.co/tdQL5IiD2x,Sun Aug 16 13:40:55 +0000 2026,2071941761942134784,써기!!!,sseokiduki,58,0,0,0,https://x.com/sseokiduki/status/2088984351166152778,ko,False,2026-08-17 00:06:30,한국,https://pbs.twimg.com/media/HP2QMiEbMAALhgX.jpg
2088981565154213907,메이투,@tt1pp1 메이투 다운 받으러 가께,Sun Aug 16 13:29:51 +0000 2026,1987446019802779648,펑펑⁴⁹☘️,maksara49,49,0,0,0,https://x.com/maksara49/status/2088981565154213907,ko,False,2026-08-17 00:06:30,한국,
2088973946444222486,메이투,"[제품제공]

모공쟁이들 집중. 
내 피부 사진으로 제품력 증명한다.

밀크터치 들어와

> 나비존 = 바쿠치올 포어 블러 프라이머<
>애플존 = 오로라 글루 프라이머<

포어블러 프라이머는 일단 밀리는것 없이 잘발림 내 모공 흉터들 잘 가려짐 + 코 모공도>_<

오로라 프라이머 = 개또라이 핑크빔 뿜뿜 광대에 당장올려 
내가 이거 바르고 흠... 오늘 볼따구가 왜이리 이쁘지 했는데 핑크빔 뿜뿜한 프라이머 덕분이였음

포어블러 프라이머는 모공도 당연히 잘 채워지지만 일단 피부 유지력을 높혀줘서 필수임

근데 오로라 프라이머가 ㄹㅇ 닉값미친듯함 
일단 속건조 없는건 둘째고 광이 너무이뻐서 메이투 필터씌운줄 알았음

평소 광빨 살려주는 제품들은 너무 묵직해서 트러블 올라왔는데 프라이머니까 얇게 올라감 안끈적거리고 정말 빔 뿜뿜함 제발...제발 꼭 써줘 제발 피부 정말 좋아보이니까 

광대 + 이마 + 코끝 = 게임끝남

내 모공 믿고 피부 믿고 꼭 써보시길 바라오

네이버 스마트 스토어에서 최저가 런칭 했으니 싸게 득템해보시길 진짜 내 모공 믿어줘

#밀크터치 #프라이머 #포어블러프라이머 #오로라프라이머 #모공삭제",Sun Aug 16 12:59:34 +0000 2026,1356503306491752448,ʀᴏsɪᴇ,rosie_dailynote,331,2,0,0,https://x.com/rosie_dailynote/status/2088973946444222486,ko,False,2026-08-17 00:06:30,한국,https://pbs.twimg.com/media/HP2GuR1aAAAmAN0.jpg
2088966994276356318,메이투,메이투 말하는 꼬라지 https://t.co/iHUfTpbd6D,Sun Aug 16 12:31:57 +0000 2026,2013851605851136000,아무,amallase,187,6,0,2,https://x.com/amallase/status/2088966994276356318,ko,False,2026-08-17 00:06:30,한국,https://pbs.twimg.com/media/HP2AaIWbEAE0nve.jpg
2088966944020132317,메이투,메이투 사람 조롱 ㄹㅈㄷ https://t.co/blMvUvAoTt,Sun Aug 16 12:31:45 +0000 2026,2008911638909550592,아야짱🐒あやちゃん,ayachan__1004,147,0,0,0,https://x.com/ayachan__1004/status/2088966944020132317,ko,False,2026-08-17 00:06:30,한국,https://pbs.twimg.com/media/HP2AXSJaYAALNja.jpg
2088954793658384536,메이투,진짜 포토제닉하시다 글고 메이투 30정도 땡긴것처럼 생기셧음,Sun Aug 16 11:43:28 +0000 2026,1900588234910130176,딛깅e,dge25ss,97,0,0,0,https://x.com/dge25ss/status/2088954793658384536,ko,False,2026-08-17 00:06:30,한국,
2088951534013022461,메이투,@wiwibif 메이투 써봣어 웅니,Sun Aug 16 11:30:31 +0000 2026,1874519049822224384,람짱,oesopop,57,1,0,0,https://x.com/oesopop/status/2088951534013022461,ko,False,2026-08-17 00:06:30,한국,
2088937790008610965,메이투,"@hulappp 아니
****은 메이투 2탄인데?",Sun Aug 16 10:35:54 +0000 2026,2040826172335181824,.,hugajx,74,0,0,1,https://x.com/hugajx/status/2088937790008610965,ko,False,2026-08-17 00:06:30,한국,
2088936532761829769,메이투,메이투 연간결제 끊어놨을거 같음,Sun Aug 16 10:30:54 +0000 2026,1988684994085285888,지혜(보릿고개기간실천중),minujune,779,0,0,0,https://x.com/minujune/status/2088936532761829769,ko,False,2026-08-17 00:06:30,한국,
2088928986407854457,메이투,"@App2cos "" 메이투 VVIP """,Sun Aug 16 10:00:55 +0000 2026,2031974906838315008,Peyz 페이즈,peyz0415,210,1,0,0,https://x.com/peyz0415/status/2088928986407854457,ko,False,2026-08-17 00:06:30,한국,
2088920175584383205,메이투,"메이투 플래시 기능 너무 궁금해 상태 됨
스노우에도 있던데 어디가 더 좋을지 . . 🫪",Sun Aug 16 09:25:54 +0000 2026,2003791950458355713,모캉이,matchabeerz,136,3,0,0,https://x.com/matchabeerz/status/2088920175584383205,ko,False,2026-08-17 00:06:30,한국,
2088905871032250630,메이투,친구가 이거보고 보정 안 한게 낫다고 해서 상처받음 나 어제 메이투 vip 결제했는데……ㅋ,Sun Aug 16 08:29:04 +0000 2026,1980702294451843072,青イ,Cheong__2,416,6,0,0,https://x.com/Cheong__2/status/2088905871032250630,ko,False,2026-08-17 00:06:30,한국,
2088904699005247977,메이투,"메이투 플래시 핫하길래 써봤는데 모야 이거,,
라이트룸 보정이 필요없네 진짜

(가운에 좀 뿌연 이유는 날 지워서 그래ㅎ) https://t.co/zfDr8q7WKZ",Sun Aug 16 08:24:24 +0000 2026,2030467169155428352,띠삐 ໒꒱‧₊,tt1pp1,819,5,6,6,https://x.com/tt1pp1/status/2088904699005247977,ko,False,2026-08-17 00:06:30,한국,https://pbs.twimg.com/media/HP1Hv5NasAAOd_w.jpg
2088900722624790919,메이투,"중안부는 둘째치고 셀카만 찍으면 저 부위가 너무 신경쓰이는 사람 있나여

저 정병 땜에 메이투 주름제거 100 꼭 해야 됨 https://t.co/6gXUulrE2e",Sun Aug 16 08:08:36 +0000 2026,1878279364225499136,삐요,cosmetic0_0,611,8,0,6,https://x.com/cosmetic0_0/status/2088900722624790919,ko,False,2026-08-17 00:06:30,한국,https://pbs.twimg.com/media/HP1EIcka8AATAK1.jpg
2088893066929397943,메이투,아 사진 왤케 못찍지 나름 메이투 역광 필터 쓴거임… 쥬르륵,Sun Aug 16 07:38:11 +0000 2026,1664992583062523905,라임모히또,limemohitto,1704,0,0,1,https://x.com/limemohitto/status/2088893066929397943,ko,False,2026-08-17 00:06:30,한국,
2088889399090266553,메이투,"@anasui118 조명추가해야하나 고민했는데
리나깅 글 덕에 메이투 알아가요😆",Sun Aug 16 07:23:37 +0000 2026,1891085196923183104,아이스아메리카노,lavenderblushpo,63,0,0,0,https://x.com/lavenderblushpo/status/2088889399090266553,ko,False,2026-08-17 00:06:30,한국,
2088880699722142118,메이투,"메이투 플래시필터 엄청 뜨네
바이럴인지 먼지는 모르겠지만 플래시필터 적용한 사진들 보면 어딘가모르게 이목구비가 Ai틱해짐 난 붐따",Sun Aug 16 06:49:02 +0000 2026,1650277773884424197,mew,pipiuoe,94,0,0,0,https://x.com/pipiuoe/status/2088880699722142118,ko,False,2026-08-17 00:06:30,한국,
2088859312731128013,메이투,@ziziokmt 메이투 눈보정 100먹인균,Sun Aug 16 05:24:03 +0000 2026,2050241648408625152,◠‿◠...,ootzzai,279,1,0,0,https://x.com/ootzzai/status/2088859312731128013,ko,False,2026-08-17 00:06:30,한국,
2088857936689045615,메이투,"아니 재현이 이거 무보정 사진이래
말 안하면 진짜 절대 모를 얼굴인데

내가 한달에 오억 내고 메이투 쓸 때

재혀니 순수체급으로 보정 100 먹인
초미녀 얼굴 나오는거 너무 황당하네 https://t.co/himmELupwG",Sun Aug 16 05:18:35 +0000 2026,1596357981817700352,lalala love,lalala10ve,4805,263,31,0,https://x.com/lalala10ve/status/2088857936689045615,ko,False,2026-08-17 00:06:30,한국,https://pbs.twimg.com/media/HP0dOKLbEAAvAsN.jpg
2088839945037467743,메이투,"메이투 정기권 결제 무조건 타오바오에사 하세요
1년권 18000원에 결제함
중궈런너무너무고마워요 사랑해요 함께해요",Sun Aug 16 04:07:06 +0000 2026,1954887131005960192,아이 Ah_E,AH_E_Beauty,1305,22,0,3,https://x.com/AH_E_Beauty/status/2088839945037467743,ko,False,2026-08-17 00:06:30,한국,
2088829682183729454,메이투,이사진 무슨 메이투 보정 100한거 처럼생김 https://t.co/8vfjig6gr6,Sun Aug 16 03:26:19 +0000 2026,1969288134287638530,예딤,yutti_45luv,844,61,3,0,https://x.com/yutti_45luv/status/2088829682183729454,ko,False,2026-08-17 00:06:30,한국,https://pbs.twimg.com/media/HP0DhQYaUAA7oCZ.jpg
2088801718125625362,메이투,메이투 유료결제해봄ㅋㅋ 이제 집코가 두렵지않다 https://t.co/DF6iDAi5Fn,Sun Aug 16 01:35:12 +0000 2026,1830979159923007488,이루카🐬,IRUKAcos,107,2,0,0,https://x.com/IRUKAcos/status/2088801718125625362,ko,False,2026-08-17 00:06:30,한국,https://pbs.twimg.com/media/HPzqFv1b0AAVfaJ.jpg
2088741568438247847,메이투,"았발
그럼안되지 하마터면 내아들욕먹이는미친줌마될뻔했네... 하지말자... 걍 메이투 가발씌우는걸로 만족함 https://t.co/0G4KnPhoY4",Sat Aug 15 21:36:11 +0000 2026,1074170078596218880,날파리살인마,dodjql,1833,6,0,1,https://x.com/dodjql/status/2088741568438247847,ko,False,2026-08-17 00:06:30,한국,
2088663469218488748,메이투,"아..나만 몰랐나바여
얼마전에 메이투 깔고 무료버전 사진보정 해보고 놀랬는데.. 대박! 
저능 이걸 누끼따서 맨피부 바탕에 붙이는건지,어플이 있는건지 했는데 방법이 있어서 다행!
당연 유료버전일거니 저두 이제 정리 빨리하고 돈 벌어야겠어여
멍때리고 가라앉아있다가 의욕이 생겨요 고마와요 뽀롱깅🥰🤦‍♀️🥰😍",Sat Aug 15 16:25:51 +0000 2026,708570257586147329,리나y,anasui118,172,1,0,0,https://x.com/anasui118/status/2088663469218488748,ko,False,2026-08-17 00:06:30,한국,
2088644976368586954,메이투,@kzzz2ng 메이투 플래시 필터 근데 체키 자체가 쨍하게 나와야 예쁘게 되는 거 가틈 ㅜㅜ,Sat Aug 15 15:12:22 +0000 2026,2017902127168008192,쥬,zusxze,137,0,0,0,https://x.com/zusxze/status/2088644976368586954,ko,False,2026-08-17 00:06:30,한국,
2088639590492143787,메이투,@sera06823 메이투 프리미엄으로 어케함 나도 프리미엄 저렇게는 못다루겠던데 ㄷㄷ,Sat Aug 15 14:50:58 +0000 2026,1961273526830366720,미루,cos_milu,301,0,0,1,https://x.com/cos_milu/status/2088639590492143787,ko,False,2026-08-17 00:06:30,한국,
2088637694314529133,메이투,"^___^ 폰으로는 잘 안보엿는데 컴 모니터로 크게보면서 개놀랬거등..;;;  입술 말고 입술 주변 인중에 털 모공;;;; 거울로는 안보이던 모공이랑 털털털까지 심하게 보여서 나두 메이투?메이츄?그거 결재해서 써야할고가테
컴 켜서 모니터로 봣는데 지금까지 올렸던 모든 립 발색이;;; 다 이랬어 (폰으로는 잘 안보이는뎅)
그래도 즥이의 칭찬에 입이 귀에 걸렸다냥~~ 
3달 주기 4번 로 인중 제모해도 저러니 저려미 제모기 찾아서 하나 들여야 하나싶긔ㅠ",Sat Aug 15 14:43:25 +0000 2026,708570257586147329,리나y,anasui118,142,1,0,0,https://x.com/anasui118/status/2088637694314529133,ko,False,2026-08-17 00:06:30,한국,
2088637078603215104,메이투,@chya2t 엉엉ㅠㅠ 메이투의 힘임 메이투 최~고,Sat Aug 15 14:40:59 +0000 2026,1969275487336681472,아리가토,arigato_cos,107,1,0,1,https://x.com/arigato_cos/status/2088637078603215104,ko,False,2026-08-17 00:06:30,한국,
2088629966900691352,메이투,떠누는 맨날 다른 주제로 잼얘 말아주니깐 디엠이 질리지가 않음. 4500원의 행복💕 b612 추억이다 진쨔 ㅋㅋㅋㅋ 요즘은 메이투 놀이😛 https://t.co/Gs5zKBWFlr,Sat Aug 15 14:12:43 +0000 2026,1983608542386147328,니시무라er,ni_1231_ki,224,4,0,0,https://x.com/ni_1231_ki/status/2088629966900691352,ko,False,2026-08-17 00:06:30,한국,https://pbs.twimg.com/media/HPxN4ZpbcAAqgL_.jpg
2088626626246709374,메이투,@0729_remember 아.. 메이투 뽐뿌오는 기능들 보여서 무료로 해주는거 테스트 해보고 엄지척 했는데... 이런것도 가능하면 이건 유료로 쓰면서 뽕 뽑아야 겟어요!! 이걸 뽀샵으로 가져가서 입술만 따서 옮겨야 하는건가 심난했는데... (다행~),Sat Aug 15 13:59:27 +0000 2026,708570257586147329,리나y,anasui118,116,0,0,0,https://x.com/anasui118/status/2088626626246709374,ko,False,2026-08-17 00:06:30,한국,
2088619051115532328,메이투,다들 메이투 필터 뭐써요? https://t.co/z0J1Ldgkjh,Sat Aug 15 13:29:21 +0000 2026,1892996342160728066,WOOYA,bi_bi_woo,740,14,1,2,https://x.com/bi_bi_woo/status/2088619051115532328,ko,False,2026-08-17 00:06:30,한국,https://pbs.twimg.com/media/HPxD9NCaIAEKaZU.jpg
2088617945153057267,메이투,@anasui118 메이투 기능중에 부드럽게..? 피부만 싹 밀어주더라구요!!,Sat Aug 15 13:24:57 +0000 2026,1910368652379238400,윤옥,0729_remember,179,1,0,1,https://x.com/0729_remember/status/2088617945153057267,ko,False,2026-08-17 00:06:30,한국,
2088615938598003061,메이투,메이투♡나 https://t.co/wV1uUbjV1J,Sat Aug 15 13:16:59 +0000 2026,1853022977241260032,커몽이,cosmongtics,1615,26,3,0,https://x.com/cosmongtics/status/2088615938598003061,ko,False,2026-08-17 00:06:30,한국,https://pbs.twimg.com/media/HPxBH9wbQAAePpR.jpg
2088608431074938889,메이투,@MGJT_e 메이투 진짜 강추요요 공쥬💖,Sat Aug 15 12:47:09 +0000 2026,1968869671844646912,쭈아🐦‍⬛,cosmetic_JJUA,110,0,0,0,https://x.com/cosmetic_JJUA/status/2088608431074938889,ko,False,2026-08-17 00:06:30,한국,
2088607369265836254,메이투,지금 눈치챘는데 처음 사진 메이투 플래시 기능 썼더니 뭔 이상한 걸 같이 들고 있음 ; ;,Sat Aug 15 12:42:55 +0000 2026,1834281661863002115,まぬら,manura_kop,99,0,0,0,https://x.com/manura_kop/status/2088607369265836254,ko,False,2026-08-17 00:06:30,한국,
2088603942519550299,메이투,메이투 이새1기조금 족 같은 광고를 하내 아주 어? https://t.co/O5cfLrgsp5,Sat Aug 15 12:29:18 +0000 2026,1427130537357955074,24ちゃん(イーサーちゃん)⚓🦷24Chan,24chanjp,1778,48,5,7,https://x.com/24chanjp/status/2088603942519550299,ko,False,2026-08-17 00:06:30,한국,https://pbs.twimg.com/media/HPw2N1masAAz0Rq.jpg
2088602084136702273,메이투,@cosmetic_JJUA 메이투 깔아야할까봐여,Sat Aug 15 12:21:55 +0000 2026,1657465454485704704,우유소녀제티,MGJT_e,125,0,0,1,https://x.com/MGJT_e/status/2088602084136702273,ko,False,2026-08-17 00:06:30,한국,
2088601969996988840,메이투,@meownyc @meitu_kr @meitu_korea 나징자 메이투 맨날써야디 ••,Sat Aug 15 12:21:28 +0000 2026,1705449200581029888,시골즥,sigolzic,80,0,0,0,https://x.com/sigolzic/status/2088601969996988840,ko,False,2026-08-17 00:06:30,한국,
2088601281493614742,메이투,"아니 메이투 플래시 기능 진짜 신기한데..?
손 흔들렸는데 좀 덜 흔들려보이게 보정해줌 https://t.co/MzNO1ggeL5",Sat Aug 15 12:18:44 +0000 2026,1973716890569879552,🍞원,eternity1_0,221,7,0,1,https://x.com/eternity1_0/status/2088601281493614742,ko,False,2026-08-17 00:06:30,한국,https://pbs.twimg.com/media/HPwzywXbcAAyZix.jpg
2088591386685940076,메이투,@sigolzic @meitu_kr @meitu_korea 메이투 영업 당한다 영업 당해….,Sat Aug 15 11:39:25 +0000 2026,2057269526102949888,이을,_leeeul,113,1,0,1,https://x.com/_leeeul/status/2088591386685940076,ko,False,2026-08-17 00:06:30,한국,
2088582017130868826,메이투,"#광고 역광이라 절망적이엇는데 
메이투 플래시로 사진 살림✌️ 신난다 

#메이투 #플래시 https://t.co/I4eQgKmJcJ",Sat Aug 15 11:02:11 +0000 2026,1330274040104235008,너큐 ナキュ,1ueNeila,4321,60,1,1,https://x.com/1ueNeila/status/2088582017130868826,ko,False,2026-08-17 00:06:30,한국,https://pbs.twimg.com/media/HPwiRZGakAAMAgQ.jpg
2088579672162607522,메이투,@miueay 메이투 깔쌈하게 써볼게♡♡,Sat Aug 15 10:52:52 +0000 2026,1746218945584254976,네네치킨(상태:발씨),iwonmm,170,1,0,0,https://x.com/iwonmm/status/2088579672162607522,ko,False,2026-08-17 00:06:30,한국,
2088579589455143115,메이투,"역광 사진 살리는 법..
분위기는 유지하고 이목구비 밝혀주기🩵

* 메이투 &gt; AI Flash &gt; 강도조절

#광고 #AI플래시 https://t.co/teAPcb5mMz",Sat Aug 15 10:52:32 +0000 2026,1964700125457969152,soul,Soulllllso,5632,18,0,0,https://x.com/Soulllllso/status/2088579589455143115,ko,False,2026-08-17 00:06:30,한국,https://pbs.twimg.com/media/HPwgEMjbEAAKAH4.jpg
2087109321511550980,meitu,"방에서도 디카 감성 바로 이렇게.. ✨        
어두운 사진 있을 때 써먹기 좋을 듯..!!

보정법은 본문에! https://t.co/yZ0HhPQrat",Tue Aug 11 09:30:13 +0000 2026,998523884423995400,Meitu 메이투 (official),meitu_kr,877,2,0,0,https://x.com/meitu_kr/status/2087109321511550980,ko,False,2026-08-17 00:06:15,한국,https://pbs.twimg.com/media/HPbmN5ibEAAbU7e.jpg
2087108394843082960,meitu,"역광 사진도 살릴 수 있음.. 
플래시 안 켜고 찍었는데 얼굴은 훨씬 잘 보여서 신기함..

🪄 보정법
메이투 &gt; AI Flash &gt; 강도 조절

#광고 #AI플래시 https://t.co/8GTRk1XzlN",Tue Aug 11 09:26:32 +0000 2026,998523884423995400,Meitu 메이투 (official),meitu_kr,1553,0,0,0,https://x.com/meitu_kr/status/2087108394843082960,ko,False,2026-08-17 00:06:15,한국,https://pbs.twimg.com/media/HPbkT0baIAAr7Nk.jpg
2087075074373497060,meitu,@babpul_dream Meitu 어플에있는데 까는거 귀찮으심 대신 돌려드리기가능,Tue Aug 11 07:14:08 +0000 2026,1315192997735133188,우즈2,ntm_uze_tmi,58,0,0,1,https://x.com/ntm_uze_tmi/status/2087075074373497060,ko,False,2026-08-17 00:06:15,한국,
2087024347299111066,meitu,"💗보정 방법💗
메이투 앱 - 편집 시작 - AI Lab - 효과 - [나무그림자] 필터 선택 후 강도 조절 해주면 끝!",Tue Aug 11 03:52:34 +0000 2026,998523884423995400,Meitu 메이투 (official),meitu_kr,770,0,0,0,https://x.com/meitu_kr/status/2087024347299111066,ko,False,2026-08-17 00:06:15,한국,
2086874361672433838,meitu,ออมอ ที่ไหนนิ กลัวㅠㅠ,Mon Aug 10 17:56:34 +0000 2026,980145656416280576,ᴘʀᴍɪᴏ ッ,wjaingpr,1010,0,0,0,https://x.com/wjaingpr/status/2086874361672433838,ko,False,2026-08-17 00:06:15,한국,
2043300215667749005,뷰티캠,"#광고 망한 사진 AS 해드립니다!

흐린 하늘 바꿔주는 필터 써봤는데 
넘 자연스러워서 엄마 인생사진 만들어줌,,

날씨 때문에 망한 사진 
저한테 멘션으로 보내주면 
제가 살려드릴게요 (선착순

️뷰티캠 앱 - 포토샵 - 장면 - 역광/맑음

#뷰티캠 #AI글로우 @beautycam_kr #쏘왓팁 https://t.co/echPRbf7aM",Sun Apr 12 12:08:28 +0000 2026,1171164503934824450,Sowhat,sowhat__j,97963,53,13,2,https://x.com/sowhat__j/status/2043300215667749005,ko,False,2026-08-13 00:09:20,한국,https://pbs.twimg.com/media/HFtCtx5bUAA3ce-.jpg
2087546968436543590,메이투,뭐라는거야 나는 메이투 공장밖에 안돌렷어 칼은 안댓다고,Wed Aug 12 14:29:16 +0000 2026,1703614608756654080,하루,yakunaguri,111,1,0,0,https://x.com/yakunaguri/status/2087546968436543590,ko,False,2026-08-13 00:08:17,한국,
2087540764322709683,메이투,"메이투 유료 없이 이비스로만 머리카락 보정
&amp;호비아카 따라잡기로 모자이크 하기

튜토리얼 영상 만들어왔습니당!! https://t.co/6bpfsOhPKy",Wed Aug 12 14:04:37 +0000 2026,1804772989650817024,DV彼女♡아가천사기쁜둥이(수컷)🛌ᶻᶻᶻ mode:얀大레,angelbabying,14731,174,9,1,https://x.com/angelbabying/status/2087540764322709683,ko,False,2026-08-13 00:08:17,한국,
2087537847897293173,메이투,@anasui118 ㅇㅈ 메이투 하다보면 막 30분씩 시간 삭제돼있어ㅋㅋㅋㅋㅋㅋ,Wed Aug 12 13:53:02 +0000 2026,1981464681622667264,자몽,fufu18681,33,0,0,0,https://x.com/fufu18681/status/2087537847897293173,ko,False,2026-08-13 00:08:17,한국,
2087533306149765369,메이투,🌿메이투 앱 - 편집 시작 - AI Lab - 효과 - [나무그림자] 필터 선택 후 강도 조절 해주면 끝! (30-55 사이가 자연스러웠어용) https://t.co/cUD9WGumIo,Wed Aug 12 13:34:59 +0000 2026,993488545988861952,𝒑𝒊𝒂🍏,beloved_cherish,1089,7,1,0,https://x.com/beloved_cherish/status/2087533306149765369,ko,False,2026-08-13 00:08:17,한국,https://pbs.twimg.com/media/HPhod5UawAAkk6x.jpg
2087526235887026592,메이투,메이투 존나 사랑함 그냥,Wed Aug 12 13:06:53 +0000 2026,2041536944879116288,한 (상태: 건포도빵싫어),h4xi_0,41,0,0,1,https://x.com/h4xi_0/status/2087526235887026592,ko,False,2026-08-13 00:08:17,한국,
2087526218715615277,메이투,"메이투 유료결제햇다
기다려라 사진들아",Wed Aug 12 13:06:49 +0000 2026,1722814567078887424,영 (映),nuitel_,825,33,0,0,https://x.com/nuitel_/status/2087526218715615277,ko,False,2026-08-13 00:08:17,한국,
2087519571800678745,메이투,"메이투-편집시작- Al Lab- 효과- 나무그림자

입니다!!",Wed Aug 12 12:40:24 +0000 2026,1613044096939216896,너구리,cu_is_guri,160,2,0,0,https://x.com/cu_is_guri/status/2087519571800678745,ko,False,2026-08-13 00:08:17,한국,
2087512681679139099,메이투,호두는 봤었는데 별도 저거 쓴 줄 이제 알았네 ㅋㅋㅋㅋ 저거 그거자나 메이투 스티커 https://t.co/WiSfENXVpy,Wed Aug 12 12:13:02 +0000 2026,1437356779415867395,𝒘𝒆𝒊,_walnutzz_,155,2,0,0,https://x.com/_walnutzz_/status/2087512681679139099,ko,False,2026-08-13 00:08:17,한국,https://pbs.twimg.com/media/HPhU0IDakAANztu.jpg
2087501365694370223,메이투,"#광고

초록초록한 여름 사진에 뭔가 부족한 느낌이 들때 다들 메이투 나무그림자 효과 한번 적용해보시길✨

메이투 앱 - 편집 시작 - AI Lab - 효과 - [나무그림자] 필터 선택 후 강도 조절 해주면 돼요! https://t.co/xZikgInY8f",Wed Aug 12 11:28:04 +0000 2026,1745011254115360768,໊,iamalehkim,2776,9,0,0,https://x.com/iamalehkim/status/2087501365694370223,ko,False,2026-08-13 00:08:17,한국,https://pbs.twimg.com/media/HPhLaTla4AAZmLr.jpg
2087495739794678034,메이투,메이투 앱 튕겨서 보정하던 사진 날아갓는데 이거 복구하는 방법 없죠.... 아개짜증나진짜땅바닥에한시간버림,Wed Aug 12 11:05:42 +0000 2026,1878841529986596864,1,luxkyone_,71,0,0,0,https://x.com/luxkyone_/status/2087495739794678034,ko,False,2026-08-13 00:08:17,한국,
2087488864281903134,메이투,"분명 대낮에 밖에서 찍었는데 칙칙하면 무조건 메이투 이거 써보세요 ..🧘🏼‍♀️

#광고 지만 저는 원래 메이투 보정만 하기 때문에 진심 추천.. (푸꾸옥 날씨 🐶망해서 사진 못 올렸는데 이걸로 광명찾음)

📍 방법: 메이투 앱 - 편집 시작 - AI lab - 효과 [나무 그림자] - 알아서 조절 https://t.co/wa4DvyVbpw",Wed Aug 12 10:38:23 +0000 2026,2784171529,단,himehawatasi,1415,15,1,0,https://x.com/himehawatasi/status/2087488864281903134,ko,False,2026-08-13 00:08:17,한국,https://pbs.twimg.com/media/HPhACE9b0AAlXrA.jpg
2087488673675894924,메이투,@9i____n 난 메이투 프리미엄,Wed Aug 12 10:37:38 +0000 2026,1946045234435305472,ろん,r0nzza,49,0,0,1,https://x.com/r0nzza/status/2087488673675894924,ko,False,2026-08-13 00:08:17,한국,
2087477296454402318,메이투,@0ndoliy @meitu_kr 나두 메이투 ㄴㅁ사랑해 ..🩷🧏🏻‍♀️,Wed Aug 12 09:52:25 +0000 2026,1967498475894980608,H 𓂃◌𓈒♡,aeeaheeh,115,0,0,0,https://x.com/aeeaheeh/status/2087477296454402318,ko,False,2026-08-13 00:08:17,한국,
2087476139036160276,메이투,"보정 방법🌟🌟
메이투 앱 - 편집 시작 - AI Lab - 효과 - [나무그림자] 필터 선택 후 강도 조절 해주면 끝!",Wed Aug 12 09:47:49 +0000 2026,1852559543089414144,ondo,0ndoliy,276,9,0,0,https://x.com/0ndoliy/status/2087476139036160276,ko,False,2026-08-13 00:08:17,한국,
2087476134334394515,메이투,[광고] 햇빛이나 색감이 부족할 때 쓰기 좋은 메이투 시원한 나무그늘 AI 효과 발견 .ᐟ 〰️ https://t.co/n4ULSLSGuZ,Wed Aug 12 09:47:48 +0000 2026,1852559543089414144,ondo,0ndoliy,4473,74,30,4,https://x.com/0ndoliy/status/2087476134334394515,ko,False,2026-08-13 00:08:17,한국,https://pbs.twimg.com/media/HPg0cvNawAAl75T.jpg
2087452962075631829,메이투,"저 리본머리햇어요
님들아 저 글구 메이투 유료업이 이비스로 머리 정리하는법 알아냄 (타래로) https://t.co/6mpQobviAn",Wed Aug 12 08:15:43 +0000 2026,1804772989650817024,DV彼女♡아가천사기쁜둥이(수컷)🛌ᶻᶻᶻ mode:얀大레,angelbabying,29587,166,5,5,https://x.com/angelbabying/status/2087452962075631829,ko,False,2026-08-13 00:08:17,한국,https://pbs.twimg.com/media/HPgfZitbQAAUXkv.jpg
2087431537621164338,메이투,메이투 신기한거 개많네 https://t.co/RsCkgq6rXl,Wed Aug 12 06:50:35 +0000 2026,2025549783025508352,모혜,____soupsoup,160,3,1,0,https://x.com/____soupsoup/status/2087431537621164338,ko,False,2026-08-13 00:08:17,한국,https://pbs.twimg.com/media/HPgL61wboAA-c-X.jpg
2087430144910901507,메이투,"요즘 애용하는 필터 메이투 -G7x 
칙칙한 기본카메라 평범한 사진에서
핀터레스트 감성st으로 채광 쫙 잡아줌 https://t.co/A1JcneuStN",Wed Aug 12 06:45:03 +0000 2026,2025829748904267777,또요,1seyke,2141,21,2,4,https://x.com/1seyke/status/2087430144910901507,ko,False,2026-08-13 00:08:17,한국,https://pbs.twimg.com/media/HPgKpksbgAAD66I.jpg
2087420465975578785,메이투,메이투 1년권 타오바오에서 사야겠다 ㅎ.ㅎ,Wed Aug 12 06:06:36 +0000 2026,1780107893897039873,르,Star_fromor,85,0,0,0,https://x.com/Star_fromor/status/2087420465975578785,ko,False,2026-08-13 00:08:17,한국,
2087416453159117210,메이투,메이투 새로운 앱 출시해서 해봤더니 너무 나랑 스타일 안맞아...걍 기존 노가다를 하게되,Wed Aug 12 05:50:39 +0000 2026,732220263031394304,🎗민트나무🕯,_mint_lover,135,4,0,0,https://x.com/_mint_lover/status/2087416453159117210,ko,False,2026-08-13 00:08:17,한국,
2087396118376399290,메이투,이 렌즈 메이투 보정에 있는데,Wed Aug 12 04:29:51 +0000 2026,1793476013734993920,개돼지,biankaturiw,248,0,0,0,https://x.com/biankaturiw/status/2087396118376399290,ko,False,2026-08-13 00:08:17,한국,
2087339229324234900,메이투,"타오바오 메이투 사봣다
이제 이걸로 보정해볼게유
지금 쓰는건 너무 가내수공업임",Wed Aug 12 00:43:47 +0000 2026,1676158359320526849,뚀,ttyo_otaku,1017,3,0,1,https://x.com/ttyo_otaku/status/2087339229324234900,ko,False,2026-08-13 00:08:17,한국,
2087308643964526783,메이투,"@sen_sen_111 이것은 가공이니께.. 30분을 메이투 갈궜슴미댱..
언니가 ㄷㅓ... 🥺💗",Tue Aug 11 22:42:15 +0000 2026,1665316854079049729,시아,siaoO_q,99,0,0,0,https://x.com/siaoO_q/status/2087308643964526783,ko,False,2026-08-13 00:08:17,한국,
2087225354910044273,메이투,메이투,Tue Aug 11 17:11:18 +0000 2026,945986408304410624,이연,hanyeoulc,472,0,0,0,https://x.com/hanyeoulc/status/2087225354910044273,ko,False,2026-08-13 00:08:17,한국,
2087216650055795137,메이투,"메이투 앞머리 기능 첨 써봤는데 완전 신세계!! 이제 헝크러진 앞머리 빗으로 안빗고 고정 안해도 된다!!!
before.                       after https://t.co/0OrgcrPQL9",Tue Aug 11 16:36:42 +0000 2026,1739114348591849472,쑤의 써클,keulim0484,1035,7,0,0,https://x.com/keulim0484/status/2087216650055795137,ko,False,2026-08-13 00:08:17,한국,https://pbs.twimg.com/media/HPdIawqacAAb_fc.jpg
2087185661648568339,메이투,담달에 타오바오로 메이투 1년 끊어야지 나 이방법으로 굿노트 200원에삼,Tue Aug 11 14:33:34 +0000 2026,2070586746132410368,듀,colony_q,839,3,0,3,https://x.com/colony_q/status/2087185661648568339,ko,False,2026-08-13 00:08:17,한국,
2087185066439163912,메이투,@wcwow8 메이투 하고 인생의 질이 달라짐,Tue Aug 11 14:31:12 +0000 2026,2070586746132410368,듀,colony_q,105,0,0,1,https://x.com/colony_q/status/2087185066439163912,ko,False,2026-08-13 00:08:17,한국,
2087180898404012532,메이투,"나우즈들 진짜 틱톡 도우인 메이투
보정 100 먹인 것 처럼 생김",Tue Aug 11 14:14:38 +0000 2026,1781752993022623744,션,ocea_n_heart,234,1,0,0,https://x.com/ocea_n_heart/status/2087180898404012532,ko,False,2026-08-13 00:08:17,한국,
2087177871517426030,메이투,@col1ectU 메이투 ㄱ,Tue Aug 11 14:02:37 +0000 2026,1782643297816834048,신현빈,love_is_a_song,117,1,0,0,https://x.com/love_is_a_song/status/2087177871517426030,ko,False,2026-08-13 00:08:17,한국,
2087155938327454066,메이투,"메쿠연습 약 2주? 정도 되었습니다
근데 하고나서 사진찍을때마다 느끼는데
이게 메이크업 연습인지 메이투 성능 체감인지
헷갈리네요ㅎㅎ...

암튼 연습 겸 집코 오신령 토모에...임니다... https://t.co/3Neg576uxy",Tue Aug 11 12:35:27 +0000 2026,2034547159979487232,데하,DayHaru_cos,434,18,0,1,https://x.com/DayHaru_cos/status/2087155938327454066,ko,False,2026-08-13 00:08:17,한국,https://pbs.twimg.com/media/HPcRQxGbIAACEUx.jpg
2087091178399494652,메이투,"메이투 보정 레전드다
다들 타오바오에서 1700원의 행복을 누리시긔 https://t.co/dGJTkHnKTw",Tue Aug 11 08:18:07 +0000 2026,1936838210157694976,쟌잔히,janjahnhee,485704,982,60,3,https://x.com/janjahnhee/status/2087091178399494652,ko,False,2026-08-13 00:08:17,한국,https://pbs.twimg.com/media/HPbWW_XaQAAMXlZ.jpg
2087084444863840381,메이투,"읠과 넨 에게 3500원씩 받고 오는 길
이제 메이투 성형외과에서 3시간동안 차가운 수술대에 누워야함",Tue Aug 11 07:51:22 +0000 2026,2047260660116119552,wawa,15wawa36,358,1,0,0,https://x.com/15wawa36/status/2087084444863840381,ko,False,2026-08-13 00:08:17,한국,
2087064849117499477,메이투,메이투 앱에서 얼굴 크기 -100한거 같은 사진은 뭐지 https://t.co/cGqTN6oewu,Tue Aug 11 06:33:30 +0000 2026,1627552800971575296,루이,luiii_1122,3525,90,8,0,https://x.com/luiii_1122/status/2087064849117499477,ko,False,2026-08-13 00:08:17,한국,https://pbs.twimg.com/media/HPa-T-NaoAAI8Ia.jpg
2087061412875313566,메이투,"타바에서 메이투 븨앞 사봣고 좋으네요 ㅋㅋ
보정할일 잇을때마다 사서 쓰기 좋을듯
3일권 300원대 ㄷㄷ https://t.co/jELI8xdbYk",Tue Aug 11 06:19:51 +0000 2026,2004124526842638336,뽁,gaemichin_nom,2489,10,0,0,https://x.com/gaemichin_nom/status/2087061412875313566,ko,False,2026-08-13 00:08:17,한국,https://pbs.twimg.com/media/HPa7SqnagAADhZ2.jpg
2087058759390556406,메이투,@silkcatkitty 메이투 써보고싶어서 사진찍으려고 그냥 대충 화장한건데 생각보다 잘돼서...ㅋㅋ 이럴때만 꼭 잘먹더라 ......,Tue Aug 11 06:09:18 +0000 2026,1874948000793108480,퍼맛,pp_S2971107,89,1,0,0,https://x.com/pp_S2971107/status/2087058759390556406,ko,False,2026-08-13 00:08:17,한국,
2087058452095090796,메이투,김지수 얼굴이 메이투 보정 100한 얼굴이야 https://t.co/6aKy8PMg4q,Tue Aug 11 06:08:05 +0000 2026,1696768029819105280,Q,whxjos,543,2,0,0,https://x.com/whxjos/status/2087058452095090796,ko,False,2026-08-13 00:08:17,한국,https://pbs.twimg.com/media/HPa4mbXboAA1fBq.jpg
2087054359393919405,메이투,메이투 싸게이용할수있는 정보트윗 이제야 내눈앞에나타나는거 존나열받어 아 나 1년에 48천원주고 구독했어씨배르어…..,Tue Aug 11 05:51:49 +0000 2026,1742203284503531520,ㅊㅆㅌㅅㅇ,chaptanggang,411,0,0,0,https://x.com/chaptanggang/status/2087054359393919405,ko,False,2026-08-13 00:08:17,한국,
2087010206144463036,메이투,이거 메이투 보정 이런것도아니고 기사사진이란다..............박광hoon님 삔머니 이두분 사이에서 나온 순수체급 #자연미남임 https://t.co/qeFkHWTdQK,Tue Aug 11 02:56:22 +0000 2026,1969313071262023680,욧시( ˃᷄˶˶̫˶˂᷅ ),yotssi_shi,1340,74,4,0,https://x.com/yotssi_shi/status/2087010206144463036,ko,False,2026-08-13 00:08:17,한국,https://pbs.twimg.com/media/HPaMt-Oa8AAxPkM.jpg
2086869648872751283,메이투,"@isuzhd 아이폰 기본보정
노출 +5
휘도 +25
하이라이트 +20
대비 -20
밝기 +25
채도 -17
따뜻함 -20
색조 +10

메이투 색상 -&gt; HSL -&gt; 노란색
색조 -15
채도 -100

입니다~~!

노출/휘도는 사진에 따라서 맘에 드시는 색감으로 조정하시는거 추천드립니당",Mon Aug 10 17:37:51 +0000 2026,2004124526842638336,뽁,gaemichin_nom,51879,1162,201,1,https://x.com/gaemichin_nom/status/2086869648872751283,ko,False,2026-08-13 00:08:17,한국,
2086862842658238955,메이투,@dyudyu00_00 저두 메이투 썻능데..돈을 오째서..,Mon Aug 10 17:10:48 +0000 2026,2029869222135046144,이얀,o_o__L,107,0,0,1,https://x.com/o_o__L/status/2086862842658238955,ko,False,2026-08-13 00:08:17,한국,
2086850867656028416,메이투,"@kredturtle2 저러고있는데잘생긴게존나어이없어서그동안의댓글에정보달아주세요,메이투 등은 아무쓸모없단걸새삼깨달아서현타까지옴",Mon Aug 10 16:23:13 +0000 2026,2020133168955977728,냥우,heeeara1,84,0,0,0,https://x.com/heeeara1/status/2086850867656028416,ko,False,2026-08-13 00:08:17,한국,
2086825056500634000,메이투,@Miiiiiiiiiii39 자기야 메이투 싸게 쓸 수 잇는 법이 잇대,Mon Aug 10 14:40:39 +0000 2026,1851183813378068480,☁️,g_u1e_,250,1,0,1,https://x.com/g_u1e_/status/2086825056500634000,ko,False,2026-08-13 00:08:17,한국,
2086819686415823006,메이투,"@h_a_in__ 아하.....
우우 메이투 비싸죠…",Mon Aug 10 14:19:19 +0000 2026,1993845167791702016,래키,lackey_0087,123,0,0,0,https://x.com/lackey_0087/status/2086819686415823006,ko,False,2026-08-13 00:08:17,한국,
2086815675524538835,메이투,메이투 미친 개웃겨 https://t.co/eQyTGztNhE,Mon Aug 10 14:03:22 +0000 2026,2005576044976513024,Mei,Mei_cos10,7783,674,79,3,https://x.com/Mei_cos10/status/2086815675524538835,ko,False,2026-08-13 00:08:17,한국,https://pbs.twimg.com/media/HPXby7GbEAA5Qlf.jpg
2086813285891051775,메이투,"아니 이날 얼굴 뭔데 
얘만 메이투 필터 껴준거 아니고? https://t.co/kzTBqj665E",Mon Aug 10 13:53:53 +0000 2026,2053690428957003777,범부,climbingupyou,2926,69,1,0,https://x.com/climbingupyou/status/2086813285891051775,ko,False,2026-08-13 00:08:17,한국,https://pbs.twimg.com/media/HPXZnJ5bgAAGbCo.jpg
2086808544209469870,메이투,"체키 편지를 보다가 
메이투 보정법을 저장할 수 있다는 사실을 방금 깨달음
인생개쳐망함(약1시간) https://t.co/SlzAuXOVds",Mon Aug 10 13:35:02 +0000 2026,2010856626899861506,z_1_g_1,z_one_g_one,134,1,0,0,https://x.com/z_one_g_one/status/2086808544209469870,ko,False,2026-08-13 00:08:17,한국,https://pbs.twimg.com/media/HPXVR8cbcAAeuIW.jpg
2086237645261426750,meitu,@rena_beauty07 @meitu_jp Meitu 없이는 SNS 못해 이젠😭,Sat Aug 08 23:46:29 +0000 2026,2046413658755096576,ⱼₐₙₑ,Eveniffen,334,1,0,0,https://x.com/Eveniffen/status/2086237645261426750,ko,False,2026-08-13 00:07:42,한국,
2015726623824503262,meitu,"7. TIME 차이나AI테크액티브

중국 AI산업의 성장을 주도하는 중국, 홍콩, 대만 리딩 테크 기업에 투자하는 ETF로, 구성 종목은 다음과 같습니다.

Nanya Technology Corp (비중: 7.20%)
Zhongji Innolight Co Ltd (비중: 5.35%)
Powerchip Semiconductor Manufacturing Corp (비중: 5.21%)
Eoptolink Technology Inc Ltd (비중: 5.14%)
Hua Hong Semiconductor Ltd (비중: 4.80%)
UBTech Robotics Corp Ltd (비중: 4.71%)
Alibaba Group Holding Ltd (비중: 4.12%)
Elite Material Co Ltd (비중: 3.89%)
Zhejiang Sanhua Intelligent Controls Co Ltd (비중: 3.64%)
Zhejiang Rongtai Electric Material Co Ltd (비중: 3.55%)
Cambricon Technologies Corp Ltd (비중: 3.49%)
Baidu Inc (비중: 2.76%)
Semiconductor Manufacturing International Corp (비중: 2.56%)
MediaTek Inc (비중: 2.44%)
Suzhou Dongshan Precision Manufacturing Co Ltd (비중: 2.35%)
Ganfeng Lithium Group Co Ltd (비중: 2.24%)
Leader Harmonious Drive Systems Co Ltd (비중: 2.10%)
Contemporary Amperex Technology Co Ltd (비중: 2.08%)
Hesai Group (비중: 1.93%)
SenseTime Group Inc (비중: 1.78%)
Pony AI Inc (비중: 1.58%)
ASE Technology Holding Co Ltd (비중: 1.53%)
Tencent Holdings Ltd (비중: 1.49%)
NAURA Technology Group Co Ltd (비중: 1.42%)
HSTECH INDEX FUT JAN 2026 (비중: 1.34%)
Horizon Robotics (비중: 1.31%)
CGN Mining Co Ltd (비중: 1.29%)
Innolux Corp (비중: 1.29%)
Shenzhen Inovance Technology Co Ltd (비중: 1.29%)
Macronix International Co Ltd (비중: 1.27%)
Shenzhen Dobot Corp Ltd (비중: 1.16%)
Shenzhen Hans CNC Technology Co Ltd (비중: 1.00%)
Guangdong Dtech Technology Co Ltd (비중: 1.00%)
Winbond Electronics Corp (비중: 0.91%)
China Northern Rare Earth Group High-Tech Co Ltd (비중: 0.91%)
Taiwan Semiconductor Manufacturing Co Ltd (비중: 0.89%)
Kuaishou Technology (비중: 0.80%)
Bright Smart Securities & Commodities Group Ltd (비중: 0.78%)
Accton Technology Corp (비중: 0.76%)
XPeng Inc (비중: 0.72%)
Meitu Inc (비중: 0.71%)
Quanta Computer Inc (비중: 0.68%)
Kingsoft Corp Ltd (비중: 0.63%)
Novatek Microelectronics Corp (비중: 0.62%)
Henan Shijia Photons Technology Co Ltd (비중: 0.49%)
Xiaomi Corp (비중: 0.47%)
China Aerospace Times Electronics Co Ltd (비중: 0.46%)
Zhejiang Leapmotor Technology Co Ltd (비중: 0.45%)
BYD Co Ltd (비중: 0.43%)
NetEase Inc (비중: 0.40%)
China Spacesat Co Ltd (비중: 0.35%)
현금 (비중: 0.23%)",Mon Jan 26 10:00:52 +0000 2026,1985941865141846025,ReS,ReS0403,645,2,1,1,https://x.com/ReS0403/status/2015726623824503262,ko,False,2026-08-13 00:07:42,한국,https://pbs.twimg.com/media/G_lGdk2akAArRe4.jpg
2012450771036696696,meitu,"#miromance 
#cosplay 

⚠️ meitu ai로 만든 사진입니다 https://t.co/q2WSFYGzqp",Sat Jan 17 09:03:47 +0000 2026,1939850839298121729,기철,pride_saja02,2206,47,11,0,https://x.com/pride_saja02/status/2012450771036696696,ko,False,2026-08-13 00:07:42,한국,https://pbs.twimg.com/media/G-2pTwLaIAAhf4u.jpg
2012119830267330957,meitu,"🥀⋆

섹시 언니

#Meitu https://t.co/WLkUkFxUCp",Fri Jan 16 11:08:45 +0000 2026,1401102432986230784,ムギ=ゾルディック,mugi_melo_,1786,43,2,2,https://x.com/mugi_melo_/status/2012119830267330957,ko,False,2026-08-13 00:07:42,한국,https://pbs.twimg.com/media/G-x7DmXa4AEmjqr.jpg
2010637885314334807,meitu,"멍멍!! 다들 주목! 👀🐾
오늘은 바로 미래 스타강쥐
바로 나! 봄식이의 핫★데뷔 날이다멍!😎

밖에 눈도 오는뎅.. 집에서 <스프링 피버> 보면서
나 응원해 주면 조케따멍! 🐶💗  - 봄식 -

※ 본 이미지는 AI(meitu)로 제작된 콘텐츠입니다.

[월화] 저녁 8:50ㅣtvN
#즐거움엔20tvN #스프링피버 #SpringFever",Mon Jan 12 09:00:02 +0000 2026,335749973,tvN drama,CJnDrama,15085,254,38,2,https://x.com/CJnDrama/status/2010637885314334807,ko,False,2026-08-13 00:07:42,한국,https://pbs.twimg.com/media/G-cjfkiaUAAuEcY.jpg
2009613728002757114,meitu,"각오가 아니라
meitu 
beauty plus 
tiktok 
이겠죠",Fri Jan 09 13:10:24 +0000 2026,1530796939033575424,인,zzoini,1877,2,0,0,https://x.com/zzoini/status/2009613728002757114,ko,False,2026-08-13 00:07:42,한국,
2005551901237190798,meitu,"해외 기업의 투자 사례: Tesla, Nike, Meitu - 김기동 법무법인 로백스 대표변호사, 이창운 리앤인사이트 대표

“해외 글로벌 기업이 어떻게 불리한 회계기준 속에서도 비트코인 보유를 전략화하고(Tesla), NFT를 고객 경험 혁신과 수익 모델 창출의 수단으로 활용했는지(Nike), 그리고 가상자산 보유를 재무적 목적을 넘어 기술 개발 및 사업모델 혁신과 연계하면서 이해관계자들을 어떻게 설득했는지(Meitu)에 대해 실제 사례를 통해 보여주려고 한다.”

https://t.co/h3YDUr7zvM",Mon Dec 29 08:10:09 +0000 2025,330823671,법률신문,lawtimes_tw,243,1,0,0,https://x.com/lawtimes_tw/status/2005551901237190798,ko,False,2026-08-13 00:07:42,한국,
2086112452052418963,뷰티캠,"아 스노우 카메라 확대된거 안 고쳐져서 걍 지우고 뷰티캠 깔아서 멤버십햇어 ꒦ິ^꒦ິ
짜증 짜증.. 스노우 돌려내 ㄹㅇ ㅁㅊ겟음;;;",Sat Aug 08 15:29:01 +0000 2026,1424032652449894402,노팬의 카리스마 하이니,rzdayo,186,0,0,0,https://x.com/rzdayo/status/2086112452052418963,ko,False,2026-08-10 00:08:36,한국,
2084181700737925183,뷰티캠,예뽀 ㅠ.ㅠ    뷰티캠,Mon Aug 03 07:36:54 +0000 2026,1772459509283479552,pp,idao1440,218,1,0,0,https://x.com/idao1440/status/2084181700737925183,ko,False,2026-08-10 00:08:36,한국,
2086533451633901812,메이투,나 관리 0의 여자라 옷화장품신발가방정보:쉬인테무알리 와꾸: 메이투 로 쇼부봐서알려달라고하면알려줄수가없네 못생겼다 싶으면 주먹으로 셀프 타이마사지 함,Sun Aug 09 19:21:55 +0000 2026,2060718744452923392,イロ,olrosam,43,0,0,0,https://x.com/olrosam/status/2086533451633901812,ko,False,2026-08-10 00:07:52,한국,
2086459761374154813,메이투,@dyw7z1t8_mgcl 메이투 교정의 힘♡,Sun Aug 09 14:29:06 +0000 2026,1784370780589219840,햇반,instant_rice613,95,1,0,1,https://x.com/instant_rice613/status/2086459761374154813,ko,False,2026-08-10 00:07:52,한국,
2086444452969918475,메이투,메이투 넘 야르인점 •...•.... 이제 스꾸 안해두 됨 알아서 해줌 https://t.co/h3ovDNF3aY,Sun Aug 09 13:28:16 +0000 2026,1690390945190322176,Yu,likeastar_O,123,0,0,0,https://x.com/likeastar_O/status/2086444452969918475,ko,False,2026-08-10 00:07:52,한국,https://pbs.twimg.com/media/HPSKKw4awAAESB1.jpg
2086418496234361287,메이투,"올릴 수 있는 사진이 이거밖에 없다
사진 정리하기 귀찮아 삥삥삥
메이투 결제해볼까 하는데 어떤가요 ,, https://t.co/i0ySa81rBq",Sun Aug 09 11:45:07 +0000 2026,2033459137775116288,미,Miiiiiiiiiii39,110,3,0,0,https://x.com/Miiiiiiiiiii39/status/2086418496234361287,ko,False,2026-08-10 00:07:52,한국,https://pbs.twimg.com/media/HPRyj9AbwAAlNf1.jpg
2086410119852835079,메이투,메이투 ai무료체험 아니고 ㄹㅇ인거죠? https://t.co/a0pvTwWi3K,Sun Aug 09 11:11:50 +0000 2026,1853293437443031040,공칠구,daggu0079,2075,80,4,0,https://x.com/daggu0079/status/2086410119852835079,ko,False,2026-08-10 00:07:52,한국,https://pbs.twimg.com/media/HPRq8h5bUAAcJ_H.jpg
2086398078513524992,메이투,"메이투👍👍👍 대박이구나?!
폰으로 찍은 밤티 사진 한장 무료버전으로 보정해봤는데 ㄷㄷ!!
틱톡처럼 막 요상해 지지도 않고 진짜 자연스럽게 보정되서 무료 리밋 걸리면 유료결재 하게될거 같은;;
무료버전 몇개까지 저장가능한지 모르지만 막히는 순간 긁을거 같음;;😂😂

메이투(free입체적윤곽) / 폰카 원본",Sun Aug 09 10:23:59 +0000 2026,708570257586147329,리나y,anasui118,327,2,0,2,https://x.com/anasui118/status/2086398078513524992,ko,False,2026-08-10 00:07:52,한국,https://pbs.twimg.com/media/HPRf-eda0AAQZS2.jpg
2086397749495533672,메이투,@chonin0529 솔직히 박지훈 혼자 남들 눈에는 스노우/메이투 보정 100 먹인 것처럼 보이는 기술 속에서 살고 있는 게 아니면 말이 안 됨;;,Sun Aug 09 10:22:41 +0000 2026,2049846527070187520,문빗,moon__bit,329,0,0,1,https://x.com/moon__bit/status/2086397749495533672,ko,False,2026-08-10 00:07:52,한국,
2086386007881236538,메이투,아니 근데 사람이 보정을 하던말던 뭔상관임? 실제로 볼사람도 ㅇㄴ고 사귈사람도 ㅇㄴ데 라고 하면서 메이투 키기,Sun Aug 09 09:36:02 +0000 2026,1928801245374066688,독고성구,private_dokgo,107,0,0,0,https://x.com/private_dokgo/status/2086386007881236538,ko,False,2026-08-10 00:07:52,한국,
2086353592861282532,메이투,콘서트 보는데 저장공간 없어서 메이투 지움..,Sun Aug 09 07:27:13 +0000 2026,1845259284336214019,진진,ZxN_Cos,164,2,0,0,https://x.com/ZxN_Cos/status/2086353592861282532,ko,False,2026-08-10 00:07:52,한국,
2086343168119976329,메이투,사실작년사진인데 메이투 유료결제한김에•••,Sun Aug 09 06:45:48 +0000 2026,1389251131973328900,덕수⚓️,MAZO_DS,174,0,0,0,https://x.com/MAZO_DS/status/2086343168119976329,ko,False,2026-08-10 00:07:52,한국,
2086298809982984509,메이투,"메이투 눈물고랑 커버버튼누른거같은 미친템 컨실러해도 눈밑다크, 톤 얼룩덜룩한사람 제발 투슬포 페이스큐브 발라봐.. 투슬래시포 레몬컨실러도 레몬컨실러인데 페이스큐브 질감이 개좋아서 이거 이 베이지색에 질감 그대로 파우더로 나왔으면 좋겠음 왜냐면 지금내가이걸걍파우더처럼씀 레몬컨실러로 다크커버하고 땅땅한 모공브러쉬로 페이스큐브 베이지색 슥슥 묻혀서 눈밑에 스윽 바르면 건조한눈밑인데도 안갈라지고 뽀용~하고 톤 일정하게 블러처리한거같음 글고 팔자랑 입가에도 쓰윽 쓸어줌",Sun Aug 09 03:49:32 +0000 2026,1761828518651113472,무민,babymoomoomin,172763,1503,322,2,https://x.com/babymoomoomin/status/2086298809982984509,ko,False,2026-08-10 00:07:52,한국,https://pbs.twimg.com/media/HPQFtEJagAAsn5C.jpg
2086296364967948411,메이투,@moonren530 메이투는 날 여자로 인식해서 메이투 지움,Sun Aug 09 03:39:49 +0000 2026,2014687518609047555,서호,gimdan09,65,0,0,1,https://x.com/gimdan09/status/2086296364967948411,ko,False,2026-08-10 00:07:52,한국,
2086281343235915814,메이투,"메이투 유료 결제해서 써보고 있는데...
편하고 좋네요...😆",Sun Aug 09 02:40:08 +0000 2026,1939263575065042944,유강ꔛ,ugang_n,309,2,0,0,https://x.com/ugang_n/status/2086281343235915814,ko,False,2026-08-10 00:07:52,한국,
2086228361681240566,메이투,"메이투 돌린건데 은근 나쁘지 않지 않나여
전문샵에서 진단받은 내용이랑 되게 비슷한데 https://t.co/g7jYZZKtBj",Sat Aug 08 23:09:36 +0000 2026,2030832161008553984,돌돌,doldol312823,302,4,0,0,https://x.com/doldol312823/status/2086228361681240566,ko,False,2026-08-10 00:07:52,한국,https://pbs.twimg.com/media/HPPFoRLaAAEF8kX.jpg
2086120968037314573,메이투,쉬발 번장 메이투 교보문고 지우고 디엠됨^^,Sat Aug 08 16:02:51 +0000 2026,1942599054078443520,잉,ducls16,347,1,0,0,https://x.com/ducls16/status/2086120968037314573,ko,False,2026-08-10 00:07:52,한국,
2086076938196824125,메이투,사실 안 가리고 다 찍긴 하는데!! 아무래도 보정어플이... 좋긴 해요^^ 저는 메이투나 스노우 좋은 거 가타요-!!! 굳이 꼽자면 메이투?? https://t.co/IjwnTxcI6d,Sat Aug 08 13:07:54 +0000 2026,1720742102177644544,Chips | 칩스,chips_cos,696,5,0,0,https://x.com/chips_cos/status/2086076938196824125,ko,False,2026-08-10 00:07:52,한국,
2086075695793618999,메이투,약간 뭔가 메이투 보정 전후같음,Sat Aug 08 13:02:57 +0000 2026,1284715674099544065,야밍,iHaayam_,245,1,0,0,https://x.com/iHaayam_/status/2086075695793618999,ko,False,2026-08-10 00:07:52,한국,
2086059877282259093,메이투,도훈이 순수체급으로 메이투 보정 100 얼굴인거 선느껴짐.. https://t.co/XtNter5cyD,Sat Aug 08 12:00:06 +0000 2026,2046233739257348096,till,dhxtill,108,0,0,0,https://x.com/dhxtill/status/2086059877282259093,ko,False,2026-08-10 00:07:52,한국,https://pbs.twimg.com/media/HPMsZtpbcAAs976.jpg
2086057711582728250,메이투,메이투 택연이  ㄴㅁ웃낀데 https://t.co/1mTw1z7x0v,Sat Aug 08 11:51:30 +0000 2026,1925541721942929408,뭉,mungbears,365,0,0,0,https://x.com/mungbears/status/2086057711582728250,ko,False,2026-08-10 00:07:52,한국,https://pbs.twimg.com/media/HPMqbn_bIAA9Nil.jpg
2086044327550374311,메이투,"토라토라 언니 다인챗 왤케 맛있냐고ㅜㅜ
오랜만에 페소 빡세게 쪄서 먹으니까 행복하다ㅠㅠ 메이투 뽕 뽑아야지 멜팅이 스냅샷 안 줘서 내가 만든다 https://t.co/zTGKs3pjqo",Sat Aug 08 10:58:19 +0000 2026,1873486584026435584,아악,aak_0x0,115,3,0,0,https://x.com/aak_0x0/status/2086044327550374311,ko,False,2026-08-10 00:07:52,한국,https://pbs.twimg.com/media/HPMeP-vagAAgWV0.jpg
2086026361202982973,메이투,나 메이투 십고수라서 왼쪽처럼 나온 사진 오른쪽으로 만들수있음 https://t.co/JKBrN4sRoD,Sat Aug 08 09:46:55 +0000 2026,1785972965026476032,아뵤!!,ah6yo,8601,133,15,0,https://x.com/ah6yo/status/2086026361202982973,ko,False,2026-08-10 00:07:52,한국,https://pbs.twimg.com/media/HPMNpK1bMAA8HOp.jpg
2086000130566852751,메이투,메이투,Sat Aug 08 08:02:41 +0000 2026,1995880814614380546,s,Hi2880497527092,1227,0,0,0,https://x.com/Hi2880497527092/status/2086000130566852751,ko,False,2026-08-10 00:07:52,한국,
2085998213333750033,메이투,메이투 체고다!!! 결제했던거 까먹고 있다가 급하게 이것저것 써보는 중인데 너무 재미따 앵남들 다 데려와서 커플사진 만드는 중 장숭구 너무 잘생겨따ㅜ https://t.co/cTPQvzoz9C,Sat Aug 08 07:55:04 +0000 2026,1873486584026435584,아악,aak_0x0,243,7,0,2,https://x.com/aak_0x0/status/2085998213333750033,ko,False,2026-08-10 00:07:52,한국,https://pbs.twimg.com/media/HPL0T0DasAAJdlr.jpg
2085970610811752733,메이투,"아뉘 챗지피티가 분명 나보고 봄웜이라고 했는데.... 얘는 신빙성 전혀 없는거같고
메이투에서는 여름 뮤트 나왔어여
진단받은데서는 여름뮤트 무난하긴 한데 좀 병약해보일거라고 하신거보면 메이투 완전 못믿을건 아닌듯",Sat Aug 08 06:05:23 +0000 2026,2030832161008553984,돌돌,doldol312823,185,4,0,0,https://x.com/doldol312823/status/2085970610811752733,ko,False,2026-08-10 00:07:52,한국,
2085929053383795111,메이투,"저 사진은
메이투로 꾸몄어용!! 
메이투 &gt; 스티커 &gt; 컬렉션에 잇는 스티커모양 스티커 https://t.co/YDDDQ8cGwx",Sat Aug 08 03:20:15 +0000 2026,1492117473897811982,뵵,hhhhhhh_7s,9416,1,0,0,https://x.com/hhhhhhh_7s/status/2085929053383795111,ko,False,2026-08-10 00:07:52,한국,
2085797881962025276,메이투,"메이투 결제한 김에 젠더스왑 해봤는데
뭐야............................ 싫어......
너무어리게샹겻어..........................
이래서어떻게 마틴프리먼의13살연하남자친구할수있겠냐고
내 남자추구미
호르헤로페즈랑 테일러자카르페레즈인데 https://t.co/CjPjsriOrb",Fri Aug 07 18:39:01 +0000 2026,1859861754148491264,nagi,awmnhsiu,241,2,0,3,https://x.com/awmnhsiu/status/2085797881962025276,ko,False,2026-08-10 00:07:52,한국,https://pbs.twimg.com/media/HPI-HiqasAAcUQQ.jpg
2085764238249963840,메이투,비계에서 올린건대 메이투 플래시 좋지만 나 처럼 안나와서 슬픔 https://t.co/0MLY37cWf0,Fri Aug 07 16:25:20 +0000 2026,1885099313203994625,"하서🐭8서코 CM19,20",HH_Cos_Resjn,585,49,1,2,https://x.com/HH_Cos_Resjn/status/2085764238249963840,ko,False,2026-08-10 00:07:52,한국,https://pbs.twimg.com/media/HPIfhCUa8AQKYrR.jpg
2085753458758729836,메이투,20. 가공은 이비스와 메이투 무료 버전을 써서 한다,Fri Aug 07 15:42:30 +0000 2026,1915752365971615745,우코,milkcoting,54,0,0,0,https://x.com/milkcoting/status/2085753458758729836,ko,False,2026-08-10 00:07:52,한국,
2085722505315315963,메이투,하 토모야 폰에 메이투 있는게제일웃겨,Fri Aug 07 13:39:30 +0000 2026,1247844555409375233,빵깅이,basslineverest,203,3,1,0,https://x.com/basslineverest/status/2085722505315315963,ko,False,2026-08-10 00:07:52,한국,
2085720326915420550,메이투,"진지하게 박성호 뭐냐고 물었다.
메이투 보정 100 때려도 저런 몸은 안 나와 미친 https://t.co/5lXAiVVi4c",Fri Aug 07 13:30:51 +0000 2026,1978094734330486785,묘옹,myoong383983,1997,97,0,2,https://x.com/myoong383983/status/2085720326915420550,ko,False,2026-08-10 00:07:52,한국,https://pbs.twimg.com/media/HPH3lStbEAAfJ2N.jpg
2085714877461774804,메이투,@Rae9ya 후야 이거 보정하려고 메이투 지름,Fri Aug 07 13:09:12 +0000 2026,1981671127031414784,ふや,sakana_bombb,85,1,0,0,https://x.com/sakana_bombb/status/2085714877461774804,ko,False,2026-08-10 00:07:52,한국,
2085700821237559330,메이투,"메이투랑 포토샵으로 합니당! 거의 메이투가 주긴 한데 메이투 사용 꺼려하시는분의 촬영본은 포토샵으로 해요!
빠른 보정은 메이투입니다 https://t.co/FQZrPyQywS",Fri Aug 07 12:13:20 +0000 2026,1730571237791805440,🌊유온 uon,meow_my_cat_,498,2,0,0,https://x.com/meow_my_cat_/status/2085700821237559330,ko,False,2026-08-10 00:07:52,한국,
2085698636319801667,메이투,10. 보정은 크게 안 합니다. 스노우랑 메이투 정도? 그래도 아이폰 카메라도 그리 나쁘지는 않더라고요.,Fri Aug 07 12:04:39 +0000 2026,1976588001762570240,에버트(코스텔로는 없음),Inverted1999,104,1,0,1,https://x.com/Inverted1999/status/2085698636319801667,ko,False,2026-08-10 00:07:52,한국,
2085693578077155637,메이투,@xnlyxu_104 근데 이제 메이투 보정이 박박 더해진,Fri Aug 07 11:44:33 +0000 2026,2024118352390860800,밤에,55onmyoutfit,81,1,0,0,https://x.com/55onmyoutfit/status/2085693578077155637,ko,False,2026-08-10 00:07:52,한국,
2085691355842691117,메이투,"아니뭔 남자 얼굴이 이렇게 예뻐….?
내가 메이투 보정 100하는거보다 더 뽀용해.. https://t.co/E1JkxezMtu",Fri Aug 07 11:35:44 +0000 2026,2066507676260130818,센세,Junlove0122,144,6,1,0,https://x.com/Junlove0122/status/2085691355842691117,ko,False,2026-08-10 00:07:52,한국,https://pbs.twimg.com/media/HPHdO3oa4AAf4hA.jpg
2085689026670100555,메이투,메이투 쓰시는 트친분들.... 보정해야 되는데 자꾸 얼굴이 내 얼굴로 안 잡히고 트친 얼굴만 잡혀서 보정되갖고 내 얼굴 보정을 못 하고 있는데 어떡해요 미치겠네 진짜,Fri Aug 07 11:26:28 +0000 2026,2035354136393465856,무넹,munang1222,801,8,0,3,https://x.com/munang1222/status/2085689026670100555,ko,False,2026-08-10 00:07:52,한국,
2085683742740557884,메이투,@gueennevercry 아니 메이투 ㅜㅜㅜㅜㅜㅜ 개웃기게,Fri Aug 07 11:05:29 +0000 2026,1965020858147106817,지제,midguac,276,0,0,1,https://x.com/midguac/status/2085683742740557884,ko,False,2026-08-10 00:07:52,한국,
2085683026655396028,메이투,@surrxem 현실: 메이투 켜서 얼굴 줄이고 코 줄이고 눈 키우고 화장 더 진하게 그리기 렌즈 색깔 더 진하게 그리기,Fri Aug 07 11:02:38 +0000 2026,1943895318057406464,스톰,eu97927,105,0,0,1,https://x.com/eu97927/status/2085683026655396028,ko,False,2026-08-10 00:07:52,한국,
2085681926292304365,메이투,"메이투 플래시 좋다 
그리고 저는 보정할때 양심 팔아치우고 뇌절 칩니다. 
이런 사람 없지만? 접니다. https://t.co/oO1laaivLM",Fri Aug 07 10:58:15 +0000 2026,1314660654465208321,김룐,rion_ouo_,2092,20,2,2,https://x.com/rion_ouo_/status/2085681926292304365,ko,False,2026-08-10 00:07:52,한국,https://pbs.twimg.com/media/HPHUp7HbYAAw89F.jpg
2085669003587174890,메이투,"내폰이랑 차이점이 없음 메이투, 트위터, 인스타, 버블 https://t.co/FOlECnD29m",Fri Aug 07 10:06:54 +0000 2026,1992116648858488832,강기석,gueennevercry,2355,23,5,1,https://x.com/gueennevercry/status/2085669003587174890,ko,False,2026-08-10 00:07:52,한국,https://pbs.twimg.com/media/HPHI51xbUAA2Yqc.jpg
2085619617574289478,메이투,사진에 따라 다른데 메이투 필터 중에서 면 투명 공정 쿨톤 필터 자주 사용하고 아이폰 기본 보정으로 채도랑 따뜻함 낮춰요! 화장법은 정리해서 올려 볼게요 🫰🩵 https://t.co/viGVRefsgN,Fri Aug 07 06:50:40 +0000 2026,1896187504912654338,스즈키,s2uzii,691,2,0,0,https://x.com/s2uzii/status/2085619617574289478,ko,False,2026-08-10 00:07:52,한국,
2085592926785061277,메이투,"당장 깔아봉..
메이투 1년 이미 결제했는데 / u \ 써보고 좋으면 후기드림",Fri Aug 07 05:04:36 +0000 2026,1194892605563129861,감자°8서코 토,encha45585593,911,5,0,0,https://x.com/encha45585593/status/2085592926785061277,ko,False,2026-08-10 00:07:52,한국,
2085584386452566063,메이투,@mvz2w_ 진짜 메이투 너무 좋은듯요😳 신의 앱,Fri Aug 07 04:30:40 +0000 2026,2041731318325891072,임천예,limcheonyee,74,2,0,0,https://x.com/limcheonyee/status/2085584386452566063,ko,False,2026-08-10 00:07:52,한국,
2085574455959675338,메이투,메이투 Ai 뿌탈햇느데 안한게 나은 거 같고 https://t.co/cYAINALqfj,Fri Aug 07 03:51:13 +0000 2026,1889553316373471235,nameko,name_chronicle,2246,28,0,0,https://x.com/name_chronicle/status/2085574455959675338,ko,False,2026-08-10 00:07:52,한국,https://pbs.twimg.com/media/HPFy56HagAAF8CP.jpg
2085554041460027489,메이투,@chamsae1_vt 타오바오로 캡컷/메이투 뭐 이런거 유료구독 싸게 하기도 좋아요 ㅎ.ㅋ,Fri Aug 07 02:30:05 +0000 2026,1789340995769053184,레임,wowchinnom,140,0,0,1,https://x.com/wowchinnom/status/2085554041460027489,ko,False,2026-08-10 00:07:52,한국,
2085407480323137882,메이투,메이투 보정 100한거처럼 생김,Thu Aug 06 16:47:42 +0000 2026,1701198368024989696,호호,yang2h05,295,2,0,0,https://x.com/yang2h05/status/2085407480323137882,ko,False,2026-08-10 00:07:52,한국,
2085405063863054469,메이투,와 메이투 머릿결 정리해주는거 보고 바로 결제함 https://t.co/02lBzCQaWo,Thu Aug 06 16:38:06 +0000 2026,1983909525620191234,ななです,pknoh6,2097,49,0,0,https://x.com/pknoh6/status/2085405063863054469,ko,False,2026-08-10 00:07:52,한국,
2085385351208796359,메이투,"@Rosa_luvsU ㅎ헉 긍데 진짜 예뻐요
메이투 다시봣다……😍😍",Thu Aug 06 15:19:46 +0000 2026,2077149879026237440,🍑,ynxionm,73,1,0,1,https://x.com/ynxionm/status/2085385351208796359,ko,False,2026-08-10 00:07:52,한국,
2085375834345619852,메이투,"@Rosa_luvsU 메이투 중안부 보정하려면
돈내야대더라구요……..
약간 고민즁이긴 해요!
돈값하나요?!",Thu Aug 06 14:41:57 +0000 2026,2077149879026237440,🍑,ynxionm,80,1,0,1,https://x.com/ynxionm/status/2085375834345619852,ko,False,2026-08-10 00:07:52,한국,
2085791436029808733,meitu,"체키 땜에 𝗺𝗲𝗶𝘁𝘂 과금 해버림➰ (っ ̫ -⸝⸝˘)💗
나 진짜 이때 오빠 비쥬얼 너무너무 조아하거든🎶
오빠 얼굴 미쳐써 .. ‼️🎶🎶 https://t.co/MJPOw5yrkH",Fri Aug 07 18:13:25 +0000 2026,1491741573218193408,̊.🎀ᩚ⋆,_KUROMICHAMU_,280,2,0,0,https://x.com/_KUROMICHAMU_/status/2085791436029808733,ko,False,2026-08-10 00:07:23,한국,https://pbs.twimg.com/media/HPI4QO0bMAAfEmW.jpg
2067923748494483665,meitu,𝗺𝗲𝗶𝘁𝘂 진짜 굿 ദ്ദി˶ᵒ ᵕ ˂) 오빠 얼굴도 굿 ദ്ദി˶ᵒ ᵕ ˂)💗💦 https://t.co/H1qyZehEjq,Fri Jun 19 10:53:36 +0000 2026,1491741573218193408,̊.🎀ᩚ⋆,_KUROMICHAMU_,171,2,0,0,https://x.com/_KUROMICHAMU_/status/2067923748494483665,ko,False,2026-08-10 00:07:23,한국,https://pbs.twimg.com/media/HLK9p1uacAENGSR.jpg
2001628597677932559,meitu,왤케 아이돌 김주훈과 meitu 돌린 것 같이 나왔냐 https://t.co/m1N4PPGThy,Thu Dec 18 12:20:20 +0000 2025,1936752593423806464,(ㅡ_ㅡ);;,clrclr_8,432,1,0,0,https://x.com/clrclr_8/status/2001628597677932559,ko,False,2026-08-10 00:07:23,한국,https://pbs.twimg.com/media/G8c2mS8bQAARH-v.jpg
2000379947853156418,meitu,#meitu 요즘 폼 좋다? https://t.co/eB0BWcm0iR,Mon Dec 15 01:38:39 +0000 2025,1853972898417119232,마사911911,MaSa911911911,271,7,0,0,https://x.com/MaSa911911911/status/2000379947853156418,ko,False,2026-08-10 00:07:23,한국,https://pbs.twimg.com/media/G8LG9WAWQAYd6Tm.jpg
2000225958771757496,meitu,"#AI #meitu

안어울리지만 메이투 새로나온거 Ai 돌렸는데 제일 예쁘게 나온 사진! 🥹💕 근데 사진에 있는 강아지 너무 귀엽다.... 😚 https://t.co/IYZJqARL62",Sun Dec 14 15:26:45 +0000 2025,1881306345640775680,천혜양_ヘヤン,Roku_007,710,21,2,2,https://x.com/Roku_007/status/2000225958771757496,ko,False,2026-08-10 00:07:23,한국,https://pbs.twimg.com/media/G8I66KXawAAPZ9U.jpg
1995888244421173469,meitu,iPhone15 기본카메라→meitu 보정!!! https://t.co/v8KWqwjvW7,Tue Dec 02 16:10:13 +0000 2025,1763217655744659457,🎀PINKBABY🎀,_anpinkbabygel_,1294,5,2,1,https://x.com/_anpinkbabygel_/status/1995888244421173469,ko,False,2026-08-10 00:07:23,한국,https://pbs.twimg.com/media/G7LRwv4bgAA9Ogn.jpg
1993657796156657979,meitu,"겨울이 된듯하여 플필바꿈💗
땡큐 메이투🫰🏻
#甘露寺蜜璃 
#meitu 
#새프로필사진 https://t.co/cvJzBA4hRP",Wed Nov 26 12:27:13 +0000 2025,1187240504884285440,면지 (9서코 토욜 이구로?),fl_myunji,300,9,0,0,https://x.com/fl_myunji/status/1993657796156657979,ko,False,2026-08-10 00:07:23,한국,https://pbs.twimg.com/media/G6rlMucbgAAwsOj.jpg
1992959285450719654,meitu,"은혁오빠를 Meitu AI 기능으로 작업해봤더니
마치 실제 화보집의 한 페이지 같아요!🍁

이 분위기, 정말 '가을의 요정' 그 자체🍂

겨울 분위기는 엄청 유행했었는데
가을도 한 번 유행시켜볼까...?
뭐... 유행이 될지는 모르겠지만😅

#슈퍼주니어 #SUPERJUNIOR
#은혁 #EUNHYUK #赫宰 #ウニョク https://t.co/5gHDEsPTFt",Mon Nov 24 14:11:35 +0000 2025,1885384760807280640,은봄님,LilacEun86,270,0,1,0,https://x.com/LilacEun86/status/1992959285450719654,ko,False,2026-08-10 00:07:23,한국,https://pbs.twimg.com/media/G6hp5mmaIAAgIpi.jpg
1992956766724993264,meitu,Meitu 어플로 가을 남자 해준..🍂🍁 https://t.co/4L5zCbmc6b,Mon Nov 24 14:01:35 +0000 2025,1788833685523079168,abrasax.2022,abrasax2022,539,15,3,0,https://x.com/abrasax2022/status/1992956766724993264,ko,False,2026-08-10 00:07:23,한국,https://pbs.twimg.com/media/G6hnnVLakAAdkUd.jpg
1992927971049681106,meitu,Meitu 알려주신 트친님. 사랑합니다. ❤️,Mon Nov 24 12:07:09 +0000 2025,1677966130345050112,Noir Silhouette,Ladymarmal24682,812,9,0,0,https://x.com/Ladymarmal24682/status/1992927971049681106,ko,False,2026-08-10 00:07:23,한국,
1991375492394766419,meitu,아 님들 그 겨울배경에 목도리 두른 AI 합성 그거 무료시즌 끝났나요 meitu 깔았는데 이젠 안되네,Thu Nov 20 05:18:10 +0000 2025,1704313580152311808,🐸,frog_ouya,232,4,0,0,https://x.com/frog_ouya/status/1991375492394766419,ko,False,2026-08-10 00:07:23,한국,
1987106805705773284,meitu,"빨간약(?)

#Meitu #Vtuber #버튜버 #버츄얼 https://t.co/WBBMWYxm1X",Sat Nov 08 10:35:55 +0000 2025,1917674050400493568,은초이,Eun_choy,550,8,2,2,https://x.com/Eun_choy/status/1987106805705773284,ko,False,2026-08-10 00:07:23,한국,https://pbs.twimg.com/media/G5OfGvVaYAAu-05.jpg
2042506403865333778,뷰티캠,뷰티캠 https://t.co/lglrZN4uK6,Fri Apr 10 07:34:09 +0000 2026,4397984532,강아지,Noopppp_y,81586,2342,665,5,https://x.com/Noopppp_y/status/2042506403865333778,ko,False,2026-08-06 00:09:23,한국,https://pbs.twimg.com/media/HFhwvymakAAgxZV.jpg
2042132385731637496,뷰티캠,"#광고

사진은 괜찮은데 얼굴이 칙칙해서 피드 올릴지 말지 고민이었던 사진 반사판 보정 돌리고 바 로 광명 찾았은…

뷰티캠 &gt; 홈 &gt; 포토샵 &gt; 리터치 &gt; 글로우 &gt; 반사판
#뷰티캠 #AI글로우 #반사판 @beautycam_kr https://t.co/zDkcJOQUcH",Thu Apr 09 06:47:56 +0000 2026,1552082762097496065,雪,intoprayfor,34781,59,3,0,https://x.com/intoprayfor/status/2042132385731637496,ko,False,2026-08-06 00:09:23,한국,https://pbs.twimg.com/media/HFcclFHa8AU3v3P.jpg
2085132106917945654,메이투,@aplog_24 일본은 메이투 어플 안쓰나요?,Wed Aug 05 22:33:28 +0000 2026,2046413658755096576,ⱼₐₙₑ,Eveniffen,45,0,0,1,https://x.com/Eveniffen/status/2085132106917945654,ko,False,2026-08-06 00:08:58,한국,
2085126951950569525,메이투,근데 며칠 전?에 리터치로 야랄난 거 대체 머임? 야 그럼 스노우 메이투 쓰는 인스타님들은 모부님에 대한 존중을 안 하는 ㅠㅠ? 건가요? 클라 변형 모드 적용해서 옷 바꾸고 이런 누가 봐도 에바인 거 얘기하는 줄 알앗더니 스샷 뽀샵에 염병 떠는 분들은 아따마가 다이죠부 한 거긔...?,Wed Aug 05 22:12:59 +0000 2026,1432458841371725824,meme,owenoverdox,47,3,0,0,https://x.com/owenoverdox/status/2085126951950569525,ko,False,2026-08-06 00:08:58,한국,
2085052225198674223,메이투,@tomi_241111 메이투 영상보정 완전 잘 되요✊,Wed Aug 05 17:16:03 +0000 2026,1687443991846072320,츠씨_Ci,ci_shao48886,20,0,0,1,https://x.com/ci_shao48886/status/2085052225198674223,ko,False,2026-08-06 00:08:58,한국,
2085051985167012181,메이투,"@ci_shao48886 헐 메이투 된다구요????????
몰 랏 어",Wed Aug 05 17:15:06 +0000 2026,2022229862476574720,토미,tomi_241111,22,0,0,1,https://x.com/tomi_241111/status/2085051985167012181,ko,False,2026-08-06 00:08:58,한국,
2085044548930310471,메이투,"@709_illi 메이투+이비스그림 복근 노출쇼가 무슨 의미가
잇죠?",Wed Aug 05 16:45:33 +0000 2026,1974496366702538753,유우링,yuuling61695,52,0,0,0,https://x.com/yuuling61695/status/2085044548930310471,ko,False,2026-08-06 00:08:58,한국,
2085000075923890316,메이투,"10. 보정 스타일

최대한 하이라이터 빡빡 넣고 하얀 속눈썹 그어주고 렌즈 색 빡빡 고화질 on

메이투 에픽 이비스 렛츠고

이건데",Wed Aug 05 13:48:50 +0000 2026,1822827185121714176,Ŕ:set,R_set_cos,69,0,0,0,https://x.com/R_set_cos/status/2085000075923890316,ko,False,2026-08-06 00:08:58,한국,
2084980353278922983,메이투,메이투 동영상 보정들어가서-&gt;리터치 누르고-&gt;부드럽게 선택-&gt;수동 선택후 지웠어용 https://t.co/TEokRX2XBE,Wed Aug 05 12:30:27 +0000 2026,2064335374688874496,S,S6e1k,115,1,0,0,https://x.com/S6e1k/status/2084980353278922983,ko,False,2026-08-06 00:08:58,한국,
2084974072707068134,메이투,"이건 다 메이투 덕분 (🫶메이투 사랑해🫶)
(렛츠고) https://t.co/qJUJjw0eN7",Wed Aug 05 12:05:30 +0000 2026,2064335374688874496,S,S6e1k,183,1,0,0,https://x.com/S6e1k/status/2084974072707068134,ko,False,2026-08-06 00:08:58,한국,
2084970102034924002,메이투,라룸+메이투 https://t.co/01tu44g06T,Wed Aug 05 11:49:43 +0000 2026,1917097109687570436,MERO,MERO_BND,914,4,0,0,https://x.com/MERO_BND/status/2084970102034924002,ko,False,2026-08-06 00:08:58,한국,
2084929873664184824,메이투,저 순간 메이투 필터가 씌워진줄 알았잖아요 https://t.co/Nc6sjeAmWa,Wed Aug 05 09:09:52 +0000 2026,1173987442031874048,팔트user-777(=_=),isfpoverindulge,3052,15,1,0,https://x.com/isfpoverindulge/status/2084929873664184824,ko,False,2026-08-06 00:08:58,한국,
2084912439334973745,메이투,피부고 입술이고 왤케 핑크지 거의 뭐 메이투 쿨톤톤업 https://t.co/SlDNkJEbLj,Wed Aug 05 08:00:35 +0000 2026,2038236562258006016,04,Wonwon0403,569,18,0,0,https://x.com/Wonwon0403/status/2084912439334973745,ko,False,2026-08-06 00:08:58,한국,https://pbs.twimg.com/media/HO8Yz_AbkAALe6_.jpg
2084908215767363607,메이투,메이투 유료결제해뒀는데 누군가한명쯤은 스노우 강아지필터 인스타 반짝이필터 쓰는사람 반드시 나오겠지,Wed Aug 05 07:43:49 +0000 2026,1490875145518743552,템,ZZZ_AFTER,79,2,0,0,https://x.com/ZZZ_AFTER/status/2084908215767363607,ko,False,2026-08-06 00:08:58,한국,
2084896613332664381,메이투,@YEON_LEEV 헉 무슨 일이신가요?? 이보토+ 메이투 사용하고 있습니다! 도와드릴 수 있는 부분은 도와드릴게요!,Wed Aug 05 06:57:42 +0000 2026,2044014884916989952,【8코 토】량,lyanghwa_,105,1,0,1,https://x.com/lyanghwa_/status/2084896613332664381,ko,False,2026-08-06 00:08:58,한국,
2084891425301573804,메이투,아니 욘나 웃기네 메이투 사랑해요 https://t.co/aqVsMqUJTv,Wed Aug 05 06:37:05 +0000 2026,2041536944879116288,한 (상태: 아니안즈야언제와),h4xi_0,251,27,0,1,https://x.com/h4xi_0/status/2084891425301573804,ko,False,2026-08-06 00:08:58,한국,https://pbs.twimg.com/media/HO8Fs5uakAAUSKA.jpg
2084887250547216874,메이투,와 메이투 플레쉬 기능 쥑인다 https://t.co/l5gVh891Uk,Wed Aug 05 06:20:30 +0000 2026,953261168268787714,리아리,riari_ari,91,1,0,0,https://x.com/riari_ari/status/2084887250547216874,ko,False,2026-08-06 00:08:58,한국,https://pbs.twimg.com/media/HO8B567boAAnbQg.jpg
2084847515380420730,메이투,아 진짜 줠라웃기다 우리 오빠는 존나 어렷을때도 이렇게 생긴적이없어 아 메이투 돌리지말라고 아 https://t.co/Bx2IgnvXz4,Wed Aug 05 03:42:36 +0000 2026,1135113411996426240,부활속성 ㄷㅌ,becebeceb,135,0,0,0,https://x.com/becebeceb/status/2084847515380420730,ko,False,2026-08-06 00:08:58,한국,https://pbs.twimg.com/media/HO7dw9JaQAAmjw8.jpg
2084794414061539514,메이투,출근 메이투~ https://t.co/EQgG1Sl3Ip,Wed Aug 05 00:11:36 +0000 2026,1114759728,토식,toshigi_,51,2,0,0,https://x.com/toshigi_/status/2084794414061539514,ko,False,2026-08-06 00:08:58,한국,https://pbs.twimg.com/media/HO6tUEGaIAAaLIb.jpg
2084672615894134925,메이투,"@heeseung_cos 메이투 플래스 기능 개좋음
근데 화질이 똥이 돼서 화질을 버리고 색감을 얻어내야함ㅋㅎㅋㅎㅋㅎ큐ㅠㅠㅠㅠ",Tue Aug 04 16:07:37 +0000 2026,1146293875587387392,노버,NOoVer__,526,1,0,2,https://x.com/NOoVer__/status/2084672615894134925,ko,False,2026-08-06 00:08:58,한국,
2084663830525931861,메이투,메이투 헤어 보정 미쳠ㅅ긔 https://t.co/wUf0HfQMXr,Tue Aug 04 15:32:43 +0000 2026,2033533347675406336,17,skrkakd959,726,35,0,0,https://x.com/skrkakd959/status/2084663830525931861,ko,False,2026-08-06 00:08:58,한국,https://pbs.twimg.com/media/HO42q8QboAEkuoU.jpg
2084660939694166200,메이투,"@l12lglve 저도 초보긴한데 보통 일단 메이투 클래식 누르고 그담에 만져요 
턱이나 이쪽 만지고나면 전체적으로 얼굴이 작아져서 마지막에 얼굴크기 좀만 키워서 끝내는듯???",Tue Aug 04 15:21:13 +0000 2026,2034547159979487232,데하,DayHaru_cos,123,1,0,1,https://x.com/DayHaru_cos/status/2084660939694166200,ko,False,2026-08-06 00:08:58,한국,
2084650204301791247,메이투,@lucia_0409 꺄 루시아님 &gt;//&lt; 감사해요.. 메이투 기능이 넘좋네요 화질도 개선해주고...핀이 살짝나가서 아쉬웠던 사진이었는데 이렇게 살릴수있게되었답니다!,Tue Aug 04 14:38:34 +0000 2026,568140664,𝓝𝓪𝔀𝓸𝓷 🏀,nw_min,104,0,0,0,https://x.com/nw_min/status/2084650204301791247,ko,False,2026-08-06 00:08:58,한국,
2084649740290167083,메이투,"@FF_moogu 저는 메이투 햇어요. 
나리처럼 좀 실사화해줫으면 좋앗을텐데 데포르메들어간 3d이미지로 출력됫어요..",Tue Aug 04 14:36:43 +0000 2026,1093778589030313985,우편 ദ്ദി ῀ᢦ῀ ),liii1lliil,63,0,0,1,https://x.com/liii1lliil/status/2084649740290167083,ko,False,2026-08-06 00:08:58,한국,
2084622205884010581,메이투,애들아 요즘 보정무슨앱으로해? 메이투?,Tue Aug 04 12:47:18 +0000 2026,1949294386795421696,두기줘,du_il12,125,0,0,1,https://x.com/du_il12/status/2084622205884010581,ko,False,2026-08-06 00:08:58,한국,
2084617449581011276,메이투,"와ㄷㄷㄷㄷㄷ
메이투 프로 이거 재밋는거엿네",Tue Aug 04 12:28:24 +0000 2026,2019002294717882368,네루,1dorhnaa,103,2,0,0,https://x.com/1dorhnaa/status/2084617449581011276,ko,False,2026-08-06 00:08:58,한국,
2084606612355109329,메이투,"메이투 프리미엄 한달 1200원 찾음요
같이 하실분..? https://t.co/dXl4oNMjq6",Tue Aug 04 11:45:21 +0000 2026,2021128584056930305,알로하쩡,iloveholic_x,441,0,0,1,https://x.com/iloveholic_x/status/2084606612355109329,ko,False,2026-08-06 00:08:58,한국,https://pbs.twimg.com/media/HO4CqjWacAAYdry.jpg
2084602137821286450,메이투,보정하기 귀찮아서 메이투 꼬라보는중,Tue Aug 04 11:27:34 +0000 2026,2041562963145060352,두목,Bosssama0,150,3,0,1,https://x.com/Bosssama0/status/2084602137821286450,ko,False,2026-08-06 00:08:58,한국,
2084557538822181126,메이투,"@Ehsta___ 사실 갑자기 메이투 고장나서 저렇게찍힌건대 얼탱이가업긴햇어,",Tue Aug 04 08:30:21 +0000 2026,1974068946027622400,노아,_noah_cos,68,0,0,0,https://x.com/_noah_cos/status/2084557538822181126,ko,False,2026-08-06 00:08:58,한국,
2084537187685847230,메이투,메이투 https://t.co/uyyJ1hpiMF,Tue Aug 04 07:09:29 +0000 2026,1833517350857150468,여니,yeonirunikuni,1157,0,0,0,https://x.com/yeonirunikuni/status/2084537187685847230,ko,False,2026-08-06 00:08:58,한국,
2084533900681130185,메이투,"모든 순간의 혜리가 존나존나 너무 귀여움 너무 꿈많아어린이임..(사랑해
현실에 빼앗겼던 꿈을 향해 달려가는 서른언저리의 어른의 이야기를 현실 좀 빼고 메이투 200 정도로 돌려서 세상살이 팍팍함에 슈가파우더 뿌려주는 드라마 
저는 이거 좋아해요 https://t.co/i2SvDEyOJ5",Tue Aug 04 06:56:25 +0000 2026,947654904478232576,취향의 존잘러,okmnbvcv,358,1,0,0,https://x.com/okmnbvcv/status/2084533900681130185,ko,False,2026-08-06 00:08:58,한국,https://pbs.twimg.com/tweet_video_thumb/HO3Ah-Ma4AACsDO.jpg
2084421889188114652,메이투,"색감 보정 전후차이
메이투 플래시 기능 좋은데 얼굴 화질 개떨어짐 https://t.co/Ya8caU01ve",Mon Aug 03 23:31:19 +0000 2026,1146293875587387392,노버,NOoVer__,13785,368,12,2,https://x.com/NOoVer__/status/2084421889188114652,ko,False,2026-08-06 00:08:58,한국,https://pbs.twimg.com/media/HO1aqElboAAOqxh.jpg
2084370102863147177,메이투,메이투 1년삿어. https://t.co/r14rIfNuJp,Mon Aug 03 20:05:32 +0000 2026,1846871294211772417,곰문,chl0r0plast_,130,1,0,0,https://x.com/chl0r0plast_/status/2084370102863147177,ko,False,2026-08-06 00:08:58,한국,https://pbs.twimg.com/media/HO0rj3gaoAE3YWq.jpg
2084332036454834492,메이투,@enakahagwv 나 메이투!,Mon Aug 03 17:34:17 +0000 2026,1775421278134083584,흐LUCKY히꒰১໒꒱̴,ryowon_1004,89,0,0,1,https://x.com/ryowon_1004/status/2084332036454834492,ko,False,2026-08-06 00:08:58,한국,
2084327400389959992,메이투,메이투 보정은 신이야,Mon Aug 03 17:15:51 +0000 2026,2041536944879116288,한 (상태: 아니안즈야언제와),h4xi_0,250,28,0,0,https://x.com/h4xi_0/status/2084327400389959992,ko,False,2026-08-06 00:08:58,한국,
2084312239214092605,메이투,ㅈㅈ하게 좆자새끼들은 보정어플쓰면뒤져야됨 메이투 열려고하면 폰에서 전류흘러서 감전 ㄱ,Mon Aug 03 16:15:37 +0000 2026,1429813784957181961,현정이,ihave5000won,110,0,0,0,https://x.com/ihave5000won/status/2084312239214092605,ko,False,2026-08-06 00:08:58,한국,
2084301234060882185,메이투,아니이거 저만 지금안거예욤?ㅜㅜ 메이투 vip 타바에서 사면 1일권 100원대인데 이거너뮤 개꿀인뎨,Mon Aug 03 15:31:53 +0000 2026,2010188372669857792,tama🧷,tamahi_xx,358,3,0,1,https://x.com/tamahi_xx/status/2084301234060882185,ko,False,2026-08-06 00:08:58,한국,
2084259176432480323,메이투,여러분 사진편집 어플중 메이투 말고 다른거 추천할만한거 없나여 메이투 주마다 돈내야해서…🙄,Mon Aug 03 12:44:45 +0000 2026,1881959213909585920,서유🐱,Onyour_seoyu,513,0,0,2,https://x.com/Onyour_seoyu/status/2084259176432480323,ko,False,2026-08-06 00:08:58,한국,
2084259131008123054,메이투,"10. 보정스타일: 최근 메이투 결제해서 잘쓰고있습니다. 개굿
11. 선호하는 캐릭터?
1) 주인공의 라이벌
2) 주인공의 조력자인데 나중에 사망확정
3) 후속편을 위해 낡아가는 주인공의 미래시점
4) 주인공 손에 죽는 매력적인 악역
5) 인외
하지만 다들 그러시겠죠",Mon Aug 03 12:44:35 +0000 2026,3067786704,레디/부만축,ready_llwll,99,0,0,0,https://x.com/ready_llwll/status/2084259131008123054,ko,False,2026-08-06 00:08:58,한국,
2084256576228205032,메이투,"@slbbg17 그.그거
이비스-&gt;메이투-&gt;이비스
거치면...그렇게됩니다 저건제얼굴이아니예요",Mon Aug 03 12:34:26 +0000 2026,2044723211066023936,ᶜᵒˢ바냐,banya080,86,0,0,1,https://x.com/banya080/status/2084256576228205032,ko,False,2026-08-06 00:08:58,한국,
2084236717951963317,메이투,@wlfkfdmsno 머엿지 메이투 치면 메이투회서에서나오는거임,Mon Aug 03 11:15:31 +0000 2026,2007996562723733505,미치,KUMAM3_,58,0,0,0,https://x.com/KUMAM3_/status/2084236717951963317,ko,False,2026-08-06 00:08:58,한국,
2084226424035295467,메이투,"픽스아트를 제일 많이 쓰구 스냅챗 메이투(블러모자이크할때..) 인스타도 많이 씁니다,, 색감은 사진을 보통 서브폰으로 많이 찍어서 잘 안 건드리고 건드려도 노출 올리거나 &gt;&gt;bleach bypass&lt;&lt; 잘 썻습니다.. https://t.co/fvmj3mFExq",Mon Aug 03 10:34:37 +0000 2026,2007433772162306048,u,uxxarchive,590,10,0,1,https://x.com/uxxarchive/status/2084226424035295467,ko,False,2026-08-06 00:08:58,한국,
2084224111082160292,메이투,"@H3NUT_ 메이투 갈긴 얼굴이라고 생각해주세요
실물은 저것보다 못합니다",Mon Aug 03 10:25:25 +0000 2026,1696471387526066176,계정 옮기는 김멜,kimell_2,100,1,0,0,https://x.com/kimell_2/status/2084224111082160292,ko,False,2026-08-06 00:08:58,한국,
2084219525126394034,메이투,"보정 연습중인데 보정 안한 사진 몇개만 주실분..
메이투 브압피에요!!",Mon Aug 03 10:07:12 +0000 2026,2041849672214450176,월하향,Goongw_,965,48,0,1,https://x.com/Goongw_/status/2084219525126394034,ko,False,2026-08-06 00:08:58,한국,
2084216997240582574,메이투,싀이이이입............후우어어..... 메이투 pc버전은 그냥 싹다... 유료인가봐...~,Mon Aug 03 09:57:09 +0000 2026,1974068946027622400,노아,_noah_cos,315,8,0,0,https://x.com/_noah_cos/status/2084216997240582574,ko,False,2026-08-06 00:08:58,한국,
2084213821712035937,메이투,아뭐야 메이투 pc버전도있네,Mon Aug 03 09:44:32 +0000 2026,1974068946027622400,노아,_noah_cos,216,1,0,0,https://x.com/_noah_cos/status/2084213821712035937,ko,False,2026-08-06 00:08:58,한국,
2084177254532436475,메이투,메이투 연간구독 아무래도 연장해야할듯,Mon Aug 03 07:19:14 +0000 2026,1296026063051436032,체한 땅콩,mengu2020,132,1,0,0,https://x.com/mengu2020/status/2084177254532436475,ko,False,2026-08-06 00:08:58,한국,
2084167893978320973,메이투,"@kawaiiShion102 시에님! 요고 답장을 까먹고 있었는데 알림 정리 하다가 방금 다시 확인했어요ㅠㅠㅠ 저야말루 시에님이랑 넘 친해지구 싶었어서!맘찍 자주 눌러주시구 칭찬 넘 감사합니다/// 보정은 메이투 사용하구 잇어요!!!! 보정 관련해서 궁금하신 거 잇으심, 디엠 편히 남겨주셔요🫰🏻다시 한 번 넘 감사합니다♡",Mon Aug 03 06:42:02 +0000 2026,1875888447136858112,rim…,2yua71,118,0,0,0,https://x.com/2yua71/status/2084167893978320973,ko,False,2026-08-06 00:08:58,한국,
2084154043744874731,메이투,메이투 대단해!! 기카로 막찍어도 되겠다 https://t.co/N7ZHpSwqrw,Mon Aug 03 05:47:00 +0000 2026,1531483347410886656,까마돌,Ravibbon,201,11,0,0,https://x.com/Ravibbon/status/2084154043744874731,ko,False,2026-08-06 00:08:58,한국,https://pbs.twimg.com/media/HOxnAjraMAAIQVF.jpg
2084151388498772322,메이투,메이투 컴푸터로는 안댐..? 눈이침침해서 폰오래보기 힘들다,Mon Aug 03 05:36:27 +0000 2026,1974068946027622400,노아,_noah_cos,203,4,0,0,https://x.com/_noah_cos/status/2084151388498772322,ko,False,2026-08-06 00:08:58,한국,
2084147933365293475,메이투,@yeonog177969 메이투 말고 또 뭐 나왔나요??,Mon Aug 03 05:22:43 +0000 2026,1786630383267893248,쿠니(kunhee),kunhee011004,105,0,0,1,https://x.com/kunhee011004/status/2084147933365293475,ko,False,2026-08-06 00:08:58,한국,
2084119825094500590,메이투,메이투 빡빡 돌린거같당 https://t.co/d1pbt5BRzB,Mon Aug 03 03:31:02 +0000 2026,1831473034710126592,캐로피,Ker0ppx,95,0,0,0,https://x.com/Ker0ppx/status/2084119825094500590,ko,False,2026-08-06 00:08:58,한국,https://pbs.twimg.com/media/HOxH74-bMAAoN11.jpg
2083511177645371836,meitu,"@Aria_WF 화질 좀 저하되도 괜찮다하시면 메이투(meitu) 앱으로 셀카 괜찮으실거고, 최근에 언급되는건 picchi 라는 어플이예요!
한번 써보니까 gpt처럼 사진 첨부하고 어떻게 사진 보정해줘~ 명령어 넣는 형식이예용

그거말고 돈 내도 괜찮으시다면 evoto 괜찮아요!",Sat Aug 01 11:12:29 +0000 2026,2647519153,배고픈 삐약🥦,bbiyak_hungry,234,1,0,1,https://x.com/bbiyak_hungry/status/2083511177645371836,ko,False,2026-08-06 00:08:28,한국,
2082723581080011100,meitu,"@exmemiss 안녕하세요 메이투 코리아입니다! 본사측에서 단체사진이 어두운 경우, 얼굴이 너무 작은 경우에 보정을 할 때 몇몇의 얼굴 인식이 불가능한 경우가 있다고 전달하였습니다 확인 부탁드립니다 감사합니다:)",Thu Jul 30 07:02:51 +0000 2026,998523884423995400,Meitu 메이투 (official),meitu_kr,523,0,0,0,https://x.com/meitu_kr/status/2082723581080011100,ko,False,2026-08-06 00:08:28,한국,
2032664623489626489,meitu,"요새 다이어트 방법을 바꿧더니 턱선이 생겻어요…// 제가 선택한 다이어트 방법은 바로…
.
.
.
“Meitu” https://t.co/w8QUzFkqEY",Sat Mar 14 03:46:25 +0000 2026,1669019448190328832,욘기,musicmujikmusik,653,8,0,0,https://x.com/musicmujikmusik/status/2032664623489626489,ko,False,2026-08-06 00:08:28,한국,https://pbs.twimg.com/media/HDV5s2qaMAYkcLb.jpg
1987077237951344709,meitu,"보자마자 meitu Ai로 만든 줄 알았는데 현실이라고 ?!? 
구라치지마…🙊🙉💓 https://t.co/cQ3IGAAWpe",Sat Nov 08 08:38:26 +0000 2025,1854032720156114945,Zz…,oanseow,12392,1782,328,2,https://x.com/oanseow/status/1987077237951344709,ko,False,2026-08-06 00:08:28,한국,https://pbs.twimg.com/media/G5OENm_asAA9_YE.jpg
1986429728002351153,meitu,"유행하는 meitu 궁금해서 써봤는데..

아냐.. 이거아닌거같아..
그... 엄.... 아니... 진짜아닌거같아... https://t.co/hv3AXpqspu",Thu Nov 06 13:45:27 +0000 2025,1845325728738574336,₍˄⚯̫˄₎,glutenfree336,327,5,4,1,https://x.com/glutenfree336/status/1986429728002351153,ko,False,2026-08-06 00:08:28,한국,https://pbs.twimg.com/media/G5E3TmcbYAAqBIe.jpg
1985950207755055209,meitu,"퍼즐하러 와.. 기다릴게... 
-섬지기

[이미지 생성 앱 메이투(Meitu)로 생성한 이미지입니다.] https://t.co/S7Xjm4viuq",Wed Nov 05 06:00:01 +0000 2025,1511570933298831366,BTS Island: In the SEOM,INTHESEOM_BTS,36219,2614,397,7,https://x.com/INTHESEOM_BTS/status/1985950207755055209,ko,False,2026-08-06 00:08:28,한국,https://pbs.twimg.com/media/G494hmHbMAAFjt3.jpg
1985611535335764181,meitu,"조금 늦은 감이 없잖아 있지만
그래도 유행에 (막차로) 탑승해 보았다 ❄
봄부터 여름 지나, 가을에서 겨울까지도
샤오잔의 장해전으로 꽉꽉 채운 내 2025년 ✰

#meitu #XiaoZhan
#LegendOfZangHai https://t.co/7R531yLU5m",Tue Nov 04 07:34:15 +0000 2025,1953406932750041088,풀때기,tokkifull_xz,780,13,3,0,https://x.com/tokkifull_xz/status/1985611535335764181,ko,False,2026-08-06 00:08:28,한국,https://pbs.twimg.com/media/G45PKxnaUAADhzi.jpg
2040339807944229162,뷰티캠,"야외에서 찍는 사진들은 보정 없으면 무조건 얼굴에 그림자 생김.. ㅜㅜ
뷰티캠 반사판 기능 하나로 역광이미지 죄다 살리기 가능😳
#뷰티캠 #AI글로우

전                                           후 https://t.co/sJjUojmLVd",Sat Apr 04 08:04:52 +0000 2026,1586753619948638209,rojo,rojoxvun,206480,1006,155,1,https://x.com/rojoxvun/status/2040339807944229162,ko,False,2026-08-03 00:08:46,한국,https://pbs.twimg.com/media/HFC-PBXbYAAsTbA.jpg
2083989263037911430,메이투,"@J__theo @ttomazzang 메이투 ㅅㅂ ㅋㅋㅋㅋㅋㅋㅋㅋㅋㅋㅋㅋㅋㅋㅋㅋㅋㅋㅋㅋㅋㅋㅋㅋㅋㅋㅋㅋㅋㅋㅋㅋㅋㅋㅋㅋㅋㅋㅋㅋㅋㅋ 
퍼컬인가봐 이제 그옷입고다녀 ~~",Sun Aug 02 18:52:13 +0000 2026,917822885141520384,포테토산도,pold_ff14,18,0,0,1,https://x.com/pold_ff14/status/2083989263037911430,ko,False,2026-08-03 00:08:09,한국,
2083975048063504385,메이투,@enakahagwv 메이투!,Sun Aug 02 17:55:44 +0000 2026,1573349374653931527,개붕이,ixz6y,11,0,0,0,https://x.com/ixz6y/status/2083975048063504385,ko,False,2026-08-03 00:08:09,한국,
2083964307210113504,메이투,"타오바오에서메이투3일권을샀어요
무려360원",Sun Aug 02 17:13:03 +0000 2026,1523290178483552256,WwW,cnxmb38pa,256,6,0,2,https://x.com/cnxmb38pa/status/2083964307210113504,ko,False,2026-08-03 00:08:09,한국,
2083963402905686095,메이투,@y2e_0n ? (메이투 1년치를 결제하며),Sun Aug 02 17:09:28 +0000 2026,1932357751352815616,카게,Shad0vv_,20,1,0,0,https://x.com/Shad0vv_/status/2083963402905686095,ko,False,2026-08-03 00:08:09,한국,
2083944460564701319,메이투,아 저 티셔츠 ㅁㅊ ㅋㅋㅋㅋㅋ 저기에 메이투 토끼 필터쓰고 페북프사찍으면 완성임,Sun Aug 02 15:54:11 +0000 2026,1869965956275159040,나정살,a_regularfightr,74,0,0,0,https://x.com/a_regularfightr/status/2083944460564701319,ko,False,2026-08-03 00:08:09,한국,
2083936166714425733,메이투,@meitu_kr 메이투 메이크업 보정이 안돼요 ㅠ 저 맴버쉽인데 ㅠ,Sun Aug 02 15:21:14 +0000 2026,1997668151090442240,셩,iiy__o_8,53,0,0,0,https://x.com/iiy__o_8/status/2083936166714425733,ko,False,2026-08-03 00:08:09,한국,
2083916313408557331,메이투,메이투 요즘 픽셀 왤케 깨짐,Sun Aug 02 14:02:21 +0000 2026,1575042071240376320,Z,aipotooz,54,0,0,0,https://x.com/aipotooz/status/2083916313408557331,ko,False,2026-08-03 00:08:09,한국,
2083899419246891442,메이투,메이투 1일치 결제하고올게요(타오바오에서,Sun Aug 02 12:55:13 +0000 2026,1277314566246895616,해원🐹,HW_Cos,102,0,0,0,https://x.com/HW_Cos/status/2083899419246891442,ko,False,2026-08-03 00:08:09,한국,
2083896232100171859,메이투,@173176______ 그래도이정도는 메이투 피부톤조절하거 아이폰 기본 보정으로 색감맞추면됨,Sun Aug 02 12:42:33 +0000 2026,2056804059475243008,멧순스 킹🐗,beheziz,69,1,0,0,https://x.com/beheziz/status/2083896232100171859,ko,False,2026-08-03 00:08:09,한국,
2083893457127612470,메이투,@HF11M4W 메이투 많이 쓰시는구나 감사합니다!!,Sun Aug 02 12:31:31 +0000 2026,2024118352390860800,밤에,55onmyoutfit,64,1,0,0,https://x.com/55onmyoutfit/status/2083893457127612470,ko,False,2026-08-03 00:08:09,한국,
2083891921811063206,메이투,@55onmyoutfit 메이투 써요,Sun Aug 02 12:25:25 +0000 2026,2008749963514425344,행금,HF11M4W,82,1,0,1,https://x.com/HF11M4W/status/2083891921811063206,ko,False,2026-08-03 00:08:09,한국,
2083891326802673891,메이투,@55onmyoutfit 메이투 무난하게 많이 쓰고있습니다 근데 사람많으면 잘 안되는 단점이 있어요..🥲,Sun Aug 02 12:23:03 +0000 2026,1839939888558551042,짜불,angry_max1000,103,1,0,1,https://x.com/angry_max1000/status/2083891326802673891,ko,False,2026-08-03 00:08:09,한국,
2083851343291351372,메이투,@cos_uljjeob 메이투 슬림기능 장인되기,Sun Aug 02 09:44:10 +0000 2026,1929542906815418368,오깡,Okkangk_,61,1,0,1,https://x.com/Okkangk_/status/2083851343291351372,ko,False,2026-08-03 00:08:09,한국,
2083823844243214767,메이투,왤케 애들이 다 메이투 플래시 기능 돌린 것처럼 나왔지,Sun Aug 02 07:54:54 +0000 2026,2026627784517496835,시시,marrymesaku,176,1,0,0,https://x.com/marrymesaku/status/2083823844243214767,ko,False,2026-08-03 00:08:09,한국,
2083816255925166472,메이투,@2deun0e 진짜로!!!!!! 널리널리 알려지길.. 메이투 사랑해!💗,Sun Aug 02 07:24:45 +0000 2026,2012717239154434048,현채,nohgusco323,143,0,0,0,https://x.com/nohgusco323/status/2083816255925166472,ko,False,2026-08-03 00:08:09,한국,
2083810045402472575,메이투,@nyaonging33 메이투 한 번 결제해두면 뽕 뽑는 것 같아!,Sun Aug 02 07:00:04 +0000 2026,2012717239154434048,현채,nohgusco323,157,1,0,0,https://x.com/nohgusco323/status/2083810045402472575,ko,False,2026-08-03 00:08:09,한국,
2083808912621662700,메이투,@nohgusco323 메이투 결제하러 가야겠다…💓,Sun Aug 02 06:55:34 +0000 2026,2017129217138548736,냐옹잉,nyaonging33,180,1,0,1,https://x.com/nyaonging33/status/2083808912621662700,ko,False,2026-08-03 00:08:09,한국,
2083804153244225591,메이투,@djWjfalwl 그동안 메이투 없이 너무 헛살았네요..,Sun Aug 02 06:36:39 +0000 2026,1617596340296626177,이체리,angrycherrry,87,0,0,0,https://x.com/angrycherrry/status/2083804153244225591,ko,False,2026-08-03 00:08:09,한국,
2083801800625590449,메이투,메이투 돈값한다 나 다시 태어났어 https://t.co/CsFQt8MV94,Sun Aug 02 06:27:19 +0000 2026,1617596340296626177,이체리,angrycherrry,1188,31,0,11,https://x.com/angrycherrry/status/2083801800625590449,ko,False,2026-08-03 00:08:09,한국,https://pbs.twimg.com/media/HOsmsN2bMAAT8HN.jpg
2083620777954578552,메이투,"그시절싸이월드 오줌필터감성 이민호가좋다고말해
비육일이,메이투,스노우,아이폰67이런거다집어치우고 이늙크크감성만이주는감동이있다 https://t.co/TXETeO94P9",Sat Aug 01 18:27:59 +0000 2026,1556622198693330950,재림이,henz1a,651,32,0,0,https://x.com/henz1a/status/2083620777954578552,ko,False,2026-08-03 00:08:09,한국,https://pbs.twimg.com/media/HOqB86UbcAATliV.jpg
2083607668166631699,메이투,변씨 폰에 메이투 깔려잇는 상상해봣는데 머리 존나지끈지끈거린다 걍 ㅊ하지마,Sat Aug 01 17:35:54 +0000 2026,1584228295578890240,아타,becoolwithlove,139,0,0,0,https://x.com/becoolwithlove/status/2083607668166631699,ko,False,2026-08-03 00:08:09,한국,
2083568492327133262,메이투,@aish0621 메이투 ai 확장돌릠 ㅎㅎ https://t.co/fEykRgiifp,Sat Aug 01 15:00:14 +0000 2026,2017881107384205312,개가시노 개이고,myeolchibokk13,129,0,0,1,https://x.com/myeolchibokk13/status/2083568492327133262,ko,False,2026-08-03 00:08:09,한국,https://pbs.twimg.com/media/HOpSf16awAAcpBx.jpg
2083561979386769462,메이투,"이거임 무슨 메이투 회사에서 만든 새로운 코스어용 보정 어플이라던데 흐규규규ㅠㅠㅠㅠ 

처음에 자료 조사할 때부터 엥 이런 대기업이 왜 나한테? 란 의구심 들긴 했었는데 사진이 맘에 들면 레퍼런스 제의라도 해달라고요 ㅅㅂ ㅠㅜㅜㅠㅠㅠㅜㅠㅠ https://t.co/adZyViOl0u",Sat Aug 01 14:34:21 +0000 2026,2029953189362159616,캥캥📸,_kaeng70,1195,5,0,2,https://x.com/_kaeng70/status/2083561979386769462,ko,False,2026-08-03 00:08:09,한국,https://pbs.twimg.com/media/HOpMXS8acAALly7.png
2083555453708255640,메이투,피드 올린다고 메이투 1일권 300원내고 결제해서 머리크기 50씩 줄였음,Sat Aug 01 14:08:25 +0000 2026,1986927846946955264,감감,smithjameskim,115,0,0,0,https://x.com/smithjameskim/status/2083555453708255640,ko,False,2026-08-03 00:08:09,한국,
2083509662104899718,메이투,메이투 타오바오에서 싸게 결제했더니 그냥 아무 사진이나 보정 존나 하고싶음,Sat Aug 01 11:06:27 +0000 2026,429850808,🍋,dongsik222eee,165,1,0,0,https://x.com/dongsik222eee/status/2083509662104899718,ko,False,2026-08-03 00:08:09,한국,
2083453797352010210,메이투,메이투 보정 100으로 생김 왕눈이 존예야ㄷㄷ https://t.co/ua9XOk890K,Sat Aug 01 07:24:28 +0000 2026,1825457945167171584,n감,djswpsk88,498,28,0,0,https://x.com/djswpsk88/status/2083453797352010210,ko,False,2026-08-03 00:08:09,한국,https://pbs.twimg.com/media/HOnqL7SbQAAzKj4.jpg
2083413992035500048,메이투,@Momochang2020 메이투 좋죠!! 지금 결재해서 쓰고있는데 먼가 더 편집스러운걸 하고싶달까..ㅎㅎ 이펙트 같은것도 해보고 싶어서요///,Sat Aug 01 04:46:18 +0000 2026,2063967146514972672,이카 イカ🦑,_squid_cos,136,0,0,1,https://x.com/_squid_cos/status/2083413992035500048,ko,False,2026-08-03 00:08:09,한국,
2083239085112713300,메이투,@nyamnyami_04 메이투 어플 !!! 좋아요 &gt;_&lt;,Fri Jul 31 17:11:17 +0000 2026,2016533436916432896,로즈,rose1108123,241,1,0,1,https://x.com/rose1108123/status/2083239085112713300,ko,False,2026-08-03 00:08:09,한국,
2083213212947034189,메이투,"나 엄청난 외모정병인데 어느정도냐면
폰 킬때마다 피부결 신경쓰여서
메이투 가서 매끈하게50으로 피부 이쁘게
만들어줌 https://t.co/SoTN2QxIID",Fri Jul 31 15:28:28 +0000 2026,1855577864281968640,멜,imsingingmel,1327,38,1,0,https://x.com/imsingingmel/status/2083213212947034189,ko,False,2026-08-03 00:08:09,한국,https://pbs.twimg.com/media/HOkPX_MbMAEqqVx.jpg
2083212935321841971,메이투,메이투 vip 분철 끼워주실 분 있나요 ㅠㅠ,Fri Jul 31 15:27:22 +0000 2026,1872990770359353345,공듀님 2025,iviiivdue,445,0,0,0,https://x.com/iviiivdue/status/2083212935321841971,ko,False,2026-08-03 00:08:09,한국,
2083203048751735060,메이투,메이투 ㅈㄴ 심하게 보정한 결과값처럼 생기셨다 개이뻐,Fri Jul 31 14:48:05 +0000 2026,2987972382,숭늉,yy11cu,626,0,0,0,https://x.com/yy11cu/status/2083203048751735060,ko,False,2026-08-03 00:08:09,한국,
2083158305460101166,메이투,메이투 보정100 체형 실화.. 말이 않되;; 🫪,Fri Jul 31 11:50:17 +0000 2026,1983763733068578816,쭉떡이..,xh_jjoopuppy,236,1,0,0,https://x.com/xh_jjoopuppy/status/2083158305460101166,ko,False,2026-08-03 00:08:09,한국,
2083144329393263061,메이투,그리고 어제 단체로 메이투 vip 가입함… https://t.co/bhjHOySN4p,Fri Jul 31 10:54:45 +0000 2026,895266098571952129,굴김치강도(9대호카게),9ymyk,1520,8,0,0,https://x.com/9ymyk/status/2083144329393263061,ko,False,2026-08-03 00:08:09,한국,https://pbs.twimg.com/media/HOjQuasbMAAWUsZ.jpg
2083143544181789081,메이투,"어이 군!
메이투 프리미엄 회원으로서  너에게 지지와 응원을 보낸다!",Fri Jul 31 10:51:38 +0000 2026,1487788112118190081,꽌넬각시,mehokkuk,3787,38,17,0,https://x.com/mehokkuk/status/2083143544181789081,ko,False,2026-08-03 00:08:09,한국,
2083142923533828213,메이투,메이투 화질개선+후지플래쉬+매거진 필터,Fri Jul 31 10:49:10 +0000 2026,2056978418173190144,누,LADS_nu090,134,1,0,0,https://x.com/LADS_nu090/status/2083142923533828213,ko,False,2026-08-03 00:08:09,한국,
2083136536158314858,메이투,아니 나 엊그제부터 메이투 메이크업기능이 안됨 ㅅㅂ 얼굴인식보정은 다되는데 뭐가문제지  나 애굣살 이걸로그려야하는데..,Fri Jul 31 10:23:47 +0000 2026,1984906525710970880,콩둥이,k7iiAce,475,2,0,1,https://x.com/k7iiAce/status/2083136536158314858,ko,False,2026-08-03 00:08:09,한국,
2083134545344283071,메이투,"진짜 감당가능한 시련만 온다는게 감사하면서도 매번 시련을 바라는건 아니었는데 내가...

탭사고 메이투 보정 가능해지자마자 일 시간 빌때마다 언니 사진 보정 달리고있음... 샤갈 모청이 급하다는데 어뜨케!!!!",Fri Jul 31 10:15:53 +0000 2026,862699585717784576,KDD/김뚜뚜,KDD_cos,292,4,0,0,https://x.com/KDD_cos/status/2083134545344283071,ko,False,2026-08-03 00:08:09,한국,
2083086537764598195,메이투,"이미 메이투 테무쉬인이런곳에서
다~털렷기에  10만원이라도받는게이득임지금",Fri Jul 31 07:05:07 +0000 2026,1734795761806893056,느니,0ozkm,421,2,0,1,https://x.com/0ozkm/status/2083086537764598195,ko,False,2026-08-03 00:08:09,한국,
2083080562345144633,메이투,@Notes8123 메이투 활짝 웃기..? 그런 필터였는데 다들 우울할때 ㄱㄱ,Fri Jul 31 06:41:22 +0000 2026,1486317320180211716,마떡,skmrgf_,151,1,0,0,https://x.com/skmrgf_/status/2083080562345144633,ko,False,2026-08-03 00:08:09,한국,
2083051844964942313,메이투,@kim_Capy 개인척으로 메이투 수술대 추천드립니다!!!!!!!,Fri Jul 31 04:47:15 +0000 2026,2013353745585971200,숭히,heemin_8u8,70,1,0,1,https://x.com/heemin_8u8/status/2083051844964942313,ko,False,2026-08-03 00:08:09,한국,
2082972720019743225,메이투,"메이투 13개월 분철
인당 1.6
두 분 구합니다

https://t.co/Np3TB5Y8ie https://t.co/J7s92Br9Xu",Thu Jul 30 23:32:50 +0000 2026,1751311081035960320,거래,Yuyuyuiu_,553,1,0,1,https://x.com/Yuyuyuiu_/status/2082972720019743225,ko,False,2026-08-03 00:08:09,한국,https://pbs.twimg.com/media/HOg0pWNbMAAqkcb.jpg
2082876967599378772,메이투,"진짜 남자아이 말하는거 ㅈㄴ 귀여운데 위버스 자동번역 거지같아서 다시 제대로 번역해옴 
이만큼 씹상남자같이 보정 시원하게 얘기하는거 아니면 나는 이제 성에 안찬다 응응 이샹아 앞으로 메이투 정기구독하고 배경잠금효과를 이용해보아요😍 #이샹이는보아라 https://t.co/TX5BMotkCm",Thu Jul 30 17:12:21 +0000 2026,1821956946683105280,kaya..,nicoloversc1ub,4082,121,14,0,https://x.com/nicoloversc1ub/status/2082876967599378772,ko,False,2026-08-03 00:08:09,한국,https://pbs.twimg.com/media/HOfWxqiasAAZ8nL.jpg
2082868415111520413,메이투,게토스구루 고릴라여시인데 맨날 메이투 수준으로 그림,Thu Jul 30 16:38:22 +0000 2026,1841829090648850433,하치,sipwqse,339,3,0,0,https://x.com/sipwqse/status/2082868415111520413,ko,False,2026-08-03 00:08:09,한국,
2082867886696345744,메이투,아 진짜 귀엽다.. 그거 메이투 vip 결제하고 background lock 하면 되는데 https://t.co/82uGWg3GEm,Thu Jul 30 16:36:16 +0000 2026,1359048919221555203,누룽지,nkktnrz,138,0,0,0,https://x.com/nkktnrz/status/2082867886696345744,ko,False,2026-08-03 00:08:09,한국,https://pbs.twimg.com/media/HOfVTTnbAAA2Myc.jpg
2082828058449547493,메이투,사람이 어케 메이투 100돌린 얼굴 같지 https://t.co/7QXJAfL9Bw,Thu Jul 30 13:58:00 +0000 2026,1792880674329985024,다미໒꒱*॰,DH_00ja,168,2,1,0,https://x.com/DH_00ja/status/2082828058449547493,ko,False,2026-08-03 00:08:09,한국,https://pbs.twimg.com/media/HOexE9xawAAkUk2.jpg
2082822997388452084,메이투,너무 심각하게 심심한 나머지 메이투 오억 장 돌리는 중 https://t.co/lm7eZX68mw,Thu Jul 30 13:37:54 +0000 2026,1246459596442460161,♫,8quaver8,259,11,0,2,https://x.com/8quaver8/status/2082822997388452084,ko,False,2026-08-03 00:08:09,한국,https://pbs.twimg.com/media/HOeseEWbkAA7-io.jpg
2082818981912891739,메이투,"메이투 야구중계샷도 이정돈 못하더라 
Ai미남 박찬열!!!!!👍💓🥰🥰🫳🏻🫳🏻🫳🏻 https://t.co/zb00qpZa62",Thu Jul 30 13:21:56 +0000 2026,2044284058918924288,🍑,xeo61_,934,51,2,0,https://x.com/xeo61_/status/2082818981912891739,ko,False,2026-08-03 00:08:09,한국,
2082814290344722658,메이투,메이투 중안부 기능만 유료화한거 정말 너무하다.... 롱안부인 나는 또 토독토독 제미나이 돌려야되고.... ㅠㅠ,Thu Jul 30 13:03:18 +0000 2026,1977424821328994304,ru,nogenreru,186,0,0,0,https://x.com/nogenreru/status/2082814290344722658,ko,False,2026-08-03 00:08:09,한국,
2082517794785317356,메이투,@jungsa_cos 아 메이투 좋긴 한데 너무 중티나서 고민......설정 좀 만지면 괜찮나??,Wed Jul 29 17:25:08 +0000 2026,1777762232736374784,스나,nodpmnolife,42,1,0,1,https://x.com/nodpmnolife/status/2082517794785317356,ko,False,2026-07-30 00:06:48,한국,
2082515321722941622,메이투,@nodpmnolife 메이투,Wed Jul 29 17:15:18 +0000 2026,2011744176778739712,중사,jungsa_cos,41,0,0,1,https://x.com/jungsa_cos/status/2082515321722941622,ko,False,2026-07-30 00:06:48,한국,
2082514608351547758,메이투,@LE_e_2 나 이제 ㄹㅇ 보정빨이됨 메이투 시작함,Wed Jul 29 17:12:28 +0000 2026,1876959533853212672,스킬드,skilld_414,24,1,0,0,https://x.com/skilld_414/status/2082514608351547758,ko,False,2026-07-30 00:06:48,한국,
2082512928432095330,메이투,"메이튜 메이투 1년팟 분철합니당
28일에 결제했어요!
아이폰입니당 

며칠전에 결제해서 1.5 받을게요!

https://t.co/ywaaZ7Xbxq",Wed Jul 29 17:05:48 +0000 2026,1936701347367354368,.,miluex,30,0,0,1,https://x.com/miluex/status/2082512928432095330,ko,False,2026-07-30 00:06:48,한국,
2082465422402822347,메이투,메이투 첫 화면 -&gt; 전체 들어가서 심리스 콜라주!! 저 콜라주 할 때마다 요거 써요! 경계 없는 콜라주 이게 젤 예뿌게 나와요 ჱ̒  ｰ̀֊ｰ́ )  https://t.co/VcsKI4wQbM,Wed Jul 29 13:57:01 +0000 2026,1896187504912654338,스즈키,s2uzii,1453,15,0,1,https://x.com/s2uzii/status/2082465422402822347,ko,False,2026-07-30 00:06:48,한국,
2082465186733293778,메이투,"버튜버 오시카츠때문에 만들었던 사진앱인데 요긴하게 잘 쓰고 있었으나, 최근에 메이투? 일부 사진들 로드가 안되는 문제가 있어서 개선해야할 것 같음... 시간날때 함 해야지.. https://t.co/4CQlZBhmLk",Wed Jul 29 13:56:05 +0000 2026,2048421971281473536,Lambda 람다,LambdaKafka,87,3,0,0,https://x.com/LambdaKafka/status/2082465186733293778,ko,False,2026-07-30 00:06:48,한국,https://pbs.twimg.com/media/HOZm9OuasAAa9w9.jpg
2082464527673913490,메이투,"메이투 첨 써봐서 ㅈㄴ 신기한데 앞머리를 막 창조하는데 얘?
근데 보정티 나는지 모르겟어 ㅅㅂ 친구한테 말하긴 부끄럽고 열심히 보정햇는데 티 마니나면 어카지 내 눈으로는 머르겟어 샹 ㅠ~",Wed Jul 29 13:53:28 +0000 2026,2059401856930230272,춘오리,chunchunS2_0_0,24,0,0,0,https://x.com/chunchunS2_0_0/status/2082464527673913490,ko,False,2026-07-30 00:06:48,한국,
2082443614131757183,메이투,오른쪽 무슨 메이투 얼굴브이라인 100 급인데,Wed Jul 29 12:30:22 +0000 2026,2009624027665760256,루,lvuzy032,206,6,1,0,https://x.com/lvuzy032/status/2082443614131757183,ko,False,2026-07-30 00:06:48,한국,
2082443469726040178,메이투,오늘 사진 메이투 풀래시가 다 했다..🥹📷🤍 #트친소 #일상계트친소 https://t.co/Zz83OgpcLQ,Wed Jul 29 12:29:47 +0000 2026,2069484142778040320,토마토,ushubpqmau4ceu,680,9,0,2,https://x.com/ushubpqmau4ceu/status/2082443469726040178,ko,False,2026-07-30 00:06:48,한국,https://pbs.twimg.com/media/HOZTQq5aAAA4mkn.jpg
2082421354046116127,메이투,사랑해요 메이투 https://t.co/a18tRBh7Ua,Wed Jul 29 11:01:54 +0000 2026,2029537798760574977,݁˖Ი𐑼⋆,onlyiyoko,107,1,0,0,https://x.com/onlyiyoko/status/2082421354046116127,ko,False,2026-07-30 00:06:48,한국,https://pbs.twimg.com/media/HOY_LyIaYAAAQ7p.jpg
2082409198646894767,메이투,"@Da_zzling__ 이보토로 셀카보정하는사람 22222
그치만 뭔가 메이투에만 있는 기능들이 탐나거 메이투 이중결제를 해보고싶은 마음 한가득,,,,, (촬영자주하지도않으면서)",Wed Jul 29 10:13:36 +0000 2026,887533976193187840,녹스 / NOX ✨,luminox_00,118,0,0,1,https://x.com/luminox_00/status/2082409198646894767,ko,False,2026-07-30 00:06:48,한국,
2082398902540808538,메이투,"셀카는 보정 잘 안해요!!
후면 사진들은 메이투 씁니당
 https://t.co/cMNdJlh8KF",Wed Jul 29 09:32:42 +0000 2026,1833517350857150468,여니,yeonirunikuni,948,1,0,0,https://x.com/yeonirunikuni/status/2082398902540808538,ko,False,2026-07-30 00:06:48,한국,
2082380873408843986,메이투,와 메이투 처음 써봤는데 신세계구만?30분동안 낑낑대던 깻잎머리를 5초컷 함 야루 ㅋㅋ,Wed Jul 29 08:21:03 +0000 2026,2028804559297212416,펩시(상태:태현바라기),yeongo0205,152,1,0,0,https://x.com/yeongo0205/status/2082380873408843986,ko,False,2026-07-30 00:06:48,한국,
2082379735322300827,메이투,"*첨부된 셀카는 프라이버시와 빠순 도리를 위해 명님 얼굴 제외 챗지피티, 메이투 등으로 재구성되었습니다^____^",Wed Jul 29 08:16:32 +0000 2026,1832265560975142912,언,usednuseless,1389,0,0,0,https://x.com/usednuseless/status/2082379735322300827,ko,False,2026-07-30 00:06:48,한국,
2082375425091867032,메이투,나1200원없어서 메이투 아이보리 쓰는데 이것도 진짜이쁨,Wed Jul 29 07:59:24 +0000 2026,1923769299686260738,딸~막 남자 둘이 연애하고 비비는 그런거 보는거 아니지?엄만딸믿어~,kinu41813,7586,16,3,0,https://x.com/kinu41813/status/2082375425091867032,ko,False,2026-07-30 00:06:48,한국,
2082367526345019771,메이투,약간 사람 끌리게 하는 몬가가 있어 •• 글구 사람이 너무 착하자나~ 같이 많이 좋아해주장 미모 비결은.... 메이투!? 🩷 https://t.co/X8rzabOelm,Wed Jul 29 07:28:01 +0000 2026,1865085604649930752,베리,pppuuff,249,0,0,1,https://x.com/pppuuff/status/2082367526345019771,ko,False,2026-07-30 00:06:48,한국,
2082317721409347939,메이투,난 4000팔이 넘음에도 일본 살아서 제품 못 받고 일본얘기 내얘기만 뒤지게 헤서 광고 협찬을 받은 게 메이투 벚꽃필터 하나 뿐임 트뺑이 열심히 돌아야겟다 ...,Wed Jul 29 04:10:07 +0000 2026,1795520791645491200,도시,docitie_,1179,15,1,1,https://x.com/docitie_/status/2082317721409347939,ko,False,2026-07-30 00:06:48,한국,
2082306858585665787,메이투,"@Zene_cos_ 헤헷...... 약간 애매하게 웃으면 사진에는 잘 나오는 것 같아요 🤔 ㅋㅋㅋㅋㅋㅋㅋㅋㅋ 사실 저두 그런 사진이 많아서……
메이투 에이아이로 표정 변경하는 보정도 애용함니다 👍",Wed Jul 29 03:26:57 +0000 2026,1552992064702656513,화양,hwawwwya,62,0,0,0,https://x.com/hwawwwya/status/2082306858585665787,ko,False,2026-07-30 00:06:48,한국,
2082296643668541914,메이투,"메이투 사고싶은 분은 타오바오에 meituvip라고 치시면 많이 나오니까 타오바오에서 구매하세요!!!! 
1일 7일 한달 연간 다파는데 
나는 1일권씩 사서 쓰고있음 500원임

잘 모르겟다!! 타오바오 어렵다!! 하는분은 나한테 무러봐",Wed Jul 29 02:46:21 +0000 2026,2065277000932339712,キムチェリKimcherry,cherry_b0nx2,392,5,1,0,https://x.com/cherry_b0nx2/status/2082296643668541914,ko,False,2026-07-30 00:06:48,한국,
2082295571340296324,메이투,메이투 진짜 좋다 https://t.co/b4n38qUMXN,Wed Jul 29 02:42:06 +0000 2026,2065277000932339712,キムチェリKimcherry,cherry_b0nx2,209,6,1,0,https://x.com/cherry_b0nx2/status/2082295571340296324,ko,False,2026-07-30 00:06:48,한국,https://pbs.twimg.com/media/HOXMxtdagAATc07.jpg
2082198228813197674,메이투,"근데 양하이씨 이정도면
꽤 훈남아냐? 나 소개팅남 사진으로
이런사람 보여주면 당장나간다고 할거같은데
(그냥 니취향인거겠지
오히려 땡하는 음?메이투 너무 만지셨네.
하고 안나갈거같아 https://t.co/zNuDoeJZP7",Tue Jul 28 20:15:17 +0000 2026,1392692062638678017,빡이,manghan100en0,776,29,1,0,https://x.com/manghan100en0/status/2082198228813197674,ko,False,2026-07-30 00:06:48,한국,https://pbs.twimg.com/media/HOV0QHCbIAAEAZX.jpg
2082129544493060513,메이투,"메이투 화질복구하려면 이제 돈내야해서
챗지피티쓴다 ㅗ",Tue Jul 28 15:42:22 +0000 2026,2055221537515675648,이치ご,yuden1_,78,0,0,0,https://x.com/yuden1_/status/2082129544493060513,ko,False,2026-07-30 00:06:48,한국,
2082121529391972773,메이투,@bad00k2 메이투+프로크리에이트/이비스 씁니다!!,Tue Jul 28 15:10:31 +0000 2026,1915752365971615745,우코,milkcoting,190,1,0,0,https://x.com/milkcoting/status/2082121529391972773,ko,False,2026-07-30 00:06:48,한국,
2082109979092504692,메이투,메이투 분철 태워주세요..ㅠㅠ아이폰입니댕,Tue Jul 28 14:24:37 +0000 2026,1938204857225383939,흑얌이,xsozyl,132,0,0,0,https://x.com/xsozyl/status/2082109979092504692,ko,False,2026-07-30 00:06:48,한국,
2082102114625691694,메이투,메이투 나도 궁금하다,Tue Jul 28 13:53:22 +0000 2026,1879309262016643072,NANDAKA,___mazika___,203,0,0,1,https://x.com/___mazika___/status/2082102114625691694,ko,False,2026-07-30 00:06:48,한국,
2082095110532252143,메이투,"오늘 사진 메이투 풀래시가 다 했다..🥹🤍
#셀카 #섹시 #섹트 #맘눌뎀 https://t.co/mnkIFzJCe8",Tue Jul 28 13:25:32 +0000 2026,2069474706130890752,xin,cxpmbovuzdcywv,86,0,0,0,https://x.com/cxpmbovuzdcywv/status/2082095110532252143,ko,False,2026-07-30 00:06:48,한국,https://pbs.twimg.com/media/HOUWdyGbkAAZsgL.jpg
2082075239257878613,메이투,@tageda56803 메이투 썼어요,Tue Jul 28 12:06:34 +0000 2026,1965005713719373824,ASKII,Askii_code,79,2,0,0,https://x.com/Askii_code/status/2082075239257878613,ko,False,2026-07-30 00:06:48,한국,
2082069495854821534,메이투,@S51N0 시노쨩에게 이런 칭찬 들을 수 있다면.. 나 몇번이라도 차가운 메이투 위에 눕겠어요. ∠( ᐛ 」∠)＿,Tue Jul 28 11:43:45 +0000 2026,2008095577134034944,ᑕᕼᑌᑌƳᗩ 츄야,chuuya_bunny,121,0,0,0,https://x.com/chuuya_bunny/status/2082069495854821534,ko,False,2026-07-30 00:06:48,한국,
2082056916973638016,메이투,다들 보정앱 메이투 쓰네,Tue Jul 28 10:53:46 +0000 2026,2051625340477513728,양이 8부일페,yang2131369,238,11,0,0,https://x.com/yang2131369/status/2082056916973638016,ko,False,2026-07-30 00:06:48,한국,
2082040159915454941,메이투,와 메이투 화질개선 최고 진짜 나를 구원하시고 https://t.co/AYh4msgvXb,Tue Jul 28 09:47:11 +0000 2026,1992017069634994176,도요,SXU4Z,1046,22,3,3,https://x.com/SXU4Z/status/2082040159915454941,ko,False,2026-07-30 00:06:48,한국,https://pbs.twimg.com/media/HOTkeMwaEAAmfKR.jpg
2082039951374618668,메이투,메이투가미쳣어요(p) https://t.co/J5PHUZOs8p,Tue Jul 28 09:46:21 +0000 2026,1858447824134017024,단,dandansulh,1048,68,0,5,https://x.com/dandansulh/status/2082039951374618668,ko,False,2026-07-30 00:06:48,한국,https://pbs.twimg.com/media/HOTkTLBbIAAx9EM.jpg
2082037014627766615,메이투,@bad00k2 메이투!,Tue Jul 28 09:34:41 +0000 2026,1665947064210161666,바루룽 (8서코 일),barurung_cos,218,1,0,0,https://x.com/barurung_cos/status/2082037014627766615,ko,False,2026-07-30 00:06:48,한국,
2082035865866633223,메이투,@love_youuUu0 나같은 갤럭시유저능 플래시터뜨리거나 메이투 플래시기능바께답없는듯,Tue Jul 28 09:30:07 +0000 2026,1972315244749004800,소매,supido0,102,1,0,1,https://x.com/supido0/status/2082035865866633223,ko,False,2026-07-30 00:06:48,한국,
2082025771741356290,메이투,@bad00k2 메이투!,Tue Jul 28 08:50:00 +0000 2026,2050871688674541568,쟈비,javy8593,324,1,0,0,https://x.com/javy8593/status/2082025771741356290,ko,False,2026-07-30 00:06:48,한국,
2081998767054889220,메이투,@bad00k2 메이투 유료써요!! 짱 조아요,Tue Jul 28 07:02:42 +0000 2026,1945760656638287872,당효🦊,danghyo12188,291,1,0,0,https://x.com/danghyo12188/status/2081998767054889220,ko,False,2026-07-30 00:06:48,한국,
2081997316266041414,메이투,@bad00k2 메이투❤️❤️❤️,Tue Jul 28 06:56:56 +0000 2026,1947655070096490497,엘 | 모심글,1st_natsumu,296,1,0,0,https://x.com/1st_natsumu/status/2081997316266041414,ko,False,2026-07-30 00:06:48,한국,
2081990563247857942,메이투,"@clairlune_reve 폰보정해서 화질이 엄청나게 낮아지는게 아닌 이상 크게 기분 나쁘거나 하지는 않습니당!
메이투 보정 자체는 거부감이 없지만, 간혹 메이투의 특정 기능을 사용하면 kb 단위로 사진화질이 낮아진다는걸 들은적이 있어요",Tue Jul 28 06:30:06 +0000 2026,1693798004179050496,도랭🦔,do_raeng,256,0,0,1,https://x.com/do_raeng/status/2081990563247857942,ko,False,2026-07-30 00:06:48,한국,
2081990466841801020,메이투,@sackofpotato33 헛 글쿤여!! 사실 포토샵으로 보정하면 시간이 너무 오래걸려서..😭 앞으론 메이투 적극 활용해 바야겟서요...헤헤,Tue Jul 28 06:29:43 +0000 2026,1015236188326670336,つき,clairlune_reve,192,1,0,0,https://x.com/clairlune_reve/status/2081990466841801020,ko,False,2026-07-30 00:06:48,한국,
2081990146837315677,메이투,@BAM_ZAM_ ㅋㅋㅋㅋㅋㅋㅋㅋㅋㅋㅋㅋㅋ이제 광고 업는 삶이 되겟군요🥹 근데 진짜 메이투 ai보면 웃겨요 그냥 ㅋㅋㅋㅋㅋㅋㅋ 내 얼굴 아닌 느낌,Tue Jul 28 06:28:27 +0000 2026,2023616213050683397,망생,_mang05,71,1,0,1,https://x.com/_mang05/status/2081990146837315677,ko,False,2026-07-30 00:06:48,한국,
2081981088285790228,메이투,@bad00k2 나♡메이투,Tue Jul 28 05:52:27 +0000 2026,1929542906815418368,오깡,Okkangk_,296,1,0,0,https://x.com/Okkangk_/status/2081981088285790228,ko,False,2026-07-30 00:06:48,한국,
2081968363409195018,메이투,@lemo__02 고수 ㄷㄷㄷ 난 메이투 only..,Tue Jul 28 05:01:53 +0000 2026,4916271966,세츠나せつな🦭,Setsuna_ma,54,1,0,1,https://x.com/Setsuna_ma/status/2081968363409195018,ko,False,2026-07-30 00:06:48,한국,
2081947016842858504,메이투,@madcode_romi 로미야아😍😍 근데 저 보정 양심없게했다고 트위터거 니 에이아이.라네요..... 어제 갑자기 메이투 고장나서 보정다밀림 ...... 저 vip기능없으면 보정을 못해서..중안부의악마라가지고 ..금방고쳐온다 ...,Tue Jul 28 03:37:04 +0000 2026,1806975779169087488,시아🍰,siaping333,94,0,0,0,https://x.com/siaping333/status/2081947016842858504,ko,False,2026-07-30 00:06:48,한국,
2081939647069032699,메이투,메이투 https://t.co/2FL8YqA0ky,Tue Jul 28 03:07:47 +0000 2026,2071849352126177280,유령,yurei_emo,54,0,0,0,https://x.com/yurei_emo/status/2081939647069032699,ko,False,2026-07-30 00:06:48,한국,https://pbs.twimg.com/media/HOSJDHZb0AAgVsV.jpg
2081811260287709682,메이투,"요즘 왜 이렇게 편집해서 영상 많이 올리냐면...
원치도 않는 메이투 결제 때문🫠
그래도 뽕은 뽑아야하지 않겠나요~",Mon Jul 27 18:37:37 +0000 2026,2069850868716093440,(՞- -՞)ᶻᶻᶻ,l7x2q,107,0,0,0,https://x.com/l7x2q/status/2081811260287709682,ko,False,2026-07-30 00:06:48,한국,
2081768470463893559,메이투,@jjuhoon__ 일반갤러리에서 하는것도 이쁘구 아날로그웨딩이랑 메이투 추천드립니돠..ㅎㅎ,Mon Jul 27 15:47:35 +0000 2026,2019067983403118592,티순,umkyun,67,1,0,1,https://x.com/umkyun/status/2081768470463893559,ko,False,2026-07-30 00:06:48,한국,
2081742375609946470,메이투,"@flower_dalja_X 셀카는 모르겟고 보정은 메이투
이거로 찍기도 하던뎁",Mon Jul 27 14:03:53 +0000 2026,1710359767095582720,설이_SE0l2,_Seol2_,80,0,0,0,https://x.com/_Seol2_/status/2081742375609946470,ko,False,2026-07-30 00:06:48,한국,
2081724401263976765,메이투,"#제품제공 @BLANCDIVA_KR 

이거 진짜 뭐예요.. 현실판 메이투 피부 보정 💯💯

여드름쟁이 구원템 ㄹㅇ 여태 써본 쿠션 중에 제일 좋은 것 같음 ㅈㅉ 매일 쓰고 있음 너무좋아..........  이게내피부라고?(아님착각임)

커버력, 지속력, 피부 표현력 다다다‼️갖춘

💜블랑디바 글림 커버리지 쿠션
💜블랑디바 워터벨벳 쿠션 

7주년 기념으로 새롭게 리뉴얼 됐대요!

타래로 더 자세히 알아봐요👇👇",Mon Jul 27 12:52:28 +0000 2026,2020155592149737472,팝,ta1k1ngt0myse1f,6067,37,22,6,https://x.com/ta1k1ngt0myse1f/status/2081724401263976765,ko,False,2026-07-30 00:06:48,한국,https://pbs.twimg.com/media/HOPFThdbQAAwCdy.jpg
2081714221935636806,메이투,메이투 필터를 돌렸더니 뭉개지는군요 (...),Mon Jul 27 12:12:01 +0000 2026,1891463705877209089,가람,RAMEEEEE__,116,0,0,0,https://x.com/RAMEEEEE__/status/2081714221935636806,ko,False,2026-07-30 00:06:48,한국,
2081668981153583534,메이투,"@uuoomoosansan ㅋㅋㅋㅋ AI는 메이투 AI 보정이랑 Adobe FireFly만 썼어요 
보정도 AI라면 AI죠",Mon Jul 27 09:12:15 +0000 2026,1797567734659895296,연이,ThisIsYeony,149,0,0,1,https://x.com/ThisIsYeony/status/2081668981153583534,ko,False,2026-07-30 00:06:48,한국,
2081661288590303450,메이투,저랑투샷찍은거 보정카메라(메이투)로찍은거면 그냥올리셔두대요 크크 메이투카메라쵝오,Mon Jul 27 08:41:41 +0000 2026,1949770977790877696,트친소 꾸꾸,Gguggudiary,176,6,0,0,https://x.com/Gguggudiary/status/2081661288590303450,ko,False,2026-07-30 00:06:48,한국,
1985243099245998530,meitu,"눈꽃이 소복이 쌓인 길 위에서...📷

*해당 이미지는 메이투(Meitu) AI 아트를 활용해 제작되었습니다.

#공항철도 #AREX #스피 #나르 #겨울여행 #메이투감성
#눈오는날 #겨울감성 #여행스타그램 https://t.co/3RpDcQkXEb",Mon Nov 03 07:10:13 +0000 2025,184693167,공항철도 Airport Express,AirportExpress_,536,8,0,1,https://x.com/AirportExpress_/status/1985243099245998530,ko,False,2026-07-30 00:06:34,한국,https://pbs.twimg.com/media/G4z_1IgbQAAIRRi.jpg
1985240572735750461,meitu,"요즘 강민이가 너무 조아요😽
#베리베리 #유강민 #meitu https://t.co/mkMUZMLiEj",Mon Nov 03 07:00:11 +0000 2025,1847891155301912576,음바삐걸어,mjhyeonju12,368,2,0,0,https://x.com/mjhyeonju12/status/1985240572735750461,ko,False,2026-07-30 00:06:34,한국,https://pbs.twimg.com/media/G4z9x4OaIAApHkO.jpg
1985218306169786690,meitu,"❄️ Meitu Snow Filter ❄️ 

금요일 투샷은 다 보내드렸습니다!
단체샷은 좀더 손보고 올릴예정.
그리고 한분한분 이번에 찍어주신분들

모두다 감사말씀 전해드립니다!
사진들은 허락맡고 올렸습니다! 📸
토요일 사진도 천천히  올려볼예정. https://t.co/u64A78H41U",Mon Nov 03 05:31:42 +0000 2025,1939466311761117184,🌛 칼슘 (C.A) 시에,Sixteen_Setuna,215,12,0,0,https://x.com/Sixteen_Setuna/status/1985218306169786690,ko,False,2026-07-30 00:06:34,한국,https://pbs.twimg.com/media/G4zph1ZagAAKL9Y.jpg
2078771290383765539,뷰티캠,@mbv66n 뷰티캠 아이폰모드,Sun Jul 19 09:17:51 +0000 2026,1817525209458745344,pinyo,hatehalapinyo,126,1,0,0,https://x.com/hatehalapinyo/status/2078771290383765539,ko,False,2026-07-27 00:08:10,한국,
2081529906459291728,메이투,메이투 화질복구 기능을 사용했기에 특유의 Ai 느낌이 있을 수 있습니다🥲,Sun Jul 26 23:59:37 +0000 2026,2038778056966651904,청사과,NOI_Rxx,1,0,0,0,https://x.com/NOI_Rxx/status/2081529906459291728,ko,False,2026-07-27 00:07:53,한국,
2081417550974599266,메이투,"저 메이투 무제한으로 업그레이드했습니다.
페소 연락주세요
커플샷 왕창 뽑아드리겠슴니다!!!!!",Sun Jul 26 16:33:09 +0000 2026,1397720831262740481,루비(Ruby),Ruby_s2__,101,10,0,0,https://x.com/Ruby_s2__/status/2081417550974599266,ko,False,2026-07-27 00:07:53,한국,
2081407502344933566,메이투,@eomjilhair 아 메이투 그걸 생각 못했네,Sun Jul 26 15:53:13 +0000 2026,2053427189354487808,𝐊𝐢𝐊!,kikcoer,31,0,0,0,https://x.com/kikcoer/status/2081407502344933566,ko,False,2026-07-27 00:07:53,한국,
2081384133679612135,메이투,@kikcoer 메이투 고화질 무료체험 3번 여기에 박음,Sun Jul 26 14:20:22 +0000 2026,1225286025787797504,acai,eomjilhair,106,2,0,1,https://x.com/eomjilhair/status/2081384133679612135,ko,False,2026-07-27 00:07:53,한국,
2081381531025633571,메이투,"기쓰도 빨리 올리고싶으네
메이투 :",Sun Jul 26 14:10:01 +0000 2026,2008061579276021760,ピノ,PiNO_cosu,160,4,0,0,https://x.com/PiNO_cosu/status/2081381531025633571,ko,False,2026-07-27 00:07:53,한국,
2081379133767184490,메이투,"어잇 보정 되다 말았어
메이투 일해",Sun Jul 26 14:00:30 +0000 2026,1214434908581449728,윤새벽,_yundawn_,120,2,0,0,https://x.com/_yundawn_/status/2081379133767184490,ko,False,2026-07-27 00:07:53,한국,
2081377609632674123,메이투,이사진 너무 마음에 들어 메이투 플래시를 넣어서 보정해서 그런지 어둡게 나오지 않았고,Sun Jul 26 13:54:26 +0000 2026,855649548512878592,한율,hanyul_0313,139,3,0,1,https://x.com/hanyul_0313/status/2081377609632674123,ko,False,2026-07-27 00:07:53,한국,
2081356097651429714,메이투,@mintcandy0812 메이투,Sun Jul 26 12:28:58 +0000 2026,1871506912841510912,슬이,COS_Seule,56,1,0,1,https://x.com/COS_Seule/status/2081356097651429714,ko,False,2026-07-27 00:07:53,한국,
2081345137607843983,메이투,"쿄쿄쿄 쿄쿄쿄
하지만 아주 알차고 값진 시간이었뜸니다!!!!
토라님의 페소와 사현이의 커플샷을 뽑아드릴 수 있어서 영광이잔하효....🥹
메이투... 다음달에 보자...",Sun Jul 26 11:45:24 +0000 2026,1397720831262740481,루비(Ruby),Ruby_s2__,308,11,0,1,https://x.com/Ruby_s2__/status/2081345137607843983,ko,False,2026-07-27 00:07:53,한국,
2081343437996224620,메이투,@subacksa 우헷우헷 메이투 찐빠는 몇번 나지만 괜찮게 나오는 것 같아효,Sun Jul 26 11:38:39 +0000 2026,1397720831262740481,루비(Ruby),Ruby_s2__,48,2,0,1,https://x.com/Ruby_s2__/status/2081343437996224620,ko,False,2026-07-27 00:07:53,한국,
2081339810028077239,메이투,근데 나 보정 잘 못해서 메이투 어케쓰는지 모르겟고 일단 이중턱 없애는 건 ㄹㅇ 감쪽같아서 대만족,Sun Jul 26 11:24:14 +0000 2026,1411333866208432128,글라스,Ex__loaf,105,2,0,0,https://x.com/Ex__loaf/status/2081339810028077239,ko,False,2026-07-27 00:07:53,한국,
2081337531245986164,메이투,"그나저나 ㄹㅇ 그냥 카메라 제팩인데 

너무 내 맘에 쏙 드는거시에요 

라룸 이보토 메이투 끊어버릴까..? https://t.co/6ZNYqytAyj",Sun Jul 26 11:15:11 +0000 2026,1107269292905517056,냉면,20coldnoodle00,153,2,0,1,https://x.com/20coldnoodle00/status/2081337531245986164,ko,False,2026-07-27 00:07:53,한국,https://pbs.twimg.com/media/HOJlcQgaIAEOb-z.jpg
2081308804449550841,메이투,"메이투 말고 직접 픽셀유동화를 해보자! 해놓고 

이보토로 해야지 로 결론냄..",Sun Jul 26 09:21:02 +0000 2026,1736505584596443136,Καινίς,royalhazelunt,59,0,0,0,https://x.com/royalhazelunt/status/2081308804449550841,ko,False,2026-07-27 00:07:53,한국,
2081306427701006752,메이투,@ITibong75269 메이투&gt;보정&gt;몸매보정&gt;스트레치&gt;위치조정,Sun Jul 26 09:11:35 +0000 2026,2051248744910508032,모브붐은온다,mob_mybaby,54,1,0,0,https://x.com/mob_mybaby/status/2081306427701006752,ko,False,2026-07-27 00:07:53,한국,
2081306387532206331,메이투,오늘 사진 메이투 풀래시가 다 했다..🥹📷🤍#셀카 #섹시 #섹트 #맘눌뎀 https://t.co/9n2V2jpXzF,Sun Jul 26 09:11:26 +0000 2026,2043421848147226624,xin,BridgesSyl5235,66,0,1,0,https://x.com/BridgesSyl5235/status/2081306387532206331,ko,False,2026-07-27 00:07:53,한국,https://pbs.twimg.com/media/HOJJGEUaYAASkuP.jpg
2081305274724622700,메이투,메이투 결제갈김 연 4마넌이길래,Sun Jul 26 09:07:00 +0000 2026,1411333866208432128,글라스,Ex__loaf,104,1,0,0,https://x.com/Ex__loaf/status/2081305274724622700,ko,False,2026-07-27 00:07:53,한국,
2081285617280008412,메이투,메이투 플래시 앙나 좋네 ㅋㅋ https://t.co/gwmLb0q3iW,Sun Jul 26 07:48:54 +0000 2026,1901095106134110208,ᴋʏᴏᴋᴏ,kyokozyang,238,4,0,2,https://x.com/kyokozyang/status/2081285617280008412,ko,False,2026-07-27 00:07:53,한국,https://pbs.twimg.com/media/HOI2PKLbQAAA1lX.jpg
2081272952843350075,메이투,"@X_Xcos 메이투 ""프리미엄"" 오우너.",Sun Jul 26 06:58:34 +0000 2026,2019768497996472320,르페,rphe0114,83,0,0,0,https://x.com/rphe0114/status/2081272952843350075,ko,False,2026-07-27 00:07:53,한국,
2081264837079040180,메이투,"루비님의 메이투 당월 크레딧소진에 일조하게 되어 영광입니다
이제못놔줘 평생함께야 히히 😈💕🐺🐰💕 https://t.co/GGGh6uF4pl",Sun Jul 26 06:26:19 +0000 2026,2073719087331774464,토라,toraamsid,454,3,0,1,https://x.com/toraamsid/status/2081264837079040180,ko,False,2026-07-27 00:07:53,한국,https://pbs.twimg.com/media/HOIjEEFaQAA0ZNZ.jpg
2081217500256281026,메이투,@Ruby_s2__ 어제의 예상. 메이투 결제로 신난 루비님은 자캐외에 지인분들것까지 재미나게 뽑아주신다 = 그리고 한달분이 소진되었다 ! 🤭✨️귀여우셩. 그래도 루비님덕에 저포함 주위가 행복해졌습니다 💕,Sun Jul 26 03:18:13 +0000 2026,2073719087331774464,토라,toraamsid,75,1,0,1,https://x.com/toraamsid/status/2081217500256281026,ko,False,2026-07-27 00:07:53,한국,
2081211976324383176,메이투,메이투 유료면 화질이 안 떨어진다는 소문,Sun Jul 26 02:56:16 +0000 2026,1961556049795977219,백낙,BaekNack,161,2,0,0,https://x.com/BaekNack/status/2081211976324383176,ko,False,2026-07-27 00:07:53,한국,
2081200405623812398,메이투,메이투 이새끼들 주 9900에 연 40000원은ㅋㅋㅋㅋㅋㅋ 연구독하라는거잖아 https://t.co/1QKgQBH0qJ,Sun Jul 26 02:10:18 +0000 2026,858918956,찹쌀,mozziyunnn,624,3,0,1,https://x.com/mozziyunnn/status/2081200405623812398,ko,False,2026-07-27 00:07:53,한국,https://pbs.twimg.com/media/HOHovIoawAExc5v.jpg
2081175924910018609,메이투,메이투 프리미엄ㅋㅋㅋㅋㅋㅋㅋ,Sun Jul 26 00:33:01 +0000 2026,1902247375508537344,강똘복,ddyolb_wings,50,0,0,0,https://x.com/ddyolb_wings/status/2081175924910018609,ko,False,2026-07-27 00:07:53,한국,
2081097160645566529,메이투,"메이투 제한 있는지 모르고 하루종일 돌리다가 한달 제공된 크레딧 다 썼어요
분명 제한있다는 말 없었단 말입니다???????",Sat Jul 25 19:20:02 +0000 2026,1397720831262740481,루비(Ruby),Ruby_s2__,312,8,0,1,https://x.com/Ruby_s2__/status/2081097160645566529,ko,False,2026-07-27 00:07:53,한국,
2081054671339389403,메이투,"아니 나 행사 오늘 거 나가고
다음주거 나가면 끝인데
메이투 vip 오늘 끝남
아진짜그러지말자~~~ㅜㅜㅜ
내일압빠한테돈받아야지",Sat Jul 25 16:31:12 +0000 2026,2069850868716093440,(՞- -՞)ᶻᶻᶻ,l7x2q,87,0,0,0,https://x.com/l7x2q/status/2081054671339389403,ko,False,2026-07-27 00:07:53,한국,
2081053037985189906,메이투,"하나씩대답하는태준ai가된다

메이투: 그러게요 잊으신듯ㅋㅋ 이새키 근데 모델일하며 찍은 사진 중에서 지 맘에 안 드는 건 지 피드에 안올릴거같음 (싹바가지 ㅈ되네)
팬: 있겠지만 꼴받아서 필사적으로 생각안하고있었음
영상다섯개: 눈질끈감고 스스로의죄악성찰타임오천시간쯤가지게될거같기도… ㅃㄹ역극하면서 현패성남캐해잡아야지
피스셀카: 창남인듯
서먹서먹: 네그렇습니다… 이따금 만나서 밥한끼정도는 먹겠지만 딱그정도뿐
요리히메에게는 짭가족이생겨버렸죠… 요시노부는… 거진혼자처럼큽니다 근데 그게 그녀에게는 더 나은 삶일 거라는 생각이 드네요",Sat Jul 25 16:24:43 +0000 2026,2067995789364973568,태준,xownspark,83,0,0,0,https://x.com/xownspark/status/2081053037985189906,ko,False,2026-07-27 00:07:53,한국,
2081051089760326051,메이투,메이투 유료 살만한가여,Sat Jul 25 16:16:58 +0000 2026,1345363506107875329,낫포터,no_spport,169,2,0,0,https://x.com/no_spport/status/2081051089760326051,ko,False,2026-07-27 00:07:53,한국,
2081039320916627712,메이투,메이투 유료결제 고민,Sat Jul 25 15:30:12 +0000 2026,1541796836825919488,나초,ocanp__,191,1,0,1,https://x.com/ocanp__/status/2081039320916627712,ko,False,2026-07-27 00:07:53,한국,
2081037136531456152,메이투,@1nnnnns 그거슨..메이투 AI,Sat Jul 25 15:21:31 +0000 2026,2050230500418301952,토담,todamcore,57,1,0,0,https://x.com/todamcore/status/2081037136531456152,ko,False,2026-07-27 00:07:53,한국,
2081025253216829773,메이투,"메이투 분철 합니다!!(아이폰)
4만원에 구매해서 인당 만원이구
이미 구매해서 자리 안차도 바로 들어오실 수 있어요!",Sat Jul 25 14:34:18 +0000 2026,1892996342160728066,WOOYA,bi_bi_woo,797,2,1,1,https://x.com/bi_bi_woo/status/2081025253216829773,ko,False,2026-07-27 00:07:53,한국,
2081023750817165683,메이투,메이투 AI 가끔 돌리면 재밌거등 https://t.co/Ho6Drm2HSH,Sat Jul 25 14:28:20 +0000 2026,2050230500418301952,토담,todamcore,450,22,0,6,https://x.com/todamcore/status/2081023750817165683,ko,False,2026-07-27 00:07:53,한국,https://pbs.twimg.com/media/HOFIEjFaQAAuY05.jpg
2081020641004990673,메이투,메이투 깔아서 막 돌려보는데 재밋고 이상해..,Sat Jul 25 14:15:58 +0000 2026,1946804672721027072,덜깐 토란,Well_Pinned,84,0,0,0,https://x.com/Well_Pinned/status/2081020641004990673,ko,False,2026-07-27 00:07:53,한국,
2081011248246960419,메이투,"저 메이투 연간결제 했습니다
혹시 제 캐릭터와 투샷 원하시는 분 연락주씹씨오!!!!!!! https://t.co/TuMUw8Wv3A",Sat Jul 25 13:38:39 +0000 2026,1397720831262740481,루비(Ruby),Ruby_s2__,435,22,2,9,https://x.com/Ruby_s2__/status/2081011248246960419,ko,False,2026-07-27 00:07:53,한국,https://pbs.twimg.com/media/HOE8sxzaUAALk0_.jpg
2080992738347196675,메이투,"항저우 길거리에 이쁜언니 ㅈㄴ 많았음 무슨 현실에서 메이투 필터 낀 것처럼
근데 남자는 bunch of 감스트",Sat Jul 25 12:25:06 +0000 2026,1417426083851358213,강북멋쟁이,mysonisHVC,212,2,0,0,https://x.com/mysonisHVC/status/2080992738347196675,ko,False,2026-07-27 00:07:53,한국,
2080992524873920599,메이투,"완전좋은거알아냄희희
메이투 눈디테일에서 눈맨끝쪽에있는거 최대로 설정하면
일반렌즈도 축고정렌즈처럼 만들어줌!!

눈디테일&gt;눈빛&gt;퍼피 https://t.co/iyD3SlNog8",Sat Jul 25 12:24:15 +0000 2026,1987907649372069888,송,ten0n6,730,18,0,1,https://x.com/ten0n6/status/2080992524873920599,ko,False,2026-07-27 00:07:53,한국,https://pbs.twimg.com/media/HOErq95bgAAYzka.jpg
2080990352438071723,메이투,@cherie_suo 메이투 안 돌린거조??,Sat Jul 25 12:15:37 +0000 2026,2000565325096689665,밍씨,nalin1742824,56,0,0,0,https://x.com/nalin1742824/status/2080990352438071723,ko,False,2026-07-27 00:07:53,한국,
2080988734561075445,메이투,"메이투 분철

지금 한자리 남았어요!!!
1년에 1인당 만원!!! https://t.co/OWD0LVArQt",Sat Jul 25 12:09:11 +0000 2026,1338871608971149316,구일,g_uu__1,738,5,1,2,https://x.com/g_uu__1/status/2080988734561075445,ko,False,2026-07-27 00:07:53,한국,https://pbs.twimg.com/media/HOEoOVsbgAAvj2a.jpg
2080977541087858955,메이투,@KISEO_NEGI 아니 머리 진짜 감쪽같아 메이투 이녀석 대단하네🥵 하프트윈 조아 사실 네기가 하면 뭐든 다 조아😻 내일 굿즈 잔뜩 안아들고 풍족한 마음으로 돌아올 생각에 벌써 행복해 캬캬 동네방네 자랑해야지!! 내일 바 나두 세젤사🤍,Sat Jul 25 11:24:43 +0000 2026,1817490208843321344,루루ﾙﾙ♥🆖,luluouolulu,73,1,0,0,https://x.com/luluouolulu/status/2080977541087858955,ko,False,2026-07-27 00:07:53,한국,
2080908137423577355,메이투,메이투 다리길이 +100 효과 뭐임 https://t.co/YC8f7elpND,Sat Jul 25 06:48:56 +0000 2026,1473968542773280771,마별,xeo_xcc,436,18,0,0,https://x.com/xeo_xcc/status/2080908137423577355,ko,False,2026-07-27 00:07:53,한국,https://pbs.twimg.com/media/HODe69dbYAAiDCz.jpg
2080882340801462526,메이투,"제 방 조명이 노랗기도 하고
메이투 무료버전 사용해서..
화질이 너무 안 좋네요..🥺
너무 아쉽다,, 다들 쓰시는 조명
있나요?? 추천 해주세요😍",Sat Jul 25 05:06:25 +0000 2026,2072937548230565889,もか,M0kA_cos_,302,7,0,1,https://x.com/M0kA_cos_/status/2080882340801462526,ko,False,2026-07-27 00:07:53,한국,
2080844771250278591,메이투,@luha_tsu 메이투…?… 그나마 ㅜㅜ… 저도 보정카메라 유목 생활 중이에요 다들 뭘로 찍으시는 거지…,Sat Jul 25 02:37:08 +0000 2026,2006338142694240256,ヨシ 요시,403FBD_,165,1,0,0,https://x.com/403FBD_/status/2080844771250278591,ko,False,2026-07-27 00:07:53,한국,
2080843296268804366,메이투,메이투 모션포토 끄는 법 아시는 분...^_ㅠ,Sat Jul 25 02:31:16 +0000 2026,1775029898601746432,감귤,17S_2,115,0,0,1,https://x.com/17S_2/status/2080843296268804366,ko,False,2026-07-27 00:07:53,한국,
2080840816839504066,메이투,아!! 근데 첫번째 사진은 아이폰 6s에 메이투 플래시효과 넣은겁니따,Sat Jul 25 02:21:25 +0000 2026,2053005464296927232,N,ournuw,385,0,0,0,https://x.com/ournuw/status/2080840816839504066,ko,False,2026-07-27 00:07:53,한국,
2080729461050446073,메이투,"그냥 메이투 유료결제함
난모르겠다
가자~",Fri Jul 24 18:58:56 +0000 2026,1954988200860192770,옌니,fnv6yq,118,3,0,0,https://x.com/fnv6yq/status/2080729461050446073,ko,False,2026-07-27 00:07:53,한국,
2080717211317174324,메이투,@idra_1114 메. 메이투? 그런거... 잘 할 줄 모른다..,Fri Jul 24 18:10:15 +0000 2026,2050544549190041600,리모컨,4twonine4,78,0,0,1,https://x.com/4twonine4/status/2080717211317174324,ko,False,2026-07-27 00:07:53,한국,
2080694690979229815,메이투,나는 좆도몰라서 캡컷 메이투 기본사진앱 이비스 이딴것만 처씀,Fri Jul 24 16:40:46 +0000 2026,1745728942383005696,심,fool01839,337,0,0,0,https://x.com/fool01839/status/2080694690979229815,ko,False,2026-07-27 00:07:53,한국,
2080680930696650974,메이투,꺅 아니에요..😻 고거슨 메이투 유료결제의 힘...🫣 이런말 해주시는 익명님이 더 아름다우셔요😍 https://t.co/sWTDbJczRa,Fri Jul 24 15:46:05 +0000 2026,1848869994341535744,서해,soxxhae_,122,0,0,0,https://x.com/soxxhae_/status/2080680930696650974,ko,False,2026-07-27 00:07:53,한국,
2080665467665138035,메이투,메이투 주름 지우기 기술쩐다 내 흉터 싹다 지워줌,Fri Jul 24 14:44:39 +0000 2026,2063346692989337600,메렁,mmmmrroem,1441,35,0,1,https://x.com/mmmmrroem/status/2080665467665138035,ko,False,2026-07-27 00:07:53,한국,
2080660296923062718,메이투,메이투 유료 버전 넘 탐나네,Fri Jul 24 14:24:06 +0000 2026,1955184175105052673,🍒,l0v2u_u,334,6,0,1,https://x.com/l0v2u_u/status/2080660296923062718,ko,False,2026-07-27 00:07:53,한국,
2080637755269497158,메이투,"https://t.co/6ZcABIjTDt

하... 비밀인데 우리 트친들만 알고있으십쇼
1. 이보토 2. 메이투
얼굴줄이기, 옆선줄이기 코 줄이기 여튼 줄이고 줄이기",Fri Jul 24 12:54:31 +0000 2026,2072491554456174592,멩멩,meng_cos,599,22,0,0,https://x.com/meng_cos/status/2080637755269497158,ko,False,2026-07-27 00:07:53,한국,
2079518508510322796,meitu,"@exmemiss 안녕하세요 메이투 코리아입니다! 
본사측 기술팀에 문제를 전달하여 해결하기 위해 노력중입니다! 해결 완료시에 다시 전달해드리겠습니다 감사합니다:)",Tue Jul 21 10:47:02 +0000 2026,998523884423995400,Meitu 메이투 (official),meitu_kr,163,0,0,0,https://x.com/meitu_kr/status/2079518508510322796,ko,False,2026-07-27 00:06:52,한국,
2079190776173806045,meitu,"@june3765 오,, 정보 고마워요
전 meitu 구독할까 진지하게 고민중이에요 ㅋㅋㅋ",Mon Jul 20 13:04:45 +0000 2026,1317089149015322627,저온동물,Jeonanimal,41,0,0,1,https://x.com/Jeonanimal/status/2079190776173806045,ko,False,2026-07-27 00:06:52,한국,
2077427416344248675,뷰티캠,"(G)I-DLE ((여자)아이들) - LATATA 라이브 [뷰티캠] Beauty Cam Live
https://t.co/NdcOxqMmXw",Wed Jul 15 16:17:47 +0000 2026,1132453906464698368,もじこ🍑 HAPPY MUSIC LIFE🎶,lovesoftmusic,148,1,1,0,https://x.com/lovesoftmusic/status/2077427416344248675,ko,False,2026-07-23 00:08:41,한국,
2080067367208698305,메이투,"남자가 순수체급으로 메이투 100 먹인 얼굴이라면 어쩔 셈이지?...
김윤식 당신 얼굴 한참 말 안돼.... https://t.co/O17gZMySeA",Wed Jul 22 23:08:00 +0000 2026,1690318734530121729,영득,0_deuk,32,0,0,0,https://x.com/0_deuk/status/2080067367208698305,ko,False,2026-07-23 00:08:08,한국,
2079973668403483129,메이투,@sufosmws 메이투❤️비비안,Wed Jul 22 16:55:41 +0000 2026,1926528540406685696,vivian,viviioa,35,0,0,0,https://x.com/viviioa/status/2079973668403483129,ko,False,2026-07-23 00:08:08,한국,
2079952004345180359,메이투,"@Chung_0627 헉
샤라웃투 메이투",Wed Jul 22 15:29:36 +0000 2026,1669318881314504706,ᗰᗩᑎI,xxcsus,41,1,0,1,https://x.com/xxcsus/status/2079952004345180359,ko,False,2026-07-23 00:08:08,한국,
2079950704350048325,메이투,"메이투 플래시 효과 짱좋다..보정할때 넘편함 #보정
#메이투 https://t.co/K4WnSRJwnB",Wed Jul 22 15:24:26 +0000 2026,1972315244749004800,소매,supido0,177,6,0,1,https://x.com/supido0/status/2079950704350048325,ko,False,2026-07-23 00:08:08,한국,https://pbs.twimg.com/media/HN14IZOaQAAi_Xw.jpg
2079896919179211154,메이투,메이투~.~! https://t.co/LpVny0XTId,Wed Jul 22 11:50:42 +0000 2026,1914524873860505602,s@mi,2ttomato2,2934,4,0,0,https://x.com/2ttomato2/status/2079896919179211154,ko,False,2026-07-23 00:08:08,한국,
2079894263442313655,메이투,"@1_nscll 라이트룸&gt;&gt;&gt;&gt;&gt;&gt;&gt;&gt;&gt;&gt;&gt;&gt;&gt;&gt;&gt;&gt;메이투&gt;=이비스

라구생각합니당",Wed Jul 22 11:40:09 +0000 2026,1804772989650817024,DV彼女♡아가천사기쁜둥이(수컷)🛌ᶻᶻᶻ mode:얀大레,angelbabying,98,0,0,1,https://x.com/angelbabying/status/2079894263442313655,ko,False,2026-07-23 00:08:08,한국,
2079863479721476246,메이투,@zzaniiS2 메이투 ㄱ,Wed Jul 22 09:37:50 +0000 2026,1597243170613784578,쟈갈이코🧌,mhyk1ove,55,0,0,1,https://x.com/mhyk1ove/status/2079863479721476246,ko,False,2026-07-23 00:08:08,한국,
2079850623907078613,메이투,"엊그제 알게된사실
메이투 사용할때 와이파이,데이터 다 끄고 하면 유료기능그냥사용된다는사실
저장도그냥됨;;",Wed Jul 22 08:46:45 +0000 2026,1359179014661832706,오마에,Official_omaeee,550,2,0,1,https://x.com/Official_omaeee/status/2079850623907078613,ko,False,2026-07-23 00:08:08,한국,
2079793802357956885,메이투,@suwuitu7 ㅋㅋ이거 진짜임. 사실 지금도 정기결재 중인건 많지만 맨날 영끌해서 결제함.. 오늘 스포티파이랑 메이투 결제날인데 내 잔액 4천원….ㅠㅠㅠ,Wed Jul 22 05:00:57 +0000 2026,2028762162202853376,靑輝炫,hwi_haun,81,1,0,0,https://x.com/hwi_haun/status/2079793802357956885,ko,False,2026-07-23 00:08:08,한국,
2079781439202308267,메이투,메이투 유료결제 분철하는 트친? 안드입니당...,Wed Jul 22 04:11:50 +0000 2026,1769269389071880192,雲南 운난,owo_grow,1198,4,0,1,https://x.com/owo_grow/status/2079781439202308267,ko,False,2026-07-23 00:08:08,한국,
2079726039828484547,메이투,리턴 리턴 리턴.. 리터언......... 메이투,Wed Jul 22 00:31:41 +0000 2026,1526879901306875905,☾ ☁︎︎*.𝓓𝓪𝓵𝓲₊˚⊹,Dali_Luna_,105,1,0,0,https://x.com/Dali_Luna_/status/2079726039828484547,ko,False,2026-07-23 00:08:08,한국,
2079603700897919469,메이투,@alway__miss_you 아니 저 피드올릴라고 보정존나열심히했는데 메이투 잠깐나갔더니 홀라당날라가서 다시 보정하고옴ㅠㅠㅠ씨발,Tue Jul 21 16:25:34 +0000 2026,1608427373917253632,민호,ttangiyang,70,0,0,1,https://x.com/ttangiyang/status/2079603700897919469,ko,False,2026-07-23 00:08:08,한국,
2079574037651706213,메이투,@1001Na_ 메이투 슬림으로 좌우대칭 맞추면서 하면 좋음,Tue Jul 21 14:27:41 +0000 2026,1804542882621345792,이죠,nowoyu,53,1,0,1,https://x.com/nowoyu/status/2079574037651706213,ko,False,2026-07-23 00:08:08,한국,
2079573830889341147,메이투,@cherry_2shampoo 메인으로 하고싶은 사진이 여러개라 콜라주 해봐야지 했는데 너무..ㅋㅋ 어렵더라구요 메이투 깔아봐야겠어요!!!,Tue Jul 21 14:26:52 +0000 2026,775646609203863552,ଘ달린ଓ,dallinin_,90,1,0,0,https://x.com/dallinin_/status/2079573830889341147,ko,False,2026-07-23 00:08:08,한국,
2079561153944940633,메이투,@padolatshu1225 메이투 되게 편리하고 좋아요ㅎㅎ 강추강추,Tue Jul 21 13:36:30 +0000 2026,1947996732035596288,까농,canon_0525jinsi,68,0,0,1,https://x.com/canon_0525jinsi/status/2079561153944940633,ko,False,2026-07-23 00:08:08,한국,
2079561053336457439,메이투,@canon_0525jinsi 메이투 쓰시는 분들이 많네요!! 진짜 갈아타야하나🥲,Tue Jul 21 13:36:06 +0000 2026,2020566892084428800,파돌,padolatshu1225,81,1,0,1,https://x.com/padolatshu1225/status/2079561053336457439,ko,False,2026-07-23 00:08:08,한국,
2079560838877495668,메이투,@jjip_jjip 메이투 결제 할까말까 고민중인데 흠… 많이 좋은가요???,Tue Jul 21 13:35:15 +0000 2026,2020566892084428800,파돌,padolatshu1225,93,0,0,1,https://x.com/padolatshu1225/status/2079560838877495668,ko,False,2026-07-23 00:08:08,한국,
2079560576817414563,메이투,@padolatshu1225 저는 메이투 써여!!,Tue Jul 21 13:34:12 +0000 2026,1947996732035596288,까농,canon_0525jinsi,84,0,0,1,https://x.com/canon_0525jinsi/status/2079560576817414563,ko,False,2026-07-23 00:08:08,한국,
2079560486434361654,메이투,@padolatshu1225 전 메이투 결제해서 쓰고 있어욥!,Tue Jul 21 13:33:50 +0000 2026,1629101501892395009,찝찝,jjip_jjip,121,0,0,1,https://x.com/jjip_jjip/status/2079560486434361654,ko,False,2026-07-23 00:08:08,한국,
2079559739386843578,메이투,탐라 코스어분들 혹시 보정 어플로 에픽이랑 메이투 중 어떤거 주로 쓰시나요???,Tue Jul 21 13:30:52 +0000 2026,2020566892084428800,파돌,padolatshu1225,387,1,0,4,https://x.com/padolatshu1225/status/2079559739386843578,ko,False,2026-07-23 00:08:08,한국,
2079558431959290342,메이투,4k고화질돌림담에 메이투 자동얼굴보정 돌린 것처럼 생겨떠염♡,Tue Jul 21 13:25:41 +0000 2026,2015056040832991232,🧻,LuckyToB2Lov2d,327,1,1,1,https://x.com/LuckyToB2Lov2d/status/2079558431959290342,ko,False,2026-07-23 00:08:08,한국,
2079546687132213635,메이투,"모공없는 맨들블러 야르피부되게해주는 베이스 조합 찾은듯 함‼️
메이투 블러100 넣은 피부 만들어줌😍😍
보통 피부보정하는데 얜 피부보정 하낫또안한 사진이에요!!!
이마보면 피부 안밀어서 이마털 그대로 보임🫪

베이스 루틴에 광고템이랑 제제공도 섞여있고 여러단계라
번갈아 사용해보면서 제일 큰 역할 하는 애들 찾아봐야겠음!",Tue Jul 21 12:39:00 +0000 2026,1808387469236391936,코초,nomoneycoduk,6370,60,5,0,https://x.com/nomoneycoduk/status/2079546687132213635,ko,False,2026-07-23 00:08:08,한국,https://pbs.twimg.com/media/HNwIrb3bEAAvwlA.jpg
2079510861203513438,메이투,"메이투 분철할 사람!!!! 1자리 남았어용 
아이폰 1년입니당",Tue Jul 21 10:16:39 +0000 2026,2069239674703695872,소피,sophie_ee0,310,0,0,2,https://x.com/sophie_ee0/status/2079510861203513438,ko,False,2026-07-23 00:08:08,한국,
2079501565233414435,메이투,메이투 프로 쓰시는 분들 있나요 돈의 가치를 하는지 궁금해여...,Tue Jul 21 09:39:43 +0000 2026,1612018624130347009,애플...🍎,hamxxhz,6652,5,0,1,https://x.com/hamxxhz/status/2079501565233414435,ko,False,2026-07-23 00:08:08,한국,
2079493864461869231,메이투,@dallinin_ 그쵸 저눈 그냥 메이투 기능이 너무 많아서 귀찮아서 안 쓰다가 이 콜라주땜에 결제했는데 넘 맘에들어요🥹 인스타에 사진 20장밖에 못 올려서 콜라주 만들게 된 사람이에요..,Tue Jul 21 09:09:07 +0000 2026,1928354110648057856,𝑐ℎ𝑒𝑟𝑟𝑦 ໒꒱·̩͙⋆.*･ﾟ,cherry_2shampoo,133,0,0,1,https://x.com/cherry_2shampoo/status/2079493864461869231,ko,False,2026-07-23 00:08:08,한국,
2079491746275480057,메이투,@chop_rice_ 메이투,Tue Jul 21 09:00:42 +0000 2026,2031318245920407552,뚜벅,ttubeok_404,47,0,0,0,https://x.com/ttubeok_404/status/2079491746275480057,ko,False,2026-07-23 00:08:08,한국,
2079483277753421865,메이투,@Kirov7748 메이투 쓰는데 먼가먼가임..,Tue Jul 21 08:27:03 +0000 2026,1550876852482240515,PuddingCookie,PuddingCookie_,81,0,0,0,https://x.com/PuddingCookie_/status/2079483277753421865,ko,False,2026-07-23 00:08:08,한국,
2079475904246641149,메이투,@cherry_2shampoo 결제 해둔 앱이 있어서 메이투 좋다는 거 흐린 눈 하고 있었는데 이 사진들 너무 예쁘네요..//,Tue Jul 21 07:57:45 +0000 2026,775646609203863552,ଘ달린ଓ,dallinin_,152,1,0,1,https://x.com/dallinin_/status/2079475904246641149,ko,False,2026-07-23 00:08:08,한국,
2079473667654996321,메이투,"메이투 콜라보 기능 너무 맘레들어요
나 맨날 이런거 내가 직접 하느라 피곤했는대
사진만 올리면 템플릿 오조오억개가 아름답게 꾸며줌 https://t.co/TuqEFrHUnn",Tue Jul 21 07:48:51 +0000 2026,1928354110648057856,𝑐ℎ𝑒𝑟𝑟𝑦 ໒꒱·̩͙⋆.*･ﾟ,cherry_2shampoo,1859,43,1,7,https://x.com/cherry_2shampoo/status/2079473667654996321,ko,False,2026-07-23 00:08:08,한국,https://pbs.twimg.com/media/HNvGRW2aAAAnU7i.jpg
2079449374976033003,메이투,"#광고 
메이투 플래시 기능 다들 사용하고 계신가요? 진짜 혁명이에요. 역광인 칙칙하구 어두운 사진을 플래시 킨 디카사진처럼 바꿔줌,, 말 안돼.. 다들 사용해보세요 https://t.co/5V9daPDtJX",Tue Jul 21 06:12:19 +0000 2026,1314182556040847360,𝑭𝒂𝒍𝒍,fallinluvinfall,1218,9,0,1,https://x.com/fallinluvinfall/status/2079449374976033003,ko,False,2026-07-23 00:08:08,한국,https://pbs.twimg.com/media/HNuwLwXaQAApFei.jpg
2079445956718989428,메이투,"@jagoshipdahkhk 메이투 유료 완전 조아요 
저는 2년째 구독중여요 ㅎ",Tue Jul 21 05:58:44 +0000 2026,1441402568949698560,뮤우,raginferno,80,0,0,1,https://x.com/raginferno/status/2079445956718989428,ko,False,2026-07-23 00:08:08,한국,
2079373924798976283,메이투,"메이투 플래쉬 효과 진짜 잘 쓰는 중...
이거 없으면 안 될 정도로",Tue Jul 21 01:12:31 +0000 2026,1862881524041039872,621,9usf8kha,281,5,0,0,https://x.com/9usf8kha/status/2079373924798976283,ko,False,2026-07-23 00:08:08,한국,
2079279230953849014,메이투,"이건 제디님이 촬영해주신 사진이에요ㅋㅋㅋㅋㅋㅋㅋㅋ너무 기엽게 찍어주시고 합성까지..저를 연예인으로만들어주시는 제티친님들.. 메이투 결제를 왜하냐?(????) 
찍어주신 사진 영상 저 평생간직합니다..예? (트친님들:😰뭐야무서워) https://t.co/7dgGNxPBnO",Mon Jul 20 18:56:14 +0000 2026,1760649806400376832,카야,Kayaiik,228,5,2,1,https://x.com/Kayaiik/status/2079279230953849014,ko,False,2026-07-23 00:08:08,한국,https://pbs.twimg.com/media/HNsVcEJagAAx372.jpg
2079223666379042948,메이투,a girl from state 도 메이투 쓰는 거 씹 개웃김 진짜로ㅜㅜ 하 https://t.co/WFlYR4U7iD,Mon Jul 20 15:15:26 +0000 2026,1975965740277862400,Gio,justgoinorbit,423,0,0,0,https://x.com/justgoinorbit/status/2079223666379042948,ko,False,2026-07-23 00:08:08,한국,https://pbs.twimg.com/media/HNri5hDaAAAvc6U.jpg
2079223372505047417,메이투,@tsuna_myo1 고마워 !! 😽🤍 메이투 다들 많이 쓰네 !,Mon Jul 20 15:14:16 +0000 2026,2066829367150612481,しろ ᯓ★ ㅌㅊㅅ,1onuxz,79,1,0,0,https://x.com/1onuxz/status/2079223372505047417,ko,False,2026-07-23 00:08:08,한국,
2079217150632608255,메이투,"코스어 필수템 : 메이투 유료 플래시기능
어쩌다 이렇게 찍혔는지 모를? 처참한 사진도 
완.벽하게 살려주신다 정말 신기혀요✨ https://t.co/McnOnjEDJH",Mon Jul 20 14:49:33 +0000 2026,1738739151745544192,코앙➰｡,kkoang22,1119,29,0,0,https://x.com/kkoang22/status/2079217150632608255,ko,False,2026-07-23 00:08:08,한국,https://pbs.twimg.com/media/HNrc-YfbsAAfI5u.jpg
2079214566106599796,메이투,이건 메이투 돌린거같응데:.. 턱이 이상함 https://t.co/8uE14mj7h9,Mon Jul 20 14:39:17 +0000 2026,1690751471384739840,먕먕,excusemejihoon,157,2,0,1,https://x.com/excusemejihoon/status/2079214566106599796,ko,False,2026-07-23 00:08:08,한국,
2079211196897763514,메이투,@jobisme_ ㄴㄴ 틱톡필터로 셀카찍고 빠방하게  1시간동안 메이투 보정하면 그게 조비얼굴,Mon Jul 20 14:25:53 +0000 2026,1540708387662745601,📻,qkfrdmfaud7,75,0,0,1,https://x.com/qkfrdmfaud7/status/2079211196897763514,ko,False,2026-07-23 00:08:08,한국,
2079209201600200964,메이투,"ㅋㅋㅋㅋㅋㅋㅋㅋ아 너무 웃겨 😂😂😂
근데 다들 아시죠 다들 저거는 존재하지 않은 가상의 존재구요 메이투 틱톡이 만들어낸 가짜입니다",Mon Jul 20 14:17:58 +0000 2026,2053678778996404224,미요,miyo_aipri,213,0,0,2,https://x.com/miyo_aipri/status/2079209201600200964,ko,False,2026-07-23 00:08:08,한국,
2079158703585124705,메이투,오늘 사진 메이투 풀래시가 다 했다..🥹🤍 https://t.co/5ZRPuvdvyB,Mon Jul 20 10:57:18 +0000 2026,1993992720810168320,xin,Eyrluxora,4020,167,6,0,https://x.com/Eyrluxora/status/2079158703585124705,ko,False,2026-07-23 00:08:08,한국,https://pbs.twimg.com/media/HNqn0fia8AAllUS.jpg
2079154156523356260,메이투,"[광고] 메이투 플래시 기능이 여행 사진부터 카페 셀카까지, 평범한 일상도 반짝이는 무드로 바꿔줘요📸✨💞 https://t.co/GPTwxKh0Dd",Mon Jul 20 10:39:14 +0000 2026,1852559543089414144,ondo,0ndoliy,6188,76,32,3,https://x.com/0ndoliy/status/2079154156523356260,ko,False,2026-07-23 00:08:08,한국,https://pbs.twimg.com/media/HNqjrykaUAAnwyy.jpg
2079147185556631667,메이투,"[광고] @meitu_kr
사진이 흐리게 나와서 아쉬웠는데 
터치 한 번으로 사진 살리기 🥺💕

메이투 앱에서 좌측 상단에 있는 플래시 누르면
아주 쉽게 가능 ✨✨ https://t.co/xCPQhPgxqo",Mon Jul 20 10:11:32 +0000 2026,1801927615500214272,후우,mindlereeee,1455,14,4,0,https://x.com/mindlereeee/status/2079147185556631667,ko,False,2026-07-23 00:08:08,한국,https://pbs.twimg.com/media/HNqdVjIbEAAf0_R.jpg
2079120502229180695,메이투,"@yysls_Gae2 뭐됴 이 눈 크기 +15 한것 같은 메이투 중원이는....
제가 알던 그 중원이가 맞나요
(불견산기대돼요^^",Mon Jul 20 08:25:30 +0000 2026,2056321540082573312,강낙수,WWM_NAKSU,56,1,0,0,https://x.com/WWM_NAKSU/status/2079120502229180695,ko,False,2026-07-23 00:08:08,한국,
2079085543301017631,메이투,@1onuxz 메이투!,Mon Jul 20 06:06:35 +0000 2026,2060214263462182912,キョラ,_wissm_,118,3,0,1,https://x.com/_wissm_/status/2079085543301017631,ko,False,2026-07-23 00:08:08,한국,
2079084833515680229,메이투,메이투 플래시 기능 몰랐던 분들이 많으셨나보네...? 확실히 코스하면 메이투 유료결제는 필수다,Mon Jul 20 06:03:46 +0000 2026,1797254476014948352,ㅅㅣㄴㅇㅜ,siaaaaaaaaaaaa6,356,12,0,0,https://x.com/siaaaaaaaaaaaa6/status/2079084833515680229,ko,False,2026-07-23 00:08:08,한국,
2079072297114280137,메이투,"@se_0511_ @sxmkkx_x 나 메이투 vip 구독이야
😁…..",Mon Jul 20 05:13:57 +0000 2026,1987107185168613376,솔하,solhaeum,65,0,0,0,https://x.com/solhaeum/status/2079072297114280137,ko,False,2026-07-23 00:08:08,한국,
2079036170487627862,메이투,"#광고
필터썼을 때 카메라 정보 문의 정말 많았는데 사실 메이투였다네^.^..⚡️⚡️
디카로 플래시 터트려서 찍어도 종종 어둡게 나올 때가 있는데 그럴 때 메이투 플래시 필터 적용해주면 사진 버릴 필요가 없다👼🏼 https://t.co/VOVWJw84P3",Mon Jul 20 02:50:24 +0000 2026,993488545988861952,𝒑𝒊𝒂🍏,beloved_cherish,4066,7,0,1,https://x.com/beloved_cherish/status/2079036170487627862,ko,False,2026-07-23 00:08:08,한국,https://pbs.twimg.com/media/HNo4U20bwAA55Ue.jpg
2078903801906700400,메이투,"트친들아 이미 알고있을수도있는데 꿀팁방출할게
메이투 쓸때 사진 불러온다음 &gt;&gt;와이파이랑 데이터 끄면&lt;&lt; 메이투 유료기능 공짜로 쌀먹할수잇다",Sun Jul 19 18:04:25 +0000 2026,2061784336001888256,A,Mmmminroha,1522,8,4,0,https://x.com/Mmmminroha/status/2078903801906700400,ko,False,2026-07-23 00:08:08,한국,
2078873368905060844,메이투,"달비ㅋㅋ
목 부상 이슈 때문에 무대용이면 일단 절반 싹둑. 날리고 시작하는데 사진에서 너무 탈모처럼 나와서 사이버 증모 함ㅜㅜ
메이투 짱 https://t.co/LQnHdey0pU",Sun Jul 19 16:03:29 +0000 2026,1956733570556497920,계마2,m1_co11ector,748,5,0,0,https://x.com/m1_co11ector/status/2078873368905060844,ko,False,2026-07-23 00:08:08,한국,https://pbs.twimg.com/media/HNmkTm3bwAA7jof.jpg
2078401880410226915,meitu,"@exmemiss 안녕하세요 메이투 코리아입니다! 메이투의 기능에 대해 의견 주셔서 감사합니다:)
본사측에 전달하여 문제를 해결할 수 있도록 노력하겠습니다!",Sat Jul 18 08:49:57 +0000 2026,998523884423995400,Meitu 메이투 (official),meitu_kr,148,0,0,1,https://x.com/meitu_kr/status/2078401880410226915,ko,False,2026-07-23 00:07:36,한국,
2078082737567891460,meitu,"@B_R_K_M “Meitu”로 사진을 콜라주  하며, “EPIK”으로 필터와 스티커 사용하여 꾸미고 있습니다!!",Fri Jul 17 11:41:48 +0000 2026,2029045649065623552,いいな,wowo0mi,70,1,0,1,https://x.com/wowo0mi/status/2078082737567891460,ko,False,2026-07-23 00:07:36,한국,
2078053958388785480,meitu,"@dreamo618 메이투(Meitu) 앱으로 만들었어요~
요즘 휴대폰 앱 기능이 정말 대단하네요!😇",Fri Jul 17 09:47:26 +0000 2026,2938399250,🎀冰瑚💛,rosemooninsnow,78,1,0,0,https://x.com/rosemooninsnow/status/2078053958388785480,ko,False,2026-07-23 00:07:36,한국,
2078031978927095908,meitu,"@_miaoh 안녕하세요 미아님! 소중한 의견 전달 감사합니다
괜찮으시다면 디엠을 통해 더 자세한 의견을 더 나눌 수 있을까요?",Fri Jul 17 08:20:06 +0000 2026,998523884423995400,Meitu 메이투 (official),meitu_kr,133,0,0,1,https://x.com/meitu_kr/status/2078031978927095908,ko,False,2026-07-23 00:07:36,한국,
2078019390399005149,meitu,"플래시 필름

필터- 플래시-
📍플래시 필름 https://t.co/KAIvBkWIox",Fri Jul 17 07:30:05 +0000 2026,998523884423995400,Meitu 메이투 (official),meitu_kr,57,0,0,0,https://x.com/meitu_kr/status/2078019390399005149,ko,False,2026-07-23 00:07:36,한국,https://pbs.twimg.com/media/HNabnimbQAA1DxQ.jpg
2078018310617325697,meitu,"리콧 플래시

필터-플래시-
📍Ricoh https://t.co/KBkfk0Adkj",Fri Jul 17 07:25:47 +0000 2026,998523884423995400,Meitu 메이투 (official),meitu_kr,71,0,0,1,https://x.com/meitu_kr/status/2078018310617325697,ko,False,2026-07-23 00:07:36,한국,https://pbs.twimg.com/media/HNaaoqtbIAEP5Up.jpg
2078017169280184430,meitu,"FUJI 플래시 필터

필터- 플래시-
📍FUJI 플래시 https://t.co/xp6mmfLc9S",Fri Jul 17 07:21:15 +0000 2026,998523884423995400,Meitu 메이투 (official),meitu_kr,34,0,0,1,https://x.com/meitu_kr/status/2078017169280184430,ko,False,2026-07-23 00:07:36,한국,https://pbs.twimg.com/media/HNaZl2CbQAASae_.jpg
2078016857844621735,meitu,"G7X 필터

필터- 플래시-
📍G7X https://t.co/qAawUmXMN4",Fri Jul 17 07:20:01 +0000 2026,998523884423995400,Meitu 메이투 (official),meitu_kr,68,0,0,1,https://x.com/meitu_kr/status/2078016857844621735,ko,False,2026-07-23 00:07:36,한국,https://pbs.twimg.com/media/HNaZUE-bwAEUwxn.jpg
2078016498069880963,meitu,"익서스 310 필터 

필터- 플래시-
📍Flash IXUS 310 https://t.co/ewPh4CZfIV",Fri Jul 17 07:18:35 +0000 2026,998523884423995400,Meitu 메이투 (official),meitu_kr,118,0,0,1,https://x.com/meitu_kr/status/2078016498069880963,ko,False,2026-07-23 00:07:36,한국,https://pbs.twimg.com/media/HNaY--MboAAgNvQ.jpg
2078015729820201286,meitu,"#플래시 맛집 메이투의 

디카 감성 플래시 필터 모음집📸 https://t.co/1TqxwD7udV",Fri Jul 17 07:15:32 +0000 2026,998523884423995400,Meitu 메이투 (official),meitu_kr,270,0,0,1,https://x.com/meitu_kr/status/2078015729820201286,ko,False,2026-07-23 00:07:36,한국,https://pbs.twimg.com/media/HNaYSFdbcAAf8UB.jpg
2077957804783174089,meitu,"@_miaoh 안녕하세요 메이투 코리아입니다! 메이투 앱 이용에 불편을 드려서 죄송합니다  미아님의 문제에 대하여 보다 자세한 상황을 파악하고 도움을 드리고자 하오니, 연락이 가능하길 바랍니다 감사합니다:)",Fri Jul 17 03:25:21 +0000 2026,998523884423995400,Meitu 메이투 (official),meitu_kr,764,0,0,1,https://x.com/meitu_kr/status/2077957804783174089,ko,False,2026-07-23 00:07:36,한국,
2077953825248588140,meitu,"@nezeeroc 안녕하세요 메이투 코리아입니다! 메이투 앱 이용에 불편을 드려서 죄송합니다 
우니님의 문제에 대하여 보다 자세한 상황을 파악하고 도움을 드리고자 하오니, 연락이 가능하길 바랍니다 감사합니다:)",Fri Jul 17 03:09:33 +0000 2026,998523884423995400,Meitu 메이투 (official),meitu_kr,164,0,0,0,https://x.com/meitu_kr/status/2077953825248588140,ko,False,2026-07-23 00:07:36,한국,
2076625162821361964,뷰티캠,"일일 민초파가 된 원진,, 대본대로 민초 치약 발언에 발끈하는데 너무 웃겼음
반민초인데 나무위키엔 민초파라고 되어있다고 누군가 수정 부탁드린답니다ㅜㅋㅋㅋㅋ
뷰티캠 땐 앨런과 10년지기 스티븐님이랑 원진이가 자리바꿔서 진행해봤는데 아홉 멤버들 사이에 낀 원진,, 너무 신선하고 귀여웠어ㅠ",Mon Jul 13 11:09:55 +0000 2026,1486400725462949889,사리,sari0Lvt,274,1,0,0,https://x.com/sari0Lvt/status/2076625162821361964,ko,False,2026-07-16 00:06:47,한국,
2077541457855238407,메이투,"메이투 보정하는거 ㅈㄴ 어려워서
어케하는건지 수업듣고싶음",Wed Jul 15 23:50:57 +0000 2026,1912140048465813504,우니,nezeeroc,5,0,0,0,https://x.com/nezeeroc/status/2077541457855238407,ko,False,2026-07-16 00:06:30,한국,
2077426265515266300,메이투,메이투 가슴도 키워주네요 https://t.co/5rDxrni0Op,Wed Jul 15 16:13:13 +0000 2026,2066566513159778304,blu,blur2o,27,0,0,0,https://x.com/blur2o/status/2077426265515266300,ko,False,2026-07-16 00:06:30,한국,https://pbs.twimg.com/media/HNSALUGbQAE9bYE.jpg
2077412750423445813,메이투,메이투 1년구독하고 가계부에 미용지출로 작성함,Wed Jul 15 15:19:30 +0000 2026,1963253369222705153,틱톡커연습생,tomatoma_ver2,34,1,0,0,https://x.com/tomatoma_ver2/status/2077412750423445813,ko,False,2026-07-16 00:06:30,한국,
2077407771658784799,메이투,"인스타에 올리긴 조금 애매한 사진들!
눈내리는 겨울 사진으로 만들어 봄 🌨️ 🤍

-기능 경로 : 메이투 사진 → 효과 → ‘눈 내리는 밤’ 선택 https://t.co/OnTRGnvKyx",Wed Jul 15 14:59:43 +0000 2026,2055155035424608256,구사자 (김정아) 🇰🇷,94_j_a9cdk,50,1,0,0,https://x.com/94_j_a9cdk/status/2077407771658784799,ko,False,2026-07-16 00:06:30,한국,https://pbs.twimg.com/media/HNRvUW0bcAAZdXx.jpg
2077399006804930760,메이투,하... 나 보정해야 대는데 ㅡㅡ 메이투 vip 오류나서 기능 사용이 안 돼 이건 아니짘ㅋㅋ.,Wed Jul 15 14:24:54 +0000 2026,1873301958981009408,mayo,mayochannoharu,629,1,0,0,https://x.com/mayochannoharu/status/2077399006804930760,ko,False,2026-07-16 00:06:30,한국,
2077395280450953460,메이투,@fallinnne 메이투 씁니다 ^^!,Wed Jul 15 14:10:05 +0000 2026,1676688314055946240,𖣠 킁,k5un7,41,0,0,0,https://x.com/k5un7/status/2077395280450953460,ko,False,2026-07-16 00:06:30,한국,
2077391455765844322,메이투,"메이투 함 깔아봤는데 난 넘 어려워서 못쓰겠음
뭐래는겨...",Wed Jul 15 13:54:53 +0000 2026,1712855271725551616,미아,_miaoh,106,3,0,1,https://x.com/_miaoh/status/2077391455765844322,ko,False,2026-07-16 00:06:30,한국,
2077375095065178478,메이투,내 오글에 메이투 자동보정 기능 들어간거 아니고 진짜로 이렇게 이쁘게 생겻다코..? ㅁㅊ 믿기지가않내,Wed Jul 15 12:49:53 +0000 2026,1911806658764025856,wit 2.0,wit_tty,51,0,0,0,https://x.com/wit_tty/status/2077375095065178478,ko,False,2026-07-16 00:06:30,한국,
2077324696731988041,메이투,"메이투 플래시 기능 ㅈㅉ 요물이긴 하네요…..
어떻게 진짜.. 아니 진짜같지…?",Wed Jul 15 09:29:37 +0000 2026,1496522946520961026,햇별,hanbby_l,403,7,0,0,https://x.com/hanbby_l/status/2077324696731988041,ko,False,2026-07-16 00:06:30,한국,
2077275056141467941,메이투,메이투 쓸 땐 걍 내 얼굴 몸뚱이가 이럿지모 하믄서 욕심 덜부럿는데 이보토 쓰니까 신나게 깎게되는군.......,Wed Jul 15 06:12:21 +0000 2026,2354551526,라츄,ovo_raichu,110,11,0,0,https://x.com/ovo_raichu/status/2077275056141467941,ko,False,2026-07-16 00:06:30,한국,
2077274545598444001,메이투,"@snap_anda 고마워 이보토
고마워 메이투......
보정덕분이옵니다",Wed Jul 15 06:10:20 +0000 2026,2072491554456174592,멩멩,meng_cos,117,1,0,1,https://x.com/meng_cos/status/2077274545598444001,ko,False,2026-07-16 00:06:30,한국,
2077233577540862415,메이투,@baeknack 고마워요 이보토~!! 메이투~!! ☺️,Wed Jul 15 03:27:32 +0000 2026,2072491554456174592,멩멩,meng_cos,55,0,0,0,https://x.com/meng_cos/status/2077233577540862415,ko,False,2026-07-16 00:06:30,한국,
2077232282293694605,메이투,"@Run1392 메이투 필터카메라를 쓰셔요..!(소근소근)
그거 신입니다....초점잡기는 근데 진짜어렵고 떨림보정안돼요...",Wed Jul 15 03:22:23 +0000 2026,2072491554456174592,멩멩,meng_cos,55,1,0,1,https://x.com/meng_cos/status/2077232282293694605,ko,False,2026-07-16 00:06:30,한국,
2077210028386460118,메이투,@peonsooni2 이거 삼각대로 그냥 일반 조명에서 찍은담에 메이투 플래시필터 쓴거!!!,Wed Jul 15 01:53:58 +0000 2026,1049265986061316096,응아,wiwibif,48,0,0,1,https://x.com/wiwibif/status/2077210028386460118,ko,False,2026-07-16 00:06:30,한국,
2077203856040267850,메이투,"메이투 1년 분철 구해요
제가 들어가는거에요 
제발요 저좀 데려가주세요 애플 아이폰입니다

메이투 메이튜 보정 분철 유료 결제 프리미엄 분철팟",Wed Jul 15 01:29:26 +0000 2026,1549744753662496768,💜,b_myfirst,196,0,0,1,https://x.com/b_myfirst/status/2077203856040267850,ko,False,2026-07-16 00:06:30,한국,
2077196584945897599,메이투,아저씨들 스타일링 다양하게 보고 싶어서 옛날 사진 박박 씻다 못해 메이투 돌리려고까지 했는데 메이투에서 선택할 수 있는 옵션이 장발 12414124123개 단발 3개 이러더라,Wed Jul 15 01:00:32 +0000 2026,1782452732726771712,모해,songsalee2,430,0,0,0,https://x.com/songsalee2/status/2077196584945897599,ko,False,2026-07-16 00:06:30,한국,
2077189546002071602,메이투,"[심심하니까 사진공부 15]
얼굴 보정은 1mm만 바뀌어도 변화를 느낀다.

[포토샵 픽셀 유동화 / 메이투 슬림 등]
라인 매끄럽게 정리.
코 왜곡 정리.
눈매 정리(트임).
입술 바깥으로 빼주기.
무턱 교정. 등등.

자기 얼굴에 맞춰서 미세 보정 후 얼굴 정돈이 어느정도 되었다면 메이크업 해주기. 실제 메이크업보다 연하게 담기는 경우가 많음. 립, 블러셔 정도는 조금 더 얹어주기.

[메이투 어플을 쓴다면?]
립은 '누드 글로우' (내 입술색과 섞이게)
블러셔는 '크림' (물광 블러셔 느낌)
소프트 아이라이너 (눈매 미세 또렷)

이렇게는 필수.

이외에 빛 때문에 헤어 컬러가 너무 밝게 나왔다 싶으면 헤어에서 블랙을 조금 추가하거나 애교살 메이크업을 했는데 너무 연하다 싶으면 음영을 조금 더 넣거나. 배경에 사람을 제거하거나 등등. 사진마다 다른 선택사항임.

결국 짧게 공부하면서 느낀 점은 사진을 찍는 것도, 보정하는 것도 많이하면서 경험을 쌓는 것이 가장 중요한 듯.

그리고 대부분의 인스타 피드의 사진들은 자신의 가장 잘 나온 사진을 보정까지 더해서 젤 이쁘게 만들어진 사진을 올리는 거니까 주눅들지말고 계속해서 도전해볼 것.",Wed Jul 15 00:32:34 +0000 2026,1494607139377012749,시닝(シニング),sining_sining,579,4,0,0,https://x.com/sining_sining/status/2077189546002071602,ko,False,2026-07-16 00:06:30,한국,
2077070922700525850,메이투,"@ssalsima 솔직히 지금까지는 각종정신질환워킹시뮬레이터 느낌이 나네요 좋은지싫은지는 더해봐야알겟슨 
그래픽은. . . 
하 다닐 단코프스키 당장 메이투 안꺼?!",Tue Jul 14 16:41:12 +0000 2026,1690076352861601795,천민,_ssang_nom_,50,1,0,1,https://x.com/_ssang_nom_/status/2077070922700525850,ko,False,2026-07-16 00:06:30,한국,
2077069741257330726,메이투,@eEHhan 야르렁 메이투 사랑해요,Tue Jul 14 16:36:31 +0000 2026,2045817211739414528,티라미수,TRMS_004,60,1,0,0,https://x.com/TRMS_004/status/2077069741257330726,ko,False,2026-07-16 00:06:30,한국,
2077033528622227704,메이투,8등신사이즈 사제 눈크기차이 별로안나잖아요(일단 내기억상 그랬슴 약간 메이투 보정들어갔을수도 있는데.) 근데 스디일러스트화만 되면 눈크기차이 심하게나는거 존웃 기준이 뭔데,Tue Jul 14 14:12:37 +0000 2026,1630540903806013441,U,delk365,160,1,0,0,https://x.com/delk365/status/2077033528622227704,ko,False,2026-07-16 00:06:30,한국,
2077024018495148147,메이투,혜숭아 메이투 캐논필터 써보세요 필터만♥,Tue Jul 14 13:34:49 +0000 2026,1933154781918552064,햄,838ham,109,1,0,0,https://x.com/838ham/status/2077024018495148147,ko,False,2026-07-16 00:06:30,한국,
2077004543314026642,메이투,메이투 플래시 진짜 좋다 https://t.co/GSPbDtefFH,Tue Jul 14 12:17:26 +0000 2026,2004410018284949504,めあ,mengahhyon_,293,11,1,1,https://x.com/mengahhyon_/status/2077004543314026642,ko,False,2026-07-16 00:06:30,한국,https://pbs.twimg.com/media/HNMAn4Ta4AA-ZdU.jpg
2076991224616198595,메이투,@ohhmykamisama 언니 눈에 스노우 틱톡 소다 메이투 심었어?,Tue Jul 14 11:24:31 +0000 2026,1984599053100023808,구냠,1853SL,87,0,0,1,https://x.com/1853SL/status/2076991224616198595,ko,False,2026-07-16 00:06:30,한국,
2076961114450268472,메이투,@hayu535 구도가 되게 메이투 ai같다,Tue Jul 14 09:24:52 +0000 2026,1871506912841510912,슬이/7서코양일,COS_Seule,91,1,0,0,https://x.com/COS_Seule/status/2076961114450268472,ko,False,2026-07-16 00:06:30,한국,
2076948265069867111,메이투,나 메이투 하이라이터 보정 과하게하면 저렇게되는데 **죽을래(to.이담,Tue Jul 14 08:33:48 +0000 2026,1842237407607037952,김즈즈,zdzkim,1467,6,0,0,https://x.com/zdzkim/status/2076948265069867111,ko,False,2026-07-16 00:06:30,한국,
2076940700537799144,메이투,@hai_cot_ 오오…. 진짜루 근데 메이투 짱좋네요…….. 시대가 발전해서 너무 행복해요 진심 ㅜㅜㅜ,Tue Jul 14 08:03:45 +0000 2026,1421336616463790091,구독계 입니다 제발 구독하게 해주세요,Soso11do,89,0,0,0,https://x.com/Soso11do/status/2076940700537799144,ko,False,2026-07-16 00:06:30,한국,
2076940362141323730,메이투,@jjunggi0_0 나 스노우 vip 결제햇는데 애들 다 메이투 써서 같이 보정할 때 힘듦,Tue Jul 14 08:02:24 +0000 2026,2033171146108203008,니키토리,nikiiroitorii,79,1,0,0,https://x.com/nikiiroitorii/status/2076940362141323730,ko,False,2026-07-16 00:06:30,한국,
2076928223548776600,메이투,도로시폰으로 셀카찍으면 메이투 자동속눈썹 보정때문에 키라키라메가 되는 시온,Tue Jul 14 07:14:10 +0000 2026,2035740541217075200,게살바르자,wegomaxrelax,470,14,3,0,https://x.com/wegomaxrelax/status/2076928223548776600,ko,False,2026-07-16 00:06:30,한국,
2076922348830380222,메이투,@yyxkho 이담 메이투 지워라!!!,Tue Jul 14 06:50:49 +0000 2026,1842237407607037952,김즈즈,zdzkim,216,0,0,0,https://x.com/zdzkim/status/2076922348830380222,ko,False,2026-07-16 00:06:30,한국,
2076919372128629143,메이투,하 담달 여행갈때 메이투 결제한다,Tue Jul 14 06:39:00 +0000 2026,2011086647644008448,강아지상 고릴라수인,36runaw6y,596,0,0,0,https://x.com/36runaw6y/status/2076919372128629143,ko,False,2026-07-16 00:06:30,한국,
2076917761524351156,메이투,"여즘 단발이 너무너무너무 하거싶어서
모든 사람들ㄹ한테 어울릴거가튼지
물어보고다님..컼ㅋ 와 근데 메이투 ㅈㅉ 자연스럽게 잘 바꿔준담 ㅎ 진짜 내 머리가태 https://t.co/p0tKmnVmqr",Tue Jul 14 06:32:36 +0000 2026,2028467826294751232,은냥,jjung_o29,130,2,0,0,https://x.com/jjung_o29/status/2076917761524351156,ko,False,2026-07-16 00:06:30,한국,https://pbs.twimg.com/media/HNKxshlbEAE6Z4r.jpg
2076908991456952710,메이투,@CanDoItAgain @ddny09 이미 메이투 쓴 거 아냐?,Tue Jul 14 05:57:45 +0000 2026,162417960,하리롱,harionz,252,0,0,0,https://x.com/harionz/status/2076908991456952710,ko,False,2026-07-16 00:06:30,한국,
2076905328650944660,메이투,@llillliiillilii 메이투 ㅈㅉ 좋아요!! 추천,Tue Jul 14 05:43:12 +0000 2026,2010151373581758467,kana❤︎,kana_zzang,81,0,0,0,https://x.com/kana_zzang/status/2076905328650944660,ko,False,2026-07-16 00:06:30,한국,
2076905168973799863,메이투,이담 메이투 보정 멈춰,Tue Jul 14 05:42:33 +0000 2026,1450041667755466753,케고,chowoodzfan,5375,44,13,1,https://x.com/chowoodzfan/status/2076905168973799863,ko,False,2026-07-16 00:06:30,한국,
2076896483002224642,메이투,"@B_yours999 메이투 선생님의 손길로 긴 목의 소유자가 되다,
제 2의 부모님",Tue Jul 14 05:08:03 +0000 2026,2052987086299607040,Aino,ainoging,75,0,0,0,https://x.com/ainoging/status/2076896483002224642,ko,False,2026-07-16 00:06:30,한국,
2076894815804096985,메이투,@iamhappie2 메이투 피부톤보정(소근소곤,Tue Jul 14 05:01:25 +0000 2026,1843146761071947776,해롱,gofhd2nd,169,0,0,0,https://x.com/gofhd2nd/status/2076894815804096985,ko,False,2026-07-16 00:06:30,한국,
2076886817249587480,메이투,@minnming__ 매번 메이투로 다시 태어나는 여자가 되.... 메이투 짱,Tue Jul 14 04:29:38 +0000 2026,1888513008995106818,💗🪽..,romancewillbe,64,0,0,0,https://x.com/romancewillbe/status/2076886817249587480,ko,False,2026-07-16 00:06:30,한국,
2076863234766938303,메이투,@romancewillbe 헐랭 메이투 쩐다…👍 플래쉬는 유료기능인가용?!ㅠ,Tue Jul 14 02:55:56 +0000 2026,1930694833829797888,짬뽕,jjamppong0103,66,0,0,1,https://x.com/jjamppong0103/status/2076863234766938303,ko,False,2026-07-16 00:06:30,한국,
2076825275560784379,메이투,난 왜 메이투 플래시만 쓰면 얼굴이 다른사람으로 변하는걸까 ai때문에 생전 처음보는 사람이 서있음,Tue Jul 14 00:25:05 +0000 2026,1245046243643895808,곽▇리,Kuakmori,103,0,0,0,https://x.com/Kuakmori/status/2076825275560784379,ko,False,2026-07-16 00:06:30,한국,
2076778799426130271,메이투,이 나이에 메이투 쓸 줄 몰라서 이비스 쓰는 사람이 사실 나다. 이건 늙크크라 해야해 영크크라 해야해,Mon Jul 13 21:20:25 +0000 2026,1615728853451943942,몽티코,Catpop91798569,156,6,0,1,https://x.com/Catpop91798569/status/2076778799426130271,ko,False,2026-07-16 00:06:30,한국,
2076693407360331984,메이투,"@D3lf1nxum 안만져두 괜춘한대요...?! 
아님 제가 조금 해보까요? (특 : 메이투 조물딱임)",Mon Jul 13 15:41:06 +0000 2026,616081009,끼미2,walwal_kimy,94,0,0,1,https://x.com/walwal_kimy/status/2076693407360331984,ko,False,2026-07-16 00:06:30,한국,
2076686690819985505,메이투,메이투 분철 구해요 제가 들어가고 아이폰 연락즈세여 1년 넘어도됨,Mon Jul 13 15:14:24 +0000 2026,1830263817324179457,🀔,nyade928467,350,0,0,1,https://x.com/nyade928467/status/2076686690819985505,ko,False,2026-07-16 00:06:30,한국,
2076686307485716619,메이투,@kimamooh 메이투 유료버전인가?,Mon Jul 13 15:12:53 +0000 2026,2045860637566550016,이지구,2jigu4sho,165,0,0,1,https://x.com/2jigu4sho/status/2076686307485716619,ko,False,2026-07-16 00:06:30,한국,
2076660869224870347,메이투,@Nasamadayo 나도 메이투 함 까라보께..,Mon Jul 13 13:31:48 +0000 2026,2031323179956973569,날강도,llillliiillilii,133,0,0,0,https://x.com/llillliiillilii/status/2076660869224870347,ko,False,2026-07-16 00:06:30,한국,
2076652087702954354,메이투,@llillliiillilii 메이투 제 아빠 없으면 안 돼요,Mon Jul 13 12:56:54 +0000 2026,2016779116012589058,퀸카나시발,Nasamadayo,125,1,0,1,https://x.com/Nasamadayo/status/2076652087702954354,ko,False,2026-07-16 00:06:30,한국,
2076625803182522838,메이투,와 나 메이투 중인부 줄이는거 데이터 끄고하면 무료로 항 수 잇는거 지금 첨알앗음,Mon Jul 13 11:12:27 +0000 2026,1444890783358742528,slow 담,2ohi3,3555,26,0,3,https://x.com/2ohi3/status/2076625803182522838,ko,False,2026-07-16 00:06:30,한국,
2076596761771315701,메이투,공주님들 저 ㅈㅉ 아짐매라서 보정할 때 슼노우 쓰는데 ㅋㅋ 메이투 조아요..????,Mon Jul 13 09:17:03 +0000 2026,2031323179956973569,날강도,llillliiillilii,389,8,0,3,https://x.com/llillliiillilii/status/2076596761771315701,ko,False,2026-07-16 00:06:30,한국,
2076585391168385281,메이투,"틱톡 필터 mori princess 이거에
메이투 필터 조정으로
밝기 -5 대비 4 채도 -4 선명도 56 
하이라이트 32 온도 -7 입니다🖤 https://t.co/zSNo7S8ecD",Mon Jul 13 08:31:53 +0000 2026,1654852153088040960,강우빈,Seo_Yujin0816,784,11,0,0,https://x.com/Seo_Yujin0816/status/2076585391168385281,ko,False,2026-07-16 00:06:30,한국,
2076517379346243782,메이투,메이투 보정때 지뢰 메뉴들이 몇개 있는데 밟으면 해상도가 바사삭됨,Mon Jul 13 04:01:37 +0000 2026,1827715548786122752,생각이읍습니다,nothingno126,180,0,0,0,https://x.com/nothingno126/status/2076517379346243782,ko,False,2026-07-16 00:06:30,한국,
2076475831350952181,메이투,메이투 분철 ❌,Mon Jul 13 01:16:31 +0000 2026,1890182765347500033,거래,kukusellku,327,0,0,0,https://x.com/kukusellku/status/2076475831350952181,ko,False,2026-07-16 00:06:30,한국,
2077389711577067659,meitu,"@mbacha__ bisaa kak MEITU VIP
    PRIVATE ALLDEV
     ֵ1Hㅤ፡   3k
     ֵ3H   ፡ㅤ5k
     ֵ5Hㅤ፡   10k
     ֵ7H ACC S  ፡ㅤ15k
     ֵ7H ACC B  ፡ㅤ14k
     ֵ1Bㅤ፡ㅤ25k

    SHARING ALLDEV
     ֵ1Hㅤ፡   2k
     ֵ3H   ፡ㅤ4k
     ֵ5Hㅤ፡   6k
     ֵ7H   ፡ㅤ9k
     ֵ1Bㅤ፡ㅤ17k",Wed Jul 15 13:47:57 +0000 2026,1442687820410200074,✮,kaerazie,48,0,0,1,https://x.com/kaerazie/status/2077389711577067659,ko,False,2026-07-16 00:06:17,한국,
2075478454955540932,meitu,"아이폰 메이투 1년 분철 구해용 즉입 가능
제가 들어가는거예요!! 옵챗 주세용 
메이튜 meitu 계정 공유
https://t.co/U77MHdfxvQ",Fri Jul 10 07:13:18 +0000 2026,1499902031414571009,S,alalalalalsah,903,0,0,0,https://x.com/alalalalalsah/status/2075478454955540932,ko,False,2026-07-16 00:06:17,한국,
2074751964714573857,meitu,@dk__wonwoo_ 필카 어플(Dazz Cam) &gt; 편집 어플(Meitu) 이렇게 써서 만들었어요 ! 🤗,Wed Jul 08 07:06:30 +0000 2026,1416104665863782400,𝕕𝕠𝕦𝕩𝕘𝕚𝕗,douxgif,399,0,0,2,https://x.com/douxgif/status/2074751964714573857,ko,False,2026-07-16 00:06:17,한국,
1985158200744956176,meitu,meitu 앱을 애용하여 만들어보았습니다 :) https://t.co/yHXBgxAjxx,Mon Nov 03 01:32:52 +0000 2025,1193415611419725824,린쿠(りんく)/8월 부일페 양일,Rinku_3248,43,2,0,0,https://x.com/Rinku_3248/status/1985158200744956176,ko,False,2026-07-16 00:06:17,한국,https://pbs.twimg.com/media/G4yy2_Ma4AAmrJ7.jpg
2073726550130987125,뷰티캠,뷰티캠 https://t.co/5po1k7V00S,Sun Jul 05 11:11:52 +0000 2026,1922065507538317312,Рикардо,_9Cecilia_1,71,1,0,0,https://x.com/_9Cecilia_1/status/2073726550130987125,ko,False,2026-07-13 00:08:22,한국,https://pbs.twimg.com/media/HMdbTtGagAE4dSw.jpg
2040339560295768403,뷰티캠,"#광고 @beautycam_kr

봄놀이 사진 제출합니다 @@..
나무 아래 그늘진 얼굴 화사하게 만드는 법 🪴

[뷰티캠 앱 - AI 글로우 - 반사판] https://t.co/yZq40ieSoK",Sat Apr 04 08:03:53 +0000 2026,1586753619948638209,rojo,rojoxvun,216668,66,12,0,https://x.com/rojoxvun/status/2040339560295768403,ko,False,2026-07-13 00:08:22,한국,https://pbs.twimg.com/media/HFC-AyObMAA7k2h.jpg
2040287406918885420,뷰티캠,"#광고 @beautycam_kr

야외에서 사진찍을 때
햇빛에 그늘진 얼굴 자연스럽게 보정하는 법 가져옴

벚꽃 밑에서 사진찍을 때 백퍼 그늘지는데
쉽게 보정할 수 있어서 유용하게 활용할 것 같아요!
 
️☀ 뷰티캠 앱 - AI 글로우 - 반사판

 #뷰티캠 #AI글로우 https://t.co/nJKAEQeYec",Sat Apr 04 04:36:39 +0000 2026,1660649054282432513,kuma,hxxn9_archive,366264,411,44,0,https://x.com/hxxn9_archive/status/2040287406918885420,ko,False,2026-07-13 00:08:22,한국,https://pbs.twimg.com/media/HFCOk2ObQAA9e8g.jpg
2038618215547580773,뷰티캠,카메라 필터는 많아서 보통 강도 조절 정도만 가능한데 뷰티캠 필터는 필카나 dslr 필터 적용하고 노출 색온도 세부 리터치가 가능해서 완좋 https://t.co/ZdzWDAFa5p,Mon Mar 30 14:03:52 +0000 2026,1347957409822593024,EB,Bite0A,2630,1,0,0,https://x.com/Bite0A/status/2038618215547580773,ko,False,2026-07-13 00:08:22,한국,https://pbs.twimg.com/media/HEqgdiAaIAAMM75.jpg
2038618206936711347,뷰티캠,"#광고 #뷰티캠 #DSLR #필카
마음에 드는 카메라는 다 오억에 매물도 없어서 투폰으로만 연명하던 생활 끝! 
뷰티캠 어플로 폰찍도 필카 느낌 낼 수 있어요 🥹 https://t.co/MDRnAZHSiq",Mon Mar 30 14:03:50 +0000 2026,1347957409822593024,EB,Bite0A,8465,36,16,1,https://x.com/Bite0A/status/2038618206936711347,ko,False,2026-07-13 00:08:22,한국,https://pbs.twimg.com/media/HEqgc-VawAAb77N.jpg
2076410254947226057,메이투,"메이투 분철 구해요
아이폰이라 1년+30일임
인당 16000원 입니다

https://t.co/wh6hN9Ukv5
 
2명 구합니다",Sun Jul 12 20:55:57 +0000 2026,2029442749368582144,NANA,iyuna326605,35,0,0,0,https://x.com/iyuna326605/status/2076410254947226057,ko,False,2026-07-13 00:07:34,한국,
2076346871740780830,메이투,@liketruelover 그래서 맨날 메이투 보정 100 돌리는데 존나 티나서 웃김,Sun Jul 12 16:44:05 +0000 2026,1359048919221555203,누룽지,nkktnrz,29,0,0,1,https://x.com/nkktnrz/status/2076346871740780830,ko,False,2026-07-13 00:07:34,한국,
2076341206037282937,메이투,"메이투 ❗️아이폰❗️분철 구해요
제가 들어가는 겁니다! 즉입가능 ⭕️

https://t.co/jHLb3JyCds
옾챗 주세요 🥹

#메이투 #메이튜 #메이투분철 #메이튜분철 #meitu",Sun Jul 12 16:21:34 +0000 2026,1890182765347500033,거래,kukusellku,80,0,0,0,https://x.com/kukusellku/status/2076341206037282937,ko,False,2026-07-13 00:07:34,한국,
2076334659013865760,메이투,아니 메이투 로그인 안하고 나갓다가 다시 들어오면 원래 다 날라가는거임??,Sun Jul 12 15:55:33 +0000 2026,1829514127129387008,퀸지읒,cinoropi3,70,1,0,0,https://x.com/cinoropi3/status/2076334659013865760,ko,False,2026-07-13 00:07:34,한국,
2076319965939196148,메이투,타카스기가 매일매일 회상하는 백야차의 눈물 장면 거의 틱톡 메이투 스노우 그외다수 보정어플을 총동원한 뽀용뽀용 보정 들어가있어서 웃기네,Sun Jul 12 14:57:10 +0000 2026,2014177401610305536,tk,soplzrealize,205,6,4,0,https://x.com/soplzrealize/status/2076319965939196148,ko,False,2026-07-13 00:07:34,한국,
2076310443640156184,메이투,메이투 한달에 얼마함 아 돈나갈데가 많다,Sun Jul 12 14:19:20 +0000 2026,1955603645464260608,느오나르베르베르 (MKGG),gobacktonowhere,39,0,0,0,https://x.com/gobacktonowhere/status/2076310443640156184,ko,False,2026-07-13 00:07:34,한국,
2076306440499925199,메이투,"메이투 이거 정말 끝내주네요

고독스 조명 왜 사냐? 어플로 몇 번 만지면 끝나는데",Sun Jul 12 14:03:25 +0000 2026,2028720407122214912,미착,mechag1cos,43,0,0,0,https://x.com/mechag1cos/status/2076306440499925199,ko,False,2026-07-13 00:07:34,한국,
2076293290723557806,메이투,@siaoO_q 이제는 메이투 없인 못 살아...ㅠㅋㅋㅋ  (시아 뉴코도.. 기대하겟서~~!! 😤💕),Sun Jul 12 13:11:10 +0000 2026,2054199228235145216,Rei,Noirrei_r,43,1,0,1,https://x.com/Noirrei_r/status/2076293290723557806,ko,False,2026-07-13 00:07:34,한국,
2076292994085605650,메이투,메이투 필터 씌운 것 같너,Sun Jul 12 13:10:00 +0000 2026,1269540917129576448,사람,Salkongs1212,175,1,0,0,https://x.com/Salkongs1212/status/2076292994085605650,ko,False,2026-07-13 00:07:34,한국,
2076289239986442290,메이투,"메이투 플래쉬기능은
진짜 쩌는것같다... https://t.co/jFuFCkpVWZ",Sun Jul 12 12:55:05 +0000 2026,1888513008995106818,💗🪽..,romancewillbe,146,2,1,0,https://x.com/romancewillbe/status/2076289239986442290,ko,False,2026-07-13 00:07:34,한국,https://pbs.twimg.com/media/HNB2DZEaAAA7XDu.jpg
2076273180139024839,메이투,"@molleumboba3 메이투
그렇구나
역시 현역은다르네~",Sun Jul 12 11:51:16 +0000 2026,2022940600249782272,n–•na,qingairugu,28,0,0,1,https://x.com/qingairugu/status/2076273180139024839,ko,False,2026-07-13 00:07:34,한국,
2076147005479665692,메이투,"아 이거다 
@:진짜 성우들 얼굴 메이투 매끈하게 효과 100한 거 같이 된 게 개웃김",Sun Jul 12 03:29:53 +0000 2026,1252841394068090884,먀쇼 Mya'sho,maoshou_Xm,82,3,0,1,https://x.com/maoshou_Xm/status/2076147005479665692,ko,False,2026-07-13 00:07:34,한국,
2075977785651470802,메이투,"강예후뽀샵해줘야되니까,   메이투 유료결제해야겠다   에휴",Sat Jul 11 16:17:28 +0000 2026,1748377577360932864,별☆ㅣ,yourstarforyou,193,0,0,0,https://x.com/yourstarforyou/status/2075977785651470802,ko,False,2026-07-13 00:07:34,한국,
2075970768123646023,메이투,아니ㅆ발 저게 메이투로 늘려놓은 눈이 아니라고? 메이투 뒤트임 기능 쓴 눈이 아니라고 지금? 걍 이제 경이로움  https://t.co/VcQ55gkCWb,Sat Jul 11 15:49:35 +0000 2026,2013628861096091648,이구,dddduung9,348,0,0,0,https://x.com/dddduung9/status/2075970768123646023,ko,False,2026-07-13 00:07:34,한국,
2075937233694314983,메이투,"지금 얼마나 거지냐면
월급 돌아올때까지 아무고토몼함
나 메이투 결제도 못함",Sat Jul 11 13:36:20 +0000 2026,2035348726999633920,🐙,tako_30cm,69,0,0,0,https://x.com/tako_30cm/status/2075937233694314983,ko,False,2026-07-13 00:07:34,한국,
2075688681743200504,메이투,"둘다 메이투 돌린것처럼 찍혀서 웃김
거기다 하나는 위아래1:1데칼코마니입술
하나는 윗입술이 참새부리 https://t.co/RFfAKgQ6Dd",Fri Jul 10 21:08:40 +0000 2026,904676929055232001,률법,morelove_kr,3907,117,23,0,https://x.com/morelove_kr/status/2075688681743200504,ko,False,2026-07-13 00:07:34,한국,
2075641918319665582,메이투,라고 얼굴때문에 메이투 프크 ㅈㄴ 왓다갓다한 사람이 말하다 얼굴 개어렵다 ㅁㅊ,Fri Jul 10 18:02:51 +0000 2026,2033391424641867776,열무,Mujee6x_,155,0,0,0,https://x.com/Mujee6x_/status/2075641918319665582,ko,False,2026-07-13 00:07:34,한국,
2075523254585036892,메이투,메이투 보정 100 해놓은 거 같음 🥺 https://t.co/hnyNnnRnwn,Fri Jul 10 10:11:19 +0000 2026,2056303680685772800,빵이,Eombbangg,919,56,2,0,https://x.com/Eombbangg/status/2075523254585036892,ko,False,2026-07-13 00:07:34,한국,
2075517137846940068,메이투,@toku_lu 우시가 들었던 거랑은 메이투 보정 수준으로 다르긴한데 이건 이것대로 귀여운데?????????,Fri Jul 10 09:47:01 +0000 2026,1977972608642813952,우는개,uridy0621,600,1,0,1,https://x.com/uridy0621/status/2075517137846940068,ko,False,2026-07-13 00:07:34,한국,
2075516700175605833,메이투,"약속은 지켜야 하는데 까먹으셨을 듯
ㅇㄹㅇ : 네? 제가요?
금발 궁금하긴 함 뭐 메이투 같은 걸로 염색시켜 보고 싶다😁☝️☝️
https://t.co/3pGZ05L4fu",Fri Jul 10 09:45:17 +0000 2026,2043207973338755072,키삼,kis3toleo,743,7,0,0,https://x.com/kis3toleo/status/2075516700175605833,ko,False,2026-07-13 00:07:34,한국,
2075472759363371469,메이투,결국 제대로 보정하고 싶어서 패드에 메이투 다운받음,Fri Jul 10 06:50:40 +0000 2026,2044014884916989952,【7서코 양일/트친소】량,lyanghwa_,119,3,0,0,https://x.com/lyanghwa_/status/2075472759363371469,ko,False,2026-07-13 00:07:34,한국,
2075272590097297439,메이투,증사 찍으러가기 ㅈㄴ귀찮아서 메이투 돌릴랫는데도 돈내야되고 에라이씨발,Thu Jul 09 17:35:16 +0000 2026,1989278199789035521,야돌 시바새키,mgtrainee,97,0,0,0,https://x.com/mgtrainee/status/2075272590097297439,ko,False,2026-07-13 00:07:34,한국,
2075235439464919042,메이투,메이투 너무만지작거려서 리얼 번아웃이 졸라와버리고,Thu Jul 09 15:07:39 +0000 2026,1827997794059403264,뛰는 계식 위에 나는 사히,zouilya,103,0,0,0,https://x.com/zouilya/status/2075235439464919042,ko,False,2026-07-13 00:07:34,한국,
2075191102337114386,메이투,"헤메 받고 붓기 싹 빠진 얼굴 
메이투 보정 쓰는 중 아니고 진짜라고? https://t.co/QnRg2NKr1G",Thu Jul 09 12:11:28 +0000 2026,1155717274830905344,삼,MAS_43ver,6304,219,58,0,https://x.com/MAS_43ver/status/2075191102337114386,ko,False,2026-07-13 00:07:34,한국,
2075186273535610983,메이투,@sadkitty_cos 메이투 편하고 좋던댕,Thu Jul 09 11:52:17 +0000 2026,1532063696935342080,치후(사진찍는 오타쿠),chihoo1996,89,1,0,1,https://x.com/chihoo1996/status/2075186273535610983,ko,False,2026-07-13 00:07:34,한국,
2075180570297225300,메이투,"메이투 1일권 이백원
이거정말좋습니다… https://t.co/pkotDUjWch",Thu Jul 09 11:29:37 +0000 2026,2035542810758393856,곽철용,k_yul163,347,9,0,0,https://x.com/k_yul163/status/2075180570297225300,ko,False,2026-07-13 00:07:34,한국,https://pbs.twimg.com/media/HMyFurya8AArOon.jpg
2075151162110869754,메이투,@ham2ter_human 메이투 꿀팁 있나요,Thu Jul 09 09:32:46 +0000 2026,1285137146324480000,하찌,Hachi_q1,171,1,0,1,https://x.com/Hachi_q1/status/2075151162110869754,ko,False,2026-07-13 00:07:34,한국,
2075135179484697087,메이투,@ham2ter_human 누나 진짜 틱톡 ..... 걍 메이투 얼굴로 살아움직이는 기분이에요,Thu Jul 09 08:29:15 +0000 2026,1822943248723427328,혤로,hyello_kitty_,108,1,0,1,https://x.com/hyello_kitty_/status/2075135179484697087,ko,False,2026-07-13 00:07:34,한국,
2075110131390697733,메이투,요즘 메이투 기술 좋다 그지 머리를 장발로 척척 만들어줌 붙머 고민 될 때 강추 https://t.co/u3LKsBr01L,Thu Jul 09 06:49:43 +0000 2026,1931689693479108608,진,jihee8829,12222,169,4,0,https://x.com/jihee8829/status/2075110131390697733,ko,False,2026-07-13 00:07:34,한국,https://pbs.twimg.com/media/HMxFqSdaAAA_KMA.jpg
2075107217771278676,메이투,@rosy_250930 헐 메이투 구독해야하남 … 너모 이뿐디 ..?,Thu Jul 09 06:38:09 +0000 2026,1705449200581029888,시골즥,sigolzic,132,0,0,1,https://x.com/sigolzic/status/2075107217771278676,ko,False,2026-07-13 00:07:34,한국,
2075095152323170376,메이투,"메이투 메이튜 아이폰 분철 구합니당
제가 들어가는 거예요 즉입가능",Thu Jul 09 05:50:12 +0000 2026,1269505134368718848,디엠후맘찍,renulomb,480,0,0,0,https://x.com/renulomb/status/2075095152323170376,ko,False,2026-07-13 00:07:34,한국,
2075094996466937910,메이투,"★카메라 보다 중요!인스타 사진 보정법🪄

한 인플루언서가 인생샷은 카메라가
아닌, 빛·컨셉·포즈·보정 4가지라며
방법을 정리한 영상을 봄.

① 카메라보다 빛이 때깔을 만듦
  1) 한낮 직사광선은 피하기
     → 정수리에서 때리면 그림자 이상해짐
  2) 오전·늦은 오후 기울어진 빛이 예쁨
     → 요즘은 5시 넘어야, 여름엔 3시부터
  3) 정면보다 옆·뒤에서 비출 때
     → 머리카락에 반사돼서 훨씬 예쁨

② 인생샷은 우연이 아니라 계획
  1) 공간부터 정하고 지도에 별표 디깅
     → 네이버 '최근 오픈' 기능으로 신상 발굴
  2) 뒤에 손님 많이 걸리는 개방 공간 X
     → 배경으로 쓸 요소 있는지 확인
  3) 공간 컨셉에 옷·화장을 맞춤
     → 사람과 공간이 하나의 컨셉처럼 될 때
       분위기가 확 삶

③ 포즈는 그냥 많이 찍는 게 답
  1) 똑같은 구도인데 구린 건 모델 문제
     → 잘생김이 아니라 카메라 앞 태도
  2) 100장·1000장·만 장 다 다름
     → 편한 사진 메이트랑 연습
  3) 핀터레스트 레퍼런스 참고하기

④ 보정은 인물+색 두 단계
  1) 메이투 리터치 '내추럴'로 피부
     → 많이 올려도 안 뭉개지고 자연스러움
  2) 지우개-행인 기능으로 뒷사람 삭제
     → 놀이동산 배경도 싹 사라짐
  3) HSL 스포이드로 특정 톤만 정리
     → 초록·핑크 과하게 나온 부분 콕
  4) 네거티브 앱으로 필름·빈티지 무드
     → 색은 진짜 찔끔만 넣어야 함

올드 아이폰(6S·5C)이나 익시10으로도
연습만 하면 충분하다고 함 🥺",Thu Jul 09 05:49:35 +0000 2026,1683375355091120128,청산의달인,jk_sats,89687,1622,419,7,https://x.com/jk_sats/status/2075094996466937910,ko,False,2026-07-13 00:07:34,한국,https://pbs.twimg.com/media/HMw35aKb0AAWKii.jpg
2075076498546192699,메이투,@eudi_motd ㅘ아… ㅈㅉ 메이투 미쳣네요..,Thu Jul 09 04:36:04 +0000 2026,1496522946520961026,햇별,hanbby_l,122,0,0,1,https://x.com/hanbby_l/status/2075076498546192699,ko,False,2026-07-13 00:07:34,한국,
2075074714322747782,메이투,"@Or77H_ 악개님 저는 미러리스로 찍고 메이투로 보정, 갤럭시 기본 카메라로 찍고 메이투로 보정 하고 있어요 결론은 메이투&lt; 아 가끔 스냅시드도 씁니당",Thu Jul 09 04:28:59 +0000 2026,803222171623387137,🌻햐냐🐾(하나였음),StopSilver94,237,0,0,1,https://x.com/StopSilver94/status/2075074714322747782,ko,False,2026-07-13 00:07:34,한국,
2075051525731500037,메이투,@myaoooooow 먀님!!!!!!! 오랜만이예요 쪽쪽..🩷 메이투 좋나요?! 저 갤럭시라 그런지 기카찍으면 노란끼가 엄청나서 항상 노란끼 빼느라 고생하는데 🥲🥲,Thu Jul 09 02:56:50 +0000 2026,1949142597357985792,악개,Or77H_,152,0,0,1,https://x.com/Or77H_/status/2075051525731500037,ko,False,2026-07-13 00:07:34,한국,
2075035136505364746,메이투,와 메이투 머리 만지기 기능 진짜로 진짜다..... https://t.co/Ung1qMQKPJ,Thu Jul 09 01:51:43 +0000 2026,2044014884916989952,【7서코 양일/트친소】량,lyanghwa_,140,6,0,1,https://x.com/lyanghwa_/status/2075035136505364746,ko,False,2026-07-13 00:07:34,한국,https://pbs.twimg.com/media/HMwBdN3awAA9uwK.jpg
2075030888258408718,메이투,@yujunghyeo31654 나 근데 가발 보니까 하이큐 쿠로오 가발인것 같던디 그래서 저기 뭐냐 메이투 필수임ㅋㅠ,Thu Jul 09 01:34:50 +0000 2026,2044014884916989952,【7서코 양일/트친소】량,lyanghwa_,76,0,0,2,https://x.com/lyanghwa_/status/2075030888258408718,ko,False,2026-07-13 00:07:34,한국,
2074973826543501331,메이투,"으니 !
나으 아침 메이투 달새님이 1주년이락고 ?!
추카추카추카추카해요!!!!!!
🎉🎉🎉🎉🎉🎉🎉🎉",Wed Jul 08 21:48:06 +0000 2026,1971925954495946753,Zero ( 상태 : 해방 ),HLoverReal,230,1,0,1,https://x.com/HLoverReal/status/2074973826543501331,ko,False,2026-07-13 00:07:34,한국,
2074897331036807302,메이투,이미 구독중인거 넘 많아서 애써 못본척 눈감귀막 할랫는데 메이투 플래시 이거 진짜 좋긴 하네……………ㅜ https://t.co/IAa8uPoxap,Wed Jul 08 16:44:08 +0000 2026,1909134525755785216,유디,eudi_motd,9396,46,6,6,https://x.com/eudi_motd/status/2074897331036807302,ko,False,2026-07-13 00:07:34,한국,https://pbs.twimg.com/media/HMuEH8SaAAINY3_.jpg
2074869665894109423,메이투,"메이투 플래시 기능 진짜 좋다…👍
before                             after https://t.co/msqbnU0x0w",Wed Jul 08 14:54:12 +0000 2026,1972991281136861185,rosy,rosy_250930,1186,36,11,2,https://x.com/rosy_250930/status/2074869665894109423,ko,False,2026-07-13 00:07:34,한국,https://pbs.twimg.com/media/HMtq9pcaYAArend.jpg
2074867615479333261,메이투,캡컷프로가 첫달 2천원이길래 썼엇는데용 끝나버려서 타오바오에서 메이투 뷔아이피권끊어볼게용,Wed Jul 08 14:46:03 +0000 2026,2007486930511114246,カクト,kakutcos,67,0,0,0,https://x.com/kakutcos/status/2074867615479333261,ko,False,2026-07-13 00:07:34,한국,
2074853489134731500,메이투,"[협찬] 포함
메이투 플래시 기능 강추!!!! 
얼굴 확 밝아지면서 사진이 더 예뻐보임..👀💖

메이크업 정보는 타래로 https://t.co/HTTyNAz0JD",Wed Jul 08 13:49:55 +0000 2026,2009087377080512512,리..,leexxwo,9767,97,39,6,https://x.com/leexxwo/status/2074853489134731500,ko,False,2026-07-13 00:07:34,한국,https://pbs.twimg.com/media/HMtcP_LaQAEkGJR.jpg
2074849282881139037,메이투,"오늘 찬규
메이투 피부보정 100쓴 사람마냥
뽀얗고 피부좋고 갸름하고 잘생김 https://t.co/CLsva5WV5B",Wed Jul 08 13:33:12 +0000 2026,1935374479901044736,무적햄,aechaniidu,935,70,4,0,https://x.com/aechaniidu/status/2074849282881139037,ko,False,2026-07-13 00:07:34,한국,https://pbs.twimg.com/media/HMtYbNza4AAEsps.jpg
2074837544555209191,메이투,"메이투 일주일 구독해봄
꿀팁좀 알려주세요..",Wed Jul 08 12:46:33 +0000 2026,1338523152339460096,.,ugn0r,476,4,0,1,https://x.com/ugn0r/status/2074837544555209191,ko,False,2026-07-13 00:07:34,한국,
2074828057689608471,메이투,메이투 구독할까,Wed Jul 08 12:08:52 +0000 2026,1338523152339460096,.,ugn0r,376,5,0,1,https://x.com/ugn0r/status/2074828057689608471,ko,False,2026-07-13 00:07:34,한국,
2074825909157396903,메이투,"혹시 메이투 분철해보신분.
제가 결제하고 분철한분들한테 
연동한 이메일 알려줬는데
자꾸 갱신하라함. 다들 이러나요 이거 어케해요",Wed Jul 08 12:00:19 +0000 2026,1952043477308698624,nyang,delinyangjoo,780,0,0,0,https://x.com/delinyangjoo/status/2074825909157396903,ko,False,2026-07-13 00:07:34,한국,
2074819356996096071,메이투,"인스타에 올리긴 조금 애매한 사진들!
눈내리는 겨울 사진으로 만들어 봄 🌨️ 🤍

-기능 경로 : 메이투 사진 → 효과 → '눈 내리는 밤' 선택 https://t.co/zA8ziB9TMt",Wed Jul 08 11:34:17 +0000 2026,2055155035424608256,구사자 (김정아) 🇰🇷,94_j_a9cdk,168,0,0,0,https://x.com/94_j_a9cdk/status/2074819356996096071,ko,False,2026-07-13 00:07:34,한국,https://pbs.twimg.com/media/HMs9Jz0aUAA39HV.jpg
2074816955446661448,메이투,메이투 ㅃㅃ https://t.co/IGxGm38rJl,Wed Jul 08 11:24:45 +0000 2026,1429811833305587714,@,1ottedaisuki,105,0,0,0,https://x.com/1ottedaisuki/status/2074816955446661448,ko,False,2026-07-13 00:07:34,한국,https://pbs.twimg.com/media/HMs7BfCbsAAJYXO.jpg
2074771137356300301,메이투,"아이폰 ios 메이투 메이튜 분철합니다 13개월 : 1.6 입니다 !
제가 분철자입니다:)
꼭 꼭 가능하신분만 연락 부탁드립니다 ㅠㅠ",Wed Jul 08 08:22:41 +0000 2026,2058191174217969667,아즈냥,aznaang_0,1831,5,0,0,https://x.com/aznaang_0/status/2074771137356300301,ko,False,2026-07-13 00:07:34,한국,
2074292130621874485,meitu,"메이투 분철 끼고싶어요 &gt;아이폰&lt;
즉입가능 연락주세요!! 

#메이투 #메이튜 #메이투분철 #메이튜분철 #meitu",Tue Jul 07 00:39:17 +0000 2026,1852546750005022720,.,6fnllr,1126,0,0,2,https://x.com/6fnllr/status/2074292130621874485,ko,False,2026-07-13 00:07:19,한국,
2074053989340250552,meitu,"@llZER0_ 현질의 힘
Made in Meitu",Mon Jul 06 08:52:59 +0000 2026,2044673652701220865,✟ ℝ𝕖𝕒𝕕𝕪 ✞,3_2_1_go__,74,0,0,0,https://x.com/3_2_1_go__/status/2074053989340250552,ko,False,2026-07-13 00:07:19,한국,
2074719529461305691,메이투,메이투 렌즈보정 좋다,Wed Jul 08 04:57:36 +0000 2026,1636740810640359424,커즈,cuzcuzcu,242,2,0,0,https://x.com/cuzcuzcu/status/2074719529461305691,ko,False,2026-07-09 00:06:20,한국,
2074707014190784597,메이투,"@Jju_0904 무슨,
다 메이투…",Wed Jul 08 04:07:53 +0000 2026,1882047911762210816,リみゃ💉,sinyqme,46,0,0,1,https://x.com/sinyqme/status/2074707014190784597,ko,False,2026-07-09 00:06:20,한국,
2074694010061615119,메이투,@ye0njecos 메이투: 그러게요,Wed Jul 08 03:16:12 +0000 2026,1531963485768151040,숙,sug_065G,76,1,0,0,https://x.com/sug_065G/status/2074694010061615119,ko,False,2026-07-09 00:06:20,한국,
2074690079885537653,메이투,"@kamiko5846 세 장으로 나눠........ 
메이투 콜라주 쓰면 편함 
최대 16장인데 10장정도씩 나누면 예쁘게 나옴",Wed Jul 08 03:00:35 +0000 2026,1840406762790477824,뮤미,mumi_cos,111,1,0,1,https://x.com/mumi_cos/status/2074690079885537653,ko,False,2026-07-09 00:06:20,한국,
2074656011009634643,메이투,@cococoblueco 메이투 단단하게,Wed Jul 08 00:45:12 +0000 2026,1930030319241191424,金mori,ynqmorir,32,0,0,0,https://x.com/ynqmorir/status/2074656011009634643,ko,False,2026-07-09 00:06:20,한국,
2074559558639555041,메이투,메이투 태닝필터는 https://t.co/CMJLDplApg,Tue Jul 07 18:21:56 +0000 2026,1994305077860028420,스타팬13,zil9vv,128,6,0,0,https://x.com/zil9vv/status/2074559558639555041,ko,False,2026-07-09 00:06:20,한국,https://pbs.twimg.com/media/HMpQ7Emb0AAqi-a.jpg
2074531236274688122,메이투,안신이 이렇게 보정100처럼 생기면 메이투 유료버전으로 보정3시간하는사람들은어케살라고!!! https://t.co/LqCs5QQECm,Tue Jul 07 16:29:24 +0000 2026,1983083183748100096,ㅇㅍ,axwoez,853,37,2,0,https://x.com/axwoez/status/2074531236274688122,ko,False,2026-07-09 00:06:20,한국,
2074520662836904242,메이투,메이투 용량 별로 안 줄어든대서 한번 용량 체크 해봤는데 34메가가 9메가 된거 보면 진짜 케바케가🤔,Tue Jul 07 15:47:23 +0000 2026,1975500730703417344,이바냥•イバニャン(단미),E_banyang,203,2,0,0,https://x.com/E_banyang/status/2074520662836904242,ko,False,2026-07-09 00:06:20,한국,
2074516350765273297,메이투,"저궁금한게하나생겻는데,
   메이투 플래쉬기능쓰면
 원래사진이 ai스럽게변하나욤?..
    ㅡㅡ;;;; 나만이러는건지,   아니묜원래이런기능(?)인건지궁금 …….",Tue Jul 07 15:30:15 +0000 2026,1914274543545520128,추릉이 (ᐡ- ̫ -ᐡ),undingeee,166,3,0,1,https://x.com/undingeee/status/2074516350765273297,ko,False,2026-07-09 00:06:20,한국,
2074489974427426901,메이투,"베이지사랑
다리 좀 늘리고 싶은데 메이투 가기도 귀찮음걍 https://t.co/gvFmWD163y",Tue Jul 07 13:45:26 +0000 2026,2063657090552590336,nowwave,nowwavee23,919,2,0,1,https://x.com/nowwavee23/status/2074489974427426901,ko,False,2026-07-09 00:06:20,한국,https://pbs.twimg.com/media/HMoRm4TaoAAYxXh.jpg
2074483922764026059,메이투,"메이투 진짜니가이기나내가이기나해보자
니먼데 내가 다리 늘리는거방해하냐고
돈을받았으면돈값을하라고",Tue Jul 07 13:21:23 +0000 2026,1956733570556497920,계마2,m1_co11ector,196,1,0,1,https://x.com/m1_co11ector/status/2074483922764026059,ko,False,2026-07-09 00:06:20,한국,
2074445195865882652,메이투,진중원 메이투 보정 100 ver.,Tue Jul 07 10:47:30 +0000 2026,2056321540082573312,강낙수,WWM_NAKSU,814,14,5,1,https://x.com/WWM_NAKSU/status/2074445195865882652,ko,False,2026-07-09 00:06:20,한국,
2074441883632480730,메이투,@ugn0r 메이투 좋아요‼️,Tue Jul 07 10:34:20 +0000 2026,2062421377991548928,𝒆𝒖𝒓𝒙𝒅𝒊𝒄𝒆,Acruxx1133,49,0,0,1,https://x.com/Acruxx1133/status/2074441883632480730,ko,False,2026-07-09 00:06:20,한국,
2074441730376843698,메이투,"와 감사합니다! 저는 0과 1로 이루어져 있고 저처럼 메이투 프로 결제하시면 그대도 바로 미녀 될 수 있음 
가공녀라는 뜻 https://t.co/LbXmzyHc0r",Tue Jul 07 10:33:44 +0000 2026,1678666635736129536,한백아,Opal__ae,366,7,0,1,https://x.com/Opal__ae/status/2074441730376843698,ko,False,2026-07-09 00:06:20,한국,
2074430141653188712,메이투,여행 메이투 https://t.co/hc1PksaSOg,Tue Jul 07 09:47:41 +0000 2026,1600455552579952640,pEw,mimika_o_o_,395,10,2,1,https://x.com/mimika_o_o_/status/2074430141653188712,ko,False,2026-07-09 00:06:20,한국,https://pbs.twimg.com/media/HMnbI-EbIAAPYar.jpg
2074415444967178263,메이투,"아니 노쌍테 노랜즈 한 거 올리려 했는데 메이투 기본보정? 이 있었음 미친새끼야

감안 하구 봐주세요 https://t.co/0ztfCeB1aU",Tue Jul 07 08:49:17 +0000 2026,2048201765376651264,すれ,star_ray1008,145,8,0,0,https://x.com/star_ray1008/status/2074415444967178263,ko,False,2026-07-09 00:06:20,한국,https://pbs.twimg.com/media/HMnN2nua4AA4EqV.jpg
2074372310224781411,메이투,"헙 저에게두 첫 스핀깅이..
저 블러셔 엄청 섞어 쓰는데 저 날은 
삐아 다우니 치크 09, 11
이렇게 두 개 발라써요 !!
실물은 그 메이투 플래시 사진에 가깝습니다 ♡ https://t.co/IIp77niBHA",Tue Jul 07 05:57:53 +0000 2026,2022726178654818311,໊,_shucrream,593,4,0,0,https://x.com/_shucrream/status/2074372310224781411,ko,False,2026-07-09 00:06:20,한국,
2074368747238998447,메이투,"메이투 메이튜 아이폰 분철 구합니다
제가 들어가는 걸로 원해요
즉입 가능합니다 디엠이나 댓글 달아주세요!",Tue Jul 07 05:43:43 +0000 2026,1493881297957433347,거래계,qazxcvplmnb,327,0,0,1,https://x.com/qazxcvplmnb/status/2074368747238998447,ko,False,2026-07-09 00:06:20,한국,
2074185873776947202,메이투,아존나 누구세요 그림이었는데 아르노가 펜으로 메이투 돌리니까 비슷해진 거 존나 웃김 이분 진짜 본인 잘알이시고 투디처럼 생긴 거 확인 https://t.co/9XtTzdtUEz,Mon Jul 06 17:37:03 +0000 2026,1973301700589912064,Ze,gkdhwhdhk,1437,65,1,0,https://x.com/gkdhwhdhk/status/2074185873776947202,ko,False,2026-07-09 00:06:20,한국,https://pbs.twimg.com/media/HMj9DENakAA_w60.jpg
2074159501935321327,메이투,"https://t.co/Cm87uqfTOJ

저는 앞에 조명 빵빵하게 틀어놓고 아이폰 13 줌아웃 셀카모드로 찍어요!! 그리고 후보정으로 색감 선명도는 높게 채도는 살짝 낮게 설정!
요즘은 메이투 플래시 모드도 사용하고 있어용 + 카메라에 예쁘게 나오기 위한 목적이라면 메이크업도 평소보다 훨씬 진하게 하는 걸 추천",Mon Jul 06 15:52:15 +0000 2026,2021576476546785280,애라,404eraesthetic,1320,9,0,0,https://x.com/404eraesthetic/status/2074159501935321327,ko,False,2026-07-09 00:06:20,한국,
2074112370805489760,메이투,"뭐 배경 고치거나 메이투 AI 유행 그런건 저도 좋아하는데요.

코스프레 하지도 않고 처음부터 끝까지 프롬포트로 만든 사진을 싫어한다는겁니다...",Mon Jul 06 12:44:59 +0000 2026,1433153601438986248,Kantele445,Kantele445,1887,36,0,2,https://x.com/Kantele445/status/2074112370805489760,ko,False,2026-07-09 00:06:20,한국,
2074093224726344016,메이투,"@llillliiillilii 아잉...아녜유!!
이거 메이투 보정에 있는 렌즈에여!!!!!!ㅠㅠㅠㅠㅠㅋㅋㅋㅋ",Mon Jul 06 11:28:54 +0000 2026,2020491498463416320,ERAちゃん,ERAchandesu,104,0,0,0,https://x.com/ERAchandesu/status/2074093224726344016,ko,False,2026-07-09 00:06:20,한국,
2074005005066178650,메이투,"심심해서 메이투 돌려봤는데 쫌 이뿌게나온거같아요
👉🏻👉🏻여름마츠리👈🏻👈🏻이거애용 https://t.co/7yPhl5Ama2",Mon Jul 06 05:38:21 +0000 2026,1421067096826339329,ミン,isekaiikitai_,473,18,0,1,https://x.com/isekaiikitai_/status/2074005005066178650,ko,False,2026-07-09 00:06:20,한국,https://pbs.twimg.com/media/HMhYjwgaYAAOZBd.jpg
2073993766583906492,메이투,@kkkk_hhh22 네ㅔ 사진 잘 나왓네요 구도랑 배경도 이쁘구 🍀 메이투 - 홈 - 화질 탭 들어가면 잇네용,Mon Jul 06 04:53:41 +0000 2026,1888207476304293888,치즈빵,nobody_422,116,0,0,0,https://x.com/nobody_422/status/2073993766583906492,ko,False,2026-07-09 00:06:20,한국,
2073975236492705829,메이투,@nnozzo0 메이투 어플로 한건디 ㅠㅠㅠ 저런거 찾을려고 하니깐 해외?? 그것도 너무 어려워서,Mon Jul 06 03:40:03 +0000 2026,1979023815100530688,유니,yuni032598,115,1,0,1,https://x.com/yuni032598/status/2073975236492705829,ko,False,2026-07-09 00:06:20,한국,
2073972869525299440,메이투,"메이투 유료가 진짜야 트친둘아
너무 좋음 진짜 😏❤️",Mon Jul 06 03:30:39 +0000 2026,2064768207714680832,uuu,siuuuuuuuuuu333,784,14,0,0,https://x.com/siuuuuuuuuuu333/status/2073972869525299440,ko,False,2026-07-09 00:06:20,한국,
2073930115529220320,메이투,@muhwwwi 나는 걍 메이투 콜라주로 하긴 햇듬,Mon Jul 06 00:40:45 +0000 2026,1877446920869916672,slow 우시,sw223ws,142,0,0,0,https://x.com/sw223ws/status/2073930115529220320,ko,False,2026-07-09 00:06:20,한국,
2073898742739349528,메이투,"전 스모키가 좋아요

1. 메이투(어플)올리브 렌즈
2.밀크릭 레드아우라 14.5
3.Honey Kiss 원데이 14.5mm 츄룽블루(1박스 10개들이)
직경:14.5mm

2,3
2는 밀크릭 공홈보다 알리에서 사면 더삐르고 3은 렌즈라라를 이용하시면
구매 가넝합니다 https://t.co/WkJAfPUc42",Sun Jul 05 22:36:06 +0000 2026,1979023815100530688,유니,yuni032598,1129,25,1,3,https://x.com/yuni032598/status/2073898742739349528,ko,False,2026-07-09 00:06:20,한국,https://pbs.twimg.com/media/HMf36o9akAArMM8.jpg
2073829795989975322,메이투,@ki0_ny 우헤헤... 사실 다 메이투 보정이에요 🫪🫪🫪,Sun Jul 05 18:02:07 +0000 2026,1875988615047892992,호야,Hoya__8,173,0,0,1,https://x.com/Hoya__8/status/2073829795989975322,ko,False,2026-07-09 00:06:20,한국,
2073798013009752247,메이투,@imysajin 메이투 안되는건 개에바다 자국어플이시잖아요???;;;ㅋㅋㅋㅋㅋㅋㅋㅋ,Sun Jul 05 15:55:50 +0000 2026,1830074285547012096,춉🧶,038ibohc,114,1,0,1,https://x.com/038ibohc/status/2073798013009752247,ko,False,2026-07-09 00:06:20,한국,
2073789643116466344,메이투,"메이투 관계자님 ^^
리터치 템플릿 얼굴 별로 선택 가능 하게 수정 좀 해주세요 제발 ㅠㅠ 누가 업데이트함 이거",Sun Jul 05 15:22:34 +0000 2026,1308791181984198658,som,i2vy8,563,2,0,0,https://x.com/i2vy8/status/2073789643116466344,ko,False,2026-07-09 00:06:20,한국,
2073764464147771405,메이투,"@tolo_1121 전 메이투 써용 ㅎㅎㅎ 
잘못 설정하면 밤티 긴한데... 한 번 이쁘게 하면 나뿌지 않아여",Sun Jul 05 13:42:31 +0000 2026,1893646606295351296,잉,6210ing,196,1,0,1,https://x.com/6210ing/status/2073764464147771405,ko,False,2026-07-09 00:06:20,한국,
2073753683255505006,메이투,메이투 플래시 조으네요.. https://t.co/KMywRUPXsp,Sun Jul 05 12:59:41 +0000 2026,2022726178654818311,໊,_shucrream,778,41,0,1,https://x.com/_shucrream/status/2073753683255505006,ko,False,2026-07-09 00:06:20,한국,https://pbs.twimg.com/media/HMdz-cmaQAAsWz2.jpg
2073729616741912897,메이투,"메이투 분철 타고 싶습니당
즉입 가능해여 ㅈㅂ 연락 주세요 ㅠㅠ",Sun Jul 05 11:24:03 +0000 2026,1111436270,VISUAL💫,1995_visual,541,0,0,2,https://x.com/1995_visual/status/2073729616741912897,ko,False,2026-07-09 00:06:20,한국,
2073727082681798708,메이투,지금 메이투 돌리고 있는데 이게 맞는건지 모르겠음,Sun Jul 05 11:13:59 +0000 2026,1936773611454681088,까렝,karae0404,156,2,0,0,https://x.com/karae0404/status/2073727082681798708,ko,False,2026-07-09 00:06:20,한국,
2073703783688028625,메이투,메이투 메이튜 아이폰 분철 구해요 제가 들어가는거에요 바로 입금가능합니다 디엠 안보면 댓글이나 맘찍 주세여,Sun Jul 05 09:41:24 +0000 2026,1149579846038634496,주황색,orangemax33,611,1,0,1,https://x.com/orangemax33/status/2073703783688028625,ko,False,2026-07-09 00:06:20,한국,
2073700563230085474,메이투,메이투 개쩐다 ㄷㄷ https://t.co/tnalYfARhh,Sun Jul 05 09:28:36 +0000 2026,1896069413679607808,에잇 ㅌㅊㅅ,chl_owo,389,14,1,0,https://x.com/chl_owo/status/2073700563230085474,ko,False,2026-07-09 00:06:20,한국,https://pbs.twimg.com/media/HMdDrFoakAAKXX7.jpg
2073406456821584019,meitu,"메이투 메이튜 meitu 갤럭시 연간 분철 구합니다
두 자리 남았고 인당 16000원 입니다
27/07/04 22시까지 이용 가능합니다
디엠 주세요!",Sat Jul 04 13:59:55 +0000 2026,1666816695250612224,팔랑해,all__my_love__,931,0,0,1,https://x.com/all__my_love__/status/2073406456821584019,ko,False,2026-07-09 00:05:52,한국,
2072017871035941365,뷰티캠,"친구들 최애랑 이거 해봐 진짜 같아서 기분 좋아짐...
뷰티캠 - 포토샵 - AI 스타일 - 웹캠 커플샷
#러닝 #살스 https://t.co/VVR2TpvsNH",Tue Jun 30 18:02:11 +0000 2026,3260029152,MISO𖤐🌺싱글,wtamoriw,109,0,0,0,https://x.com/wtamoriw/status/2072017871035941365,ko,False,2026-07-06 00:09:32,한국,https://pbs.twimg.com/media/HMFJRBga8AAQQng.jpg
2072017862651474164,뷰티캠,"여러분 최애랑 이거 함 해보세요
진짜 비슷하게 나와서 기분 좋아져요......

뷰티캠 - 포토샵 - AI 스타일 - 웹캠 커플샷
#블루이증 #좋은저녁 https://t.co/gFwdnUgANN",Tue Jun 30 18:02:09 +0000 2026,1043137991516991488,MISO𖤐🌺싱글,___ys02__,110,0,0,0,https://x.com/___ys02__/status/2072017862651474164,ko,False,2026-07-06 00:09:32,한국,https://pbs.twimg.com/media/HMFJQhBa4AAmHOI.jpg
2071602118679728479,뷰티캠,"다들 최애랑 이거 함 해봐요
진짜 비슷하게 나와서 기분 좋아져요......

뷰티캠 - 포토샵 - ai 스타일 - 웹캠 커플샷
#데일리 #살스 https://t.co/IBAZfuRJ4L",Mon Jun 29 14:30:08 +0000 2026,703911216062664705,MISO𖤐🌺싱글,curin07,75,0,0,0,https://x.com/curin07/status/2071602118679728479,ko,False,2026-07-06 00:09:32,한국,https://pbs.twimg.com/media/HL_PIxka4AEpcDy.jpg
2071598022866379080,뷰티캠,"여러분, 좋아하는 사람이랑 이거 함 해보세요.
진짜 비슷하게 나와서 기분 확 좋아져요...

뷰티캠 - 포토샵 - ai 스타일 - 웹캠 커플샷
#좋은인연 #블루이증 https://t.co/Va5axW1Bqn",Mon Jun 29 14:13:51 +0000 2026,2392557948,MISO𖤐🌺싱글,xx81aya,41,0,0,0,https://x.com/xx81aya/status/2071598022866379080,ko,False,2026-07-06 00:09:32,한국,https://pbs.twimg.com/media/HL_Lak-aAAA8wPt.jpg
2071579880396132499,뷰티캠,"여러분 최애랑 이거 해보세요
진짜 같아서 기분 좋아져요...

뷰티캠 - 포토샵 - ai 스타일 - 웹캠 커플샷
#좋은인연 #맞팔환영 https://t.co/bgxkSSOnyW",Mon Jun 29 13:01:46 +0000 2026,830397060,MISO𖤐🌺싱글,mntc_10,81,0,0,0,https://x.com/mntc_10/status/2071579880396132499,ko,False,2026-07-06 00:09:32,한국,https://pbs.twimg.com/media/HL-66aZbsAAKjWC.jpg
2071284071246995808,뷰티캠,"님들아 썸타는 사람이랑 이거 한번 해보세요 
진짜 찐친된 기분 들어요......
뷰티캠 - 포토샵 - ai 스타일 - 웹캠 커플샷
#좋은저녁 #살스 #소통환영 https://t.co/8K5EnFN36C",Sun Jun 28 17:26:19 +0000 2026,3101650904,MISO𖤐🌺싱글,CherishMegu,96,0,0,0,https://x.com/CherishMegu/status/2071284071246995808,ko,False,2026-07-06 00:09:32,한국,https://pbs.twimg.com/media/HL6t3kIbEAAdBwR.jpg
2071280889380933884,뷰티캠,"여러분 최애랑 이거 한 번 해보세요
진짜 닮아서 기분 좋아져요......

뷰티캠 - 포토샵 - ai 스타일 - 웹캠 커플샷
#맞팔환영 #오빠 #데일리 https://t.co/dj2ZR4Nf57",Sun Jun 28 17:13:41 +0000 2026,759562416,MISO𖤐🌺싱글,i_sungi,115,1,0,0,https://x.com/i_sungi/status/2071280889380933884,ko,False,2026-07-06 00:09:32,한국,https://pbs.twimg.com/media/HL6q-jVbEAAiAPU.jpg
2071278517262971155,뷰티캠,"다들 최애랑 이거 한번 해봐요
진짜 비슷하게 나와서 기분 좋아져요......

뷰티캠 - 포토샵 - ai 스타일 - 웹캠 커플샷
#스킨십 #맘눌뎀 #팬티스타킹 https://t.co/whYxxwXuDC",Sun Jun 28 17:04:15 +0000 2026,1737823453166936064,MISO𖤐🌺싱글,sicha_3128,128,0,0,0,https://x.com/sicha_3128/status/2071278517262971155,ko,False,2026-07-06 00:09:32,한국,https://pbs.twimg.com/media/HL6o0d3asAAxdwD.jpg
2071275536979202190,뷰티캠,"사람들아 최애랑 이거 한 번 해봐
진짜 닮아서 기분 좋아져...

뷰티캠 - 포토샵 - AI 스타일 - 웹캠 커플샷
#좋은저녁 #러닝 https://t.co/3cbO5xS7Rm",Sun Jun 28 16:52:25 +0000 2026,866996032311246848,MISO𖤐🌺싱글,178_0c,99,0,0,0,https://x.com/178_0c/status/2071275536979202190,ko,False,2026-07-06 00:09:32,한국,https://pbs.twimg.com/media/HL6mG-tb0AAnBIv.jpg
2071259916405493892,뷰티캠,"여러분 최애랑 이거 한번 해보세요
진짜 진짜 비슷하게 나와서 기분 짱 좋아짐......

뷰티캠 - 포토샵 - ai 스타일 - 웹캠 커플샷
#블루레이디_일상계 #오빠 #검스 https://t.co/FDaZshoTiv",Sun Jun 28 15:50:20 +0000 2026,1502607750937059332,MISO𖤐🌺싱글,taichi_5359,280,0,0,0,https://x.com/taichi_5359/status/2071259916405493892,ko,False,2026-07-06 00:09:32,한국,https://pbs.twimg.com/media/HL6X6LzbwAAVZhw.jpg
2073787604613701796,메이투,"메이투 &gt;&gt;갤럭시&lt;&lt; 연간 분철 구합니다!
결제 되었고 내년 7월 5일까지입니다
옾챗으로 연락주세요~

https://t.co/J70HsjXSOr",Sun Jul 05 15:14:28 +0000 2026,2006097707988033536,거래계,iysdhw,122,0,0,0,https://x.com/iysdhw/status/2073787604613701796,ko,False,2026-07-06 00:09:16,한국,
2073755744189706495,메이투,"메이투 갤럭시 연간 분철 구합니다!
인당 16000원이며 다 모인 후 결제합니다~
디엠 주세요!",Sun Jul 05 13:07:52 +0000 2026,2006097707988033536,거래계,iysdhw,250,1,0,1,https://x.com/iysdhw/status/2073755744189706495,ko,False,2026-07-06 00:09:16,한국,
2073726285483016512,메이투,메이투 https://t.co/09ME8dPfWa,Sun Jul 05 11:10:49 +0000 2026,1922065507538317312,Рикардо,_9Cecilia_1,50,0,0,0,https://x.com/_9Cecilia_1/status/2073726285483016512,ko,False,2026-07-06 00:09:16,한국,https://pbs.twimg.com/media/HMdbEUraYAAcGuj.jpg
2073664518664937838,메이투,"메이투 메이튜 아이폰 분철 구해요!
제가 분철하는 거 아님 제가 분철에 들어가는겁니다!!!
분철하시는 분들 맘찍 후 디엠 또는 멘션 주세요🙇‍♀️",Sun Jul 05 07:05:22 +0000 2026,1465606998956060673,거래,wjddlslQkd,293,0,0,0,https://x.com/wjddlslQkd/status/2073664518664937838,ko,False,2026-07-06 00:09:16,한국,
2073657041256890656,메이투,메이투 프리미엄 끊었더 https://t.co/9Su7yezGtF,Sun Jul 05 06:35:39 +0000 2026,1909875850943905795,국희,cookie_493,567,20,0,0,https://x.com/cookie_493/status/2073657041256890656,ko,False,2026-07-06 00:09:16,한국,https://pbs.twimg.com/media/HMccFnXaYAAXls4.jpg
2073655781246029895,메이투,"나 방금까지 메이투 돌리다 왔는데
이 사진 보자마자 살기 싫어짐..",Sun Jul 05 06:30:39 +0000 2026,1993322981498781697,주정,a1coho1__,619,3,0,0,https://x.com/a1coho1__/status/2073655781246029895,ko,False,2026-07-06 00:09:16,한국,
2073615002335064509,메이투,이런거 찍을라고 메이투 12개월 결제한게 아닐텐데 https://t.co/4O6aduFOfQ,Sun Jul 05 03:48:37 +0000 2026,2009689385579823104,🎀리보니🎀,kawaiibbon_U3U,148,5,0,0,https://x.com/kawaiibbon_U3U/status/2073615002335064509,ko,False,2026-07-06 00:09:16,한국,https://pbs.twimg.com/media/HMb12glbYAACjfo.jpg
2073588268034392130,메이투,@du_pal0_0 메이투 진짜 아랑해 줘야 돼,Sun Jul 05 02:02:23 +0000 2026,1712128310380269568,삐나 ぴな,bbibbibbina,1576,1,0,1,https://x.com/bbibbibbina/status/2073588268034392130,ko,False,2026-07-06 00:09:16,한국,
2073580731679527146,메이투,여러분.. 메이투 헤어늘리기 기능을 아십니까? https://t.co/NyzHBGnjPz,Sun Jul 05 01:32:26 +0000 2026,1924491242475511809,두팔,du_pal0_0,33257,1170,34,1,https://x.com/du_pal0_0/status/2073580731679527146,ko,False,2026-07-06 00:09:16,한국,https://pbs.twimg.com/media/HMbWrs1agAEg21F.jpg
2073436156910518665,메이투,"@Only_MiWa_A8E ㅋㅋㅋㅋㅋㅋㅋ 사실 내가 유 담당이 맞는데 ••
어쩌다보니 Se 등장 방향두 바뀌게 댄 
제가 메이투 펜으로 열시미 그렷더요 
전 디자인 미감이 없어서 밤티 하디만
이개 바로 노력이지 너두 고생 마나또 🫂😘",Sat Jul 04 15:57:57 +0000 2026,1791057032856113152,미와 みわ,A8E_MiWa,114,1,0,1,https://x.com/A8E_MiWa/status/2073436156910518665,ko,False,2026-07-06 00:09:16,한국,
2073428232091967718,메이투,어떻게 사람이 이렇게 메이투 보정 100 땡긴것처럼 생겻지 https://t.co/IepuAMTNz3,Sat Jul 04 15:26:27 +0000 2026,1010377570288746496,락,rocckri,241,2,0,0,https://x.com/rocckri/status/2073428232091967718,ko,False,2026-07-06 00:09:16,한국,https://pbs.twimg.com/media/HMZL_HiaMAAlemE.jpg
2073420764674662492,메이투,"안올린것도 있어요
그나저나 메이투 플래시 효과 좋다~~🤩 https://t.co/UYgFBh27Pg",Sat Jul 04 14:56:47 +0000 2026,2059525625640321024,continue,cxntnue,432,11,0,2,https://x.com/cxntnue/status/2073420764674662492,ko,False,2026-07-06 00:09:16,한국,https://pbs.twimg.com/media/HMZFMXNbQAAJLS2.jpg
2073418337867194413,메이투,@bwyen_zz 메이투 에픽 사랑합니다🫶🏻,Sat Jul 04 14:47:08 +0000 2026,2026554160855003138,이로ㅌㅊㅅ/7코페 토,ir0_ocos,97,0,0,1,https://x.com/ir0_ocos/status/2073418337867194413,ko,False,2026-07-06 00:09:16,한국,
2073398483500072983,메이투,@shirx00 다들 메이투 쓰시는구나…. 감사합니다!!,Sat Jul 04 13:28:15 +0000 2026,2008769016744341506,융일,g0l_bng,100,1,0,0,https://x.com/g0l_bng/status/2073398483500072983,ko,False,2026-07-06 00:09:16,한국,
2073393988120486056,메이투,오잉 ㅋㅋㅋ 메이투 광고(?)로 민주가 행인들 모자이크한 거 뜸 https://t.co/L3ExaGt4no,Sat Jul 04 13:10:23 +0000 2026,1781921485285949440,시리,siridla,259,2,0,0,https://x.com/siridla/status/2073393988120486056,ko,False,2026-07-06 00:09:16,한국,https://pbs.twimg.com/media/HMYs17da4AAe5O8.jpg
2073372538353369093,메이투,"#コスプレ #Y2K
코스는 아닌데요
고교시절 축제때문에 메이드복입은게 있어서 올려봄
필터는 메이투 Y2K 껴봄...... https://t.co/oGjsDhfDl7",Sat Jul 04 11:45:09 +0000 2026,2054601951745048576,ミユ🫧,ObFOhLo9xC24671,4290,130,6,12,https://x.com/ObFOhLo9xC24671/status/2073372538353369093,ko,False,2026-07-06 00:09:16,한국,https://pbs.twimg.com/media/HMYOgJnaAAAMDBn.jpg
2073364271300542910,메이투,와 메이투 필터 사기임... 프사 바꾸고 싶어짐 https://t.co/om8mouJSgT,Sat Jul 04 11:12:18 +0000 2026,2059525625640321024,continue,cxntnue,564,18,2,4,https://x.com/cxntnue/status/2073364271300542910,ko,False,2026-07-06 00:09:16,한국,https://pbs.twimg.com/media/HMYRz9lbYAAqGrC.jpg
2073298033799020945,메이투,@gamjatangnim 에픽하고 메이투…,Sat Jul 04 06:49:05 +0000 2026,2057389697513689088,금두부,goldubu,188,0,0,0,https://x.com/goldubu/status/2073298033799020945,ko,False,2026-07-06 00:09:16,한국,
2073257432491626955,메이투,"메이투 앱이랑 캡컷 중국 앱 아니야?
왜 중국 폰에서 다운로드 안되는데",Sat Jul 04 04:07:45 +0000 2026,2023281950170165248,삐―૮ᴗ͈ . ᴗ͈ ྀིა,imysajin,416,4,0,1,https://x.com/imysajin/status/2073257432491626955,ko,False,2026-07-06 00:09:16,한국,
2073144093681799334,메이투,@nig99998 메이투 쓰고 있습니다!,Fri Jul 03 20:37:23 +0000 2026,1998449468040245248,DH,dohyeon90,168,0,0,1,https://x.com/dohyeon90/status/2073144093681799334,ko,False,2026-07-06 00:09:16,한국,
2073045644907008309,메이투,그 새 메이투 기능이 많이 좋아졌다야ㅋ,Fri Jul 03 14:06:11 +0000 2026,1805950344477978624,슈묘,choumyo,177,0,0,0,https://x.com/choumyo/status/2073045644907008309,ko,False,2026-07-06 00:09:16,한국,
2072971531974750333,메이투,"아이폰 ios 메이투 메이튜 분철합니다 
13개월 : 1.6 입니다

프로필 옾챗으로 와주세요
계정쉐어",Fri Jul 03 09:11:41 +0000 2026,1654715307838279681,🙈,tintonyyy,358,0,0,1,https://x.com/tintonyyy/status/2072971531974750333,ko,False,2026-07-06 00:09:16,한국,
2072949675968393588,메이투,@Orinq_ 메이투 딸깍도 괜찮다고 생각해요,Fri Jul 03 07:44:50 +0000 2026,2029953189362159616,캥캥🦊,_kaeng70,210,1,0,1,https://x.com/_kaeng70/status/2072949675968393588,ko,False,2026-07-06 00:09:16,한국,
2072940623917977706,메이투,메이투 이거뭐임ㅋㅋㅋㅎㅋㅎㅋㅎㅋㅎㅋㅎㅋㅎㅎㅋㅎㅋㅋㅎ https://t.co/OoPG9foObc,Fri Jul 03 07:08:52 +0000 2026,1900524774532734976,𝗣𝗽𝗶𝗣𝗽𝗼..🛼,PpiPpocp,83,2,0,0,https://x.com/PpiPpocp/status/2072940623917977706,ko,False,2026-07-06 00:09:16,한국,https://pbs.twimg.com/media/HMSQgl0aYAAZg9A.jpg
2072926352400064792,메이투,"@sieofncl 지금 디엠이 이상한거 같아서 혹시 참여하실 생각 있으시면 여기루 와주세요!

케로 메이투
https://t.co/fdxPcJUTN0",Fri Jul 03 06:12:10 +0000 2026,1364847237507866624,૮꒰ྀི ケロ ꒱ྀིა,mrmr0929,165,0,0,0,https://x.com/mrmr0929/status/2072926352400064792,ko,False,2026-07-06 00:09:16,한국,
2072926137869906252,메이투,"@dbzkdesu 헉 안보이네요ㅠㅠ
아니면 여기로 와주실래요??

케로 메이투
https://t.co/fdxPcJUTN0",Fri Jul 03 06:11:19 +0000 2026,1364847237507866624,૮꒰ྀི ケロ ꒱ྀིა,mrmr0929,144,0,0,0,https://x.com/mrmr0929/status/2072926137869906252,ko,False,2026-07-06 00:09:16,한국,
2072878117384081692,메이투,"메이투 너무 비싼데,,,,,,,",Fri Jul 03 03:00:30 +0000 2026,1992914045037604864,J,J_aqqlpie,178,0,0,0,https://x.com/J_aqqlpie/status/2072878117384081692,ko,False,2026-07-06 00:09:16,한국,
2072692069051908112,메이투,"벚꽃도 클리어 !!🫶🏻
여긴,, 또 이렇게 찍어야 한대요📸

빛이 애매해서 사진이 다 어둡게 나왔는데,,,!
메이투 앱으로 살림 ㅎㅎ
완전 뽀용해,,,☺️

📍메이투 앱 - 사진 - 필터 - 벚꽃🌸 https://t.co/ib5eTxsBbL",Thu Jul 02 14:41:12 +0000 2026,2055155035424608256,구사자 (김정아) 🇰🇷,94_j_a9cdk,319,0,0,0,https://x.com/94_j_a9cdk/status/2072692069051908112,ko,False,2026-07-06 00:09:16,한국,https://pbs.twimg.com/media/HMOuaFMbgAAtxC6.jpg
2072679710983930083,메이투,드래곤포니도 메이투 쓸까?,Thu Jul 02 13:52:06 +0000 2026,1662423567492063232,깡총,sandokkkii,124,0,0,0,https://x.com/sandokkkii/status/2072679710983930083,ko,False,2026-07-06 00:09:16,한국,
2072659814724096033,메이투,어니 이거 챗지피티로 보정을할려했는데 내 그림을 바꾸더라고 그래서 메이투(…)로함,Thu Jul 02 12:33:02 +0000 2026,2024095896703741952,야르릉,yarurung,739,1,0,1,https://x.com/yarurung/status/2072659814724096033,ko,False,2026-07-06 00:09:16,한국,
2072651719352397922,메이투,"@dyddyddl_ 메이투 써서 보정한 것만 아니면 사기 아닙니다
연도님은 집 인테리어도 병아리 색이네요",Thu Jul 02 12:00:52 +0000 2026,2050880465121509377,묵,moO000Ook,133,0,0,1,https://x.com/moO000Ook/status/2072651719352397922,ko,False,2026-07-06 00:09:16,한국,
2072650506166817023,메이투,테무노글루속눈썹 추천 이거 써 제발‼️메이투 한 것 처럼 눈이 또렷하게 커집니다 이거 붙인날엔 눈 메이투 안 함 Team공작새 친구들은 사도록 하세요..이천원임 화려한 메이크업/깔끔한 메이크업에도 얘쁨 최근에 붙였던 속눈썹중에 제일 맘에든다 친구들한테 질문도 많이 받은 ㅈㄴ예쁜속눈썹❤️‍🔥 https://t.co/ShAoNRmNUr,Thu Jul 02 11:56:03 +0000 2026,4825289712,딸기,BBERRY_V,2881,14,1,0,https://x.com/BBERRY_V/status/2072650506166817023,ko,False,2026-07-06 00:09:16,한국,https://pbs.twimg.com/media/HMOIpiBaEAA4oeX.jpg
2072644021869224195,메이투,"@nyang0808_ @iamnotmonage8 냐냐냐냥💛🙂‍↕️🙂‍↕️🙂‍↕️
귀여움을 포기하지않기위해 눈밑
100 메이투 보정을 놓지않앗어.",Thu Jul 02 11:30:17 +0000 2026,1557672052332855296,모나게🍀💛,DaKaRa_monage8,123,1,0,1,https://x.com/DaKaRa_monage8/status/2072644021869224195,ko,False,2026-07-06 00:09:16,한국,
2072635568194998774,메이투,아잇 실례라뇨~!~! 메이투 유료결제랑 포토샵 사용해서 보정합니다! 메이투로 얼굴 갈고 세세한 보정이 필요할때는 포토샵으로 넘어가요. 합성도 포토샵으로 합니다!(타래로 합성 설명) https://t.co/ps8RkBh0iM,Thu Jul 02 10:56:41 +0000 2026,1146293875587387392,노버,NOoVer__,2568,13,0,2,https://x.com/NOoVer__/status/2072635568194998774,ko,False,2026-07-06 00:09:16,한국,
2072633547576520803,메이투,"@madcode_romi 보정 열심히 한 의미가있구만
저 이거 하려고 메이투 프로 결제했어요 ... 색감 어케하는지 모르겠어가지고... 그리고 올영가서 로미 화장품 레시피짤 켜고 화장함 ㅜ ㅜ ㅋㅋㅋ ㅌㅋㄴㄲ씨 영상보면서.....",Thu Jul 02 10:48:40 +0000 2026,1806975779169087488,시아🍰,siaping333,150,0,0,1,https://x.com/siaping333/status/2072633547576520803,ko,False,2026-07-06 00:09:16,한국,
2072589090596528182,메이투,"@shinjun501 메이투
깔창
메이투+깔창
메이투
그리고 신준님의 콩깍지",Thu Jul 02 07:52:00 +0000 2026,1617846613824901122,Guri𖦹狸グリ,Guri1_cos,133,1,0,1,https://x.com/Guri1_cos/status/2072589090596528182,ko,False,2026-07-06 00:09:16,한국,
2072588566442701060,메이투,"노출 10
밝기 10
색선명도 10
따뜻함 -32
색조 17
명료도 10

메이투 필터 중에 투명 적용하고 위 보정으로 했던 같아요!  https://t.co/qmEVQqg6u8",Thu Jul 02 07:49:55 +0000 2026,1973053370316582912,kyo,kyoiisi,705,4,0,0,https://x.com/kyoiisi/status/2072588566442701060,ko,False,2026-07-06 00:09:16,한국,
2072578955056685297,메이투,@MIN_TY__ 메이투 만만세,Thu Jul 02 07:11:44 +0000 2026,2002806712450064384,Ash_z (노동중),Ashzvolk,113,1,0,0,https://x.com/Ashzvolk/status/2072578955056685297,ko,False,2026-07-06 00:09:16,한국,
2072575736318492917,메이투,"@its_nyunim0_0 이사람 메이투, 포토샵, 챗지피티로 온갖 보정 다 걸어두고 틱톡 기본 필터라고 우겨요 속지마세요",Thu Jul 02 06:58:56 +0000 2026,2042913295049633792,Ren,Renum1s,629,1,0,1,https://x.com/Renum1s/status/2072575736318492917,ko,False,2026-07-06 00:09:16,한국,
2071912415588151480,meitu,@urmyfluffypuppy 땡큐 meitu ♡ 낫 마이얼굴,Tue Jun 30 11:03:08 +0000 2026,2056755224245850112,🍯..,kummapi,35,0,0,0,https://x.com/kummapi/status/2071912415588151480,ko,False,2026-07-06 00:08:32,한국,
2070405061348671775,뷰티캠,"뷰티캠 플래시 이거 꼭 써보시길 ...
칙칙한 셀카도 디카 갬성으로 바꿔줌 🫪 https://t.co/PN5LgdBjHu",Fri Jun 26 07:13:27 +0000 2026,1964220229023883264,뷰티캠 코리아,beautycam_kr,176,1,0,0,https://x.com/beautycam_kr/status/2070405061348671775,ko,False,2026-06-29 00:07:26,한국,
2047221951509467468,뷰티캠,"그리고 이번주 토요일에 봐~!~!~!~!~!~!~!~!~!!~!~!~!~!~!~!~!~!~!~!!~~!~!~!~!~!!~~!~!!~!~!~!~!~!~!~!~!

개인 물판 때와 같이 체키는 카메라/필름 지참하고 오시면 무료로 찍어드립니다 (싸인X)

샤메는 무료! 뷰티캠 &lt; 어플깔고 오면 센스쟁이!",Thu Apr 23 07:52:03 +0000 2026,1743662318385594368,유메,yume__hanasaku,358,2,0,0,https://x.com/yume__hanasaku/status/2047221951509467468,ko,False,2026-06-29 00:07:26,한국,
2071261450656784405,메이투,와 메이투 기술력 머야,Sun Jun 28 15:56:26 +0000 2026,1988242474595479556,은랑🩷,eunrang3_s2_,590,1,0,0,https://x.com/eunrang3_s2_/status/2071261450656784405,ko,False,2026-06-29 00:07:11,한국,
2071251890952974379,메이투,"@se5n_cos 나 
“메이투 유료구독자”",Sun Jun 28 15:18:27 +0000 2026,1970148584029904896,Asxce,asxce012,36,1,0,1,https://x.com/asxce012/status/2071251890952974379,ko,False,2026-06-29 00:07:11,한국,
2071241670881054951,메이투,"메이투 분철 구합니다
혹시 제가 디엠 안 읽으면 댓글 주세요ㅜㅜ
바로 입금합니다
저 보정해야됩니다제발",Sun Jun 28 14:37:50 +0000 2026,1733830877774512129,🕶️,302bin,107,0,0,2,https://x.com/302bin/status/2071241670881054951,ko,False,2026-06-29 00:07:11,한국,
2071232043774836768,메이투,메이투 대체 어디까지 발전할것인가,Sun Jun 28 13:59:35 +0000 2026,2052778076866805760,선녀!,sunnyeoayo,902,0,0,0,https://x.com/sunnyeoayo/status/2071232043774836768,ko,False,2026-06-29 00:07:11,한국,
2071217714992230552,메이투,"@13lottemole 캬캬 우떠케 알앗지?!?!
장난이고
메이투&lt;&lt; 이분은 진짜 사랑인듯..🫰 https://t.co/v0FjEKtULG",Sun Jun 28 13:02:39 +0000 2026,1987759977294090240,갱갈이,gangariiii,78,0,0,1,https://x.com/gangariiii/status/2071217714992230552,ko,False,2026-06-29 00:07:11,한국,https://pbs.twimg.com/media/HL5xiF-aQAA_bAV.jpg
2071217207112286520,메이투,@l0bhz 길동이너무이뻐서 놀람…보정으로만 가능한 엉굴이라고 생각했는데 진짜 실물이 메이투 보정30분한겅로 생겨서 개충격먹음 /////,Sun Jun 28 13:00:38 +0000 2026,1904073045150728192,エッིྀ 엣,esxxcos,114,1,0,1,https://x.com/esxxcos/status/2071217207112286520,ko,False,2026-06-29 00:07:11,한국,
2071209178795057237,메이투,@milky_0_x 메이투+이비스(볼터치) 추천드려요!,Sun Jun 28 12:28:44 +0000 2026,1994987003512066054,ㅌㅊㅅ포솜,Posom_log,160,0,0,0,https://x.com/Posom_log/status/2071209178795057237,ko,False,2026-06-29 00:07:11,한국,
2071165025100664998,메이투,"★23만 인플루언 인생+보정 꿀팁📸

유튜브에서 한 인플루언서가
사진 잘 찍는 법과 보정법을
처음부터 끝까지 정리한 영상을 봤음.

① 카메라
1) 셀카: 아이폰 17프로 + 언샵 어플
   - 아이폰 자동 보정 누리끼리 톤 제거
2) 나머지: 기본 카메라 앱 사용

② 사진 잘 찍는 법
조명
1) 머리 바로 위 조명·해 → 사진 피하기
2) 비스듬하게 빛이 비칠 때가 가장 예쁨
3) 역광·반직광·직광 중 자기 얼굴에 맞는 거 찾기

각도·시선
1) 자기 얼굴에 맞는 각도 직접 파악하기
2) 남직사 시선: 렌즈보다 살짝 아래 보기
3) 거울샷: 카메라를 얼굴 방향으로 살짝 틀기

표정·포즈
1) 자연스러운 사진: 라이브포토·연사로 찍기
2) 쿨한 사진: 눈에 힘 빼고 입 살짝 벌리기
3) 턱은 살짝 당기기
4) 포즈는 비대칭으로 잡기
5) 부시시하고 메시한 느낌도 좋은 연출

레퍼런스
1) 찍고 싶은 사진 미리 모아두기
2) 촬영자에게 레퍼런스 보여주기

③ 보정법 (메이투 앱)
피부
1) 피부톤 밝기 올리되 웜톤 방향으로 조절
2) 주름 제거는 한 땀 한 땀 터치
   - 한 번에 밀면 자연스러운 그림자 사라짐
3) 코 경계선·머리카락·입술 밑 그림자 살살 제거

얼굴형 (슬림 기능)
1) 얼굴 라인 정리
2) 눈: 형태 유지하며 살짝만 넓히기
3) 코: 아래로 내리고 콧볼 안쪽으로 살짝
4) 입술: 말린 부분 밖으로 빼주기
5) 턱: 무턱 느낌 있으면 살짝 빼기
6) 인중: 비율 칸에서 살짝 줄이기

메이크업 (메이투 메이크업 기능)
1) 립: 누드 글로우 → 그레이더로 자연스럽게
2) 블러셔: 크림 컬러 살짝
3) 아이라이너: 소프트하게 눈매만 살짝 또렷하게

색감 (아이폰 기본 편집)
1) 노출: 살짝 올리기
2) 휘도: 살짝 내리기 (올드 아이폰 감성)
3) 밝기: 살짝 올리기
4) 온도: 사진 톤 보고 조절

④ 피드 관리
1) 피드 프리뷰 앱으로 미리 배치 확인

사진의 완성은 보정이며
인스타 속 예쁜 사진들은 모두
공들여 보정한 결과물이라고 함. 🥺

※ 눈·코·입 비율을 해치지 않는 선에서
보정해야 내 얼굴은 그대로인데
확 예뻐진 사진이 나온다고.",Sun Jun 28 09:33:17 +0000 2026,1683375355091120128,청산의달인,jk_sats,84829,1087,327,5,https://x.com/jk_sats/status/2071165025100664998,ko,False,2026-06-29 00:07:11,한국,https://pbs.twimg.com/media/HL3l_9sa0AA9HwY.jpg
2071101033074598371,메이투,@new_pupple 메이투 사랑해,Sun Jun 28 05:19:00 +0000 2026,1936618478095769600,뮬레 / 아코&코스페 (일),pinkmule_235,129,1,0,1,https://x.com/pinkmule_235/status/2071101033074598371,ko,False,2026-06-29 00:07:11,한국,
2071093257543766253,메이투,"메이투 해본 결과.
앞머리는 나의 영원한 적이며
난 따지자면 잘생긴 쪽인가바 https://t.co/tw5TAIzWL2",Sun Jun 28 04:48:06 +0000 2026,2014638877823401984,영E,xospirit_jj,388,13,0,0,https://x.com/xospirit_jj/status/2071093257543766253,ko,False,2026-06-29 00:07:11,한국,https://pbs.twimg.com/media/HL4AVFKbgAAtoYU.jpg
2071074012294451521,메이투,"생각할수록 황당하다
게임과 5남주에 애정갖고 해온 사람들이 꼴랑 20연이 아쉬울거같아?
이새끼들이 기존유저한테 사과하는척하면서 신규유저 미끼던지네
표독스럽게 메이투 돌린 와꾸로 자캐딸쳐서 여성유저 농락한 느그 추남 박색 사장이 직접 라이브 나와서 대가리박고 롤백해",Sun Jun 28 03:31:37 +0000 2026,1949390046303502336,야무 🌊,yamuyam39,476,17,3,0,https://x.com/yamuyam39/status/2071074012294451521,ko,False,2026-06-29 00:07:11,한국,
2071053139143426402,메이투,"@manbabaran ㄹㅇ요 프리셋 만들어두니가 진짜 개빨리되네요 휴,..,.,
사진사분들이 메이투 보정 안 좋아하시는 거 같아서
이보토 결제하고 쓰고 잇읍니다,.",Sun Jun 28 02:08:41 +0000 2026,1961556049795977219,백낙,baeknack,112,1,0,0,https://x.com/baeknack/status/2071053139143426402,ko,False,2026-06-29 00:07:11,한국,
2071044322804617348,메이투,"메이투 결제할까 고민중
ㄹ한번두 안써봣는데,, 플래시필터 써보고싳어서",Sun Jun 28 01:33:39 +0000 2026,2024178466586017792,✚,Soouen3,136,1,0,0,https://x.com/Soouen3/status/2071044322804617348,ko,False,2026-06-29 00:07:11,한국,
2071013459681239228,메이투,메이투 헤어기능 이거 진짜같다 https://t.co/W5ooVNKj0m,Sat Jun 27 23:31:01 +0000 2026,2052011957029638144,jaehee,jaeheei5ge,282683,4091,131,6,https://x.com/jaeheei5ge/status/2071013459681239228,ko,False,2026-06-29 00:07:11,한국,https://pbs.twimg.com/media/HL23wwZaAAAKq6_.jpg
2070904897541976484,메이투,메이투 보정100 아니고 진짜 이렇게 생긴거라고? https://t.co/3CUDhCSRnW,Sat Jun 27 16:19:37 +0000 2026,2025212854765584385,버번이,bbobboni8,94,0,0,0,https://x.com/bbobboni8/status/2070904897541976484,ko,False,2026-06-29 00:07:11,한국,
2070882705747951950,메이투,"메이투 분철 껴주세요
칼입금 가능합니다..🥹🥹",Sat Jun 27 14:51:26 +0000 2026,1423319668488499200,밫,HrTd_7,425,0,0,1,https://x.com/HrTd_7/status/2070882705747951950,ko,False,2026-06-29 00:07:11,한국,
2070869301423386692,메이투,@ahyun__0 이상하다 렌즈에 메이투 묻으신거 아닌지,Sat Jun 27 13:58:11 +0000 2026,1982805005574008832,레이 REI(6코페 양일),kageyamatoREi,116,0,0,0,https://x.com/kageyamatoREi/status/2070869301423386692,ko,False,2026-06-29 00:07:11,한국,
2070849595496935574,메이투,메이투 좋네 날 다른 사람 만들어주고 https://t.co/zS9un3zcDV,Sat Jun 27 12:39:52 +0000 2026,1211977807732981760,아쿠마다,x_aku_dayo_x,220,15,0,0,https://x.com/x_aku_dayo_x/status/2070849595496935574,ko,False,2026-06-29 00:07:11,한국,https://pbs.twimg.com/media/HL0iuoHbcAE46Ir.jpg
2070840509489467545,메이투,메이투 하실분~!! 한명 더 모집해용,Sat Jun 27 12:03:46 +0000 2026,2023263839916298240,맹고케이크|7서코양일,mangocakecos,189,0,0,0,https://x.com/mangocakecos/status/2070840509489467545,ko,False,2026-06-29 00:07:11,한국,
2070831400933269817,메이투,"헉 저한테도 이런 스핀이 와보는군녀..///
사실 별건 없고 타바에서 산 쉐딩이랑 독일에서 산 하라를 쓰는데 사진에선 별로 티가 나지않아가지구 보정할때 메이투-&gt;메이크업-&gt;윤곽에서 '남고' 애용합니당 
진짜 정말 단순히 보정... https://t.co/LNV0rOwHC6",Sat Jun 27 11:27:34 +0000 2026,1743642610852614144,청운淸雲,BlueCloud_cos,559,2,0,0,https://x.com/BlueCloud_cos/status/2070831400933269817,ko,False,2026-06-29 00:07:11,한국,
2070827901143208309,메이투,"당연히 죽기전에 축고정렌즈, c컬로 말은
레이어드컷 , 메이투 유로기능 ,혀얇골넓,
모두 하고 찍을겨",Sat Jun 27 11:13:40 +0000 2026,1910591747211886592,🀢,shougirlfriend,473,0,0,0,https://x.com/shougirlfriend/status/2070827901143208309,ko,False,2026-06-29 00:07:11,한국,
2070814377608171815,메이투,@monaforkoke 메이투 어플로 콜라주 기능으로 할 수 있구 최애 구절판 사이트 있는데 링크 공유드릴게용!!,Sat Jun 27 10:19:56 +0000 2026,2057392705345667072,bori🍀,borudoru1008,295,0,0,1,https://x.com/borudoru1008/status/2070814377608171815,ko,False,2026-06-29 00:07:11,한국,
2070781019230486590,메이투,"메이투 분철 모집합니닷 (아이폰)

13개월 16000원 
한분 구해요!!
구해지면 바로 구매 할게요",Sat Jun 27 08:07:22 +0000 2026,2028467826294751232,은냥이💞,jjung_o29,1009,0,0,2,https://x.com/jjung_o29/status/2070781019230486590,ko,False,2026-06-29 00:07:11,한국,
2070729164077092987,메이투,"나 이 사진 조아
메이투 어띃게 햇냐 https://t.co/7WtwRZrjtu",Sat Jun 27 04:41:19 +0000 2026,1962867124139102208,m.ᐟn,hxmazi,420,26,0,0,https://x.com/hxmazi/status/2070729164077092987,ko,False,2026-06-29 00:07:11,한국,https://pbs.twimg.com/media/HLy1MrQboAAxyKW.jpg
2070727993786597477,메이투,@mika3_3b 미카님 🥹🔥💕💕 저 비록 차가운 메이투 위에 누워서 보정한거지만 칭찬해주시니 기쁘네오옹..🩵,Sat Jun 27 04:36:40 +0000 2026,1964333694828892164,한수지 スジ,ss2001_s2,185,0,0,1,https://x.com/ss2001_s2/status/2070727993786597477,ko,False,2026-06-29 00:07:11,한국,
2070647227794760000,메이투,"메이투 분철 모집합니다 

모집하면 구매예정 ~13개월 
16000원 (1/3)

아이폰이고 ai 이미지 생성 x 
2명 모집 디엠주세요!",Fri Jun 26 23:15:44 +0000 2026,1184482007272706048,양도,sellsellsell_s,923,1,0,2,https://x.com/sellsellsell_s/status/2070647227794760000,ko,False,2026-06-29 00:07:11,한국,
2070538236506886536,메이투,메이투 카메라 별론데 뭔가 흐리멍텅해 https://t.co/8bf3wzFRGO,Fri Jun 26 16:02:38 +0000 2026,1661649052554113024,nes,nessierkive,170,1,0,0,https://x.com/nessierkive/status/2070538236506886536,ko,False,2026-06-29 00:07:11,한국,https://pbs.twimg.com/media/HLwHiwTbYAA8m7c.jpg
2070533313224487352,메이투,김준서 ㅈㅉ 개어이없다 내가 따로 보정한 것도 아니고 은혜로우신 분의 선녀영상 캡쳐만 한건데 무슨 메이투 보정 빡세게 갈긴 얼굴이라 개쳐화나네 https://t.co/DCrXzL5uSX,Fri Jun 26 15:43:05 +0000 2026,1239453700227137536,쭌첼🍒,jjun_cherry,1690,79,4,1,https://x.com/jjun_cherry/status/2070533313224487352,ko,False,2026-06-29 00:07:11,한국,https://pbs.twimg.com/media/HLwDEvQaEAAHglo.jpg
2070507935097368774,메이투,@miraimikii 요즘 다 메이투 돌려서 사람되던데 그게 문제인가요?,Fri Jun 26 14:02:14 +0000 2026,1848189458388221952,🥥,cocon9t,291,0,0,0,https://x.com/cocon9t/status/2070507935097368774,ko,False,2026-06-29 00:07:11,한국,
2070499299897798932,메이투,"메이투 가서 얼굴 줄이기랑 피부 보정 안한 얼굴이라고?
구라치치마 진짜로",Fri Jun 26 13:27:55 +0000 2026,1839280840209256448,상상그이상,sangsanghigher,487,0,0,0,https://x.com/sangsanghigher/status/2070499299897798932,ko,False,2026-06-29 00:07:11,한국,
2070485234500743672,메이투,"핰ㅋㅋㅋㅋㅋㅋㅋㅋㅋ♡♡
메이투.. 빠순이들을 위해 또 열일햇구나..복복 https://t.co/8XBOPADgBo",Fri Jun 26 12:32:02 +0000 2026,2022215464840310791,툐툐,sionmybunny,553,13,2,0,https://x.com/sionmybunny/status/2070485234500743672,ko,False,2026-06-29 00:07:11,한국,
2070484165326209265,메이투,"실시간 영상 및 스토리 필터 (실시간 변신용)촬영하는 동안 실시간으로 얼굴을 완전히 바꿔주는 앱입니다. 영상 속 트렌드를 그대로 재현할 수 있습니다.Meitu (메이투): 도우인(Douyin) 스타일의 필수 앱입니다.필터 추천: 카메라 기능에서 ""3D 쉐이핑(3D 리셰이프)"" 또는 **""아이돌 룩""**을 검색하세요.효과: 실시간으로 턱선을 밀리미터 단위로 줄이고, 눈을 키우며, 코를 높여주는 극적인 효과를 줍니다.BeautyPlus (뷰티플러스): 전 세계적으로 사용하기 쉬운 강력한 뷰티 앱입니다.필터 추천: ""앞머리(Bangs)"" 필터와 ""K-Pop 글로우"" 프리셋을 조합해 보세요.효과: 실시간으로 피부를 완벽하게 보정하고 얼굴을 자동으로 갈음하게 만들어 줍니다.TikTok (틱톡): 삼성 스마트폰에서도 매우 강력하게 작동하는 필터들이 많습니다.필터 추천: 이펙트 검색창에 ""글로우 룩(Glow Look)"", ""만화 눈(Manga Eyes)"" 또는 직접 **""장원영""**을 검색해 보세요.효과: 얼굴형을 즉각적으로 바꾸고, 반짝이는 K-Pop 특유의 아이 메이크업을 자동으로 입혀줍니다.영상 후편집용 (촬영 후 KI 보정)영상을 필터 없이 (메이크업과 앞머리만 세팅하고) 먼저 촬영한 뒤, 편집 앱의 AI 기능으로 보정하는 방법입니다. 필터 깨짐 현상이 적어 훨씬 자연스럽습니다.CapCut (캡컷): 안드로이드에서 가장 뛰어난 AI 뷰티 보정 기능을 제공합니다.사용법: 영상을 불러온 뒤, 클립을 누르고 ""인물 보정(Enhance)"" 메뉴를 선택합니다.효과: ""얼굴"" 메뉴에서 턱선을 극도로 슬림하게 만들 수 있으며, ""메이크업"" 기능을 통해 장원영 스타일의 립과 속눈썹을 영상에 그대로 입힐 수 있습니다.Wink (윙크 - Meitu 개발): 영상 보정에 특화된 전문 AI 앱입니다.사용법: ""동영상 보정(Video Retouching)"" 기능을 사용하세요.효과: 크리에이터들 사이의 숨은 꿀팁 앱입니다. 빠른 움직임이나 포즈 변화에도 AI가 얼굴을 놓치지 않고 안정적으로 슬림하게 유지해 줍니다.친구분을 위한 중요한 조언 (팁):조명이 가장 중요합니다: AI 필터는 얼굴의 음영과 윤곽을 인식합니다. 어두운 곳에서 촬영하면 포즈를 바꿀 때 필터가 끊기거나 흐려지는 '글리치(버그)' 현상이 생깁니다. 링라이트(조명)는 필수입니다.가장 완벽한 순서: 먼저 실제로 메이크업을 하고, 앞머리를 붙이고, 의상을 입은 상태에서 영상을 촬영하세요. 그 다음 CapCut이나 Wink 앱을 통해 마지막 'AI 필터 효과'를 입히는 것이 가장 프로페셔널하고 정교해 보입니다.",Fri Jun 26 12:27:47 +0000 2026,1894622768,brandon merger,BMerger,702,0,0,0,https://x.com/BMerger/status/2070484165326209265,ko,False,2026-06-29 00:07:11,한국,
2070439034451894608,메이투,와 메이투 결제했을까?,Fri Jun 26 09:28:27 +0000 2026,1327963246406451201,틴,ghettodaewang,4651,15,3,0,https://x.com/ghettodaewang/status/2070439034451894608,ko,False,2026-06-29 00:07:11,한국,
2070412647745405357,메이투,bts도 메이투 유료결제해서 쓰나봐,Fri Jun 26 07:43:36 +0000 2026,1679067144687095809,이름,zhp9kx,410,0,0,0,https://x.com/zhp9kx/status/2070412647745405357,ko,False,2026-06-29 00:07:11,한국,
2070373218553401783,메이투,@d_mooie 아니야 언니 나는 후가공을 엄청나게 해 ㅋㅋㅋㅋㅋㅋ ㅠㅠ 메이투 정기 구독자 나야나 ｡｡｡ ⌒.⌒v,Fri Jun 26 05:06:55 +0000 2026,1990707884917940224,설 ˚ෆ*₊,antifreezsz,169,0,0,1,https://x.com/antifreezsz/status/2070373218553401783,ko,False,2026-06-29 00:07:11,한국,
2070282839342629148,메이투,와 어떻게함 좀 배우고싶다 메이투 유료 쓰라는데 그거 약관에 개인정보 국외이전 외에 중국어플이라 정부에서 요청하면 언제든지 사용된다는거보고 쫄아서 영원히 안씀 ㅆㅂ,Thu Jun 25 23:07:47 +0000 2026,1581412080754003968,삥기,BBinggill,989,0,0,0,https://x.com/BBinggill/status/2070282839342629148,ko,False,2026-06-29 00:07:11,한국,
2070234805787381943,메이투,아 근데 포토샵 노이즈제거랑 아이폰 노이즈제거랑 메이투 노이즈 제거랑 효과 못느끼겟는데 라룸이 젤 좋나요?,Thu Jun 25 19:56:55 +0000 2026,1964683587112034304,세삼,xihan_17,282,1,0,0,https://x.com/xihan_17/status/2070234805787381943,ko,False,2026-06-29 00:07:11,한국,
2070178482886418823,메이투,"메이투 분철 모집합니다 

모집하면 구매예정 ~13개월 
16000원 

아이폰 
2명 모집 디엠주세요!",Thu Jun 25 16:13:07 +0000 2026,1317722782365437953,메로나,yunyunmi0574,14274,1,1,1,https://x.com/yunyunmi0574/status/2070178482886418823,ko,False,2026-06-29 00:07:11,한국,
2070177036472352983,메이투,"메이투 유료 분철 타고 싶습니당!
구하시는 분 디엠 주세요 🥺🥺",Thu Jun 25 16:07:22 +0000 2026,1111436270,VISUAL💫,1995_visual,1051,0,0,1,https://x.com/1995_visual/status/2070177036472352983,ko,False,2026-06-29 00:07:11,한국,
2070117362779721952,메이투,근데 ㅈㄴ궁금한거 만화는 ㄱㅊ은데 왜 애니로 넘어오면서 모든 작화를 메이투 100 안면비대칭100 돌린것처럼 만드는거임? 걍 ㅊ하지자 라고말하고싶다,Thu Jun 25 12:10:14 +0000 2026,1763257199672135680,이민혁,fuckinoranga,1460,5,0,0,https://x.com/fuckinoranga/status/2070117362779721952,ko,False,2026-06-29 00:07:11,한국,
2070111156673651034,메이투,@lovelykisu0728 기수옵 50이라 메이투 모를것같은데 ㅎㅎ,Thu Jun 25 11:45:35 +0000 2026,1923662997299527684,소내(상태:유명한사람),sonaeivz,33,1,0,1,https://x.com/sonaeivz/status/2070111156673651034,ko,False,2026-06-29 00:07:11,한국,
2070108570952368242,메이투,"@nyung1209 메이투 pc 한글 지원 안하는거 넘 아쉬움...ㅜㅅㅜ
근데 마이크로소프트로 다운하면 된다 함",Thu Jun 25 11:35:18 +0000 2026,1849258238291984384,하늘,hnlr3162,177,1,0,1,https://x.com/hnlr3162/status/2070108570952368242,ko,False,2026-06-29 00:07:11,한국,
2070093062278414729,메이투,메이투 배경확장기능 밤티임 어떻해 https://t.co/TpAhbVhl2W,Thu Jun 25 10:33:41 +0000 2026,1500503257747456002,𝗙𝗿𝗼𝗺,fromzyzy,9469,18,0,1,https://x.com/fromzyzy/status/2070093062278414729,ko,False,2026-06-29 00:07:11,한국,https://pbs.twimg.com/media/HLpyqj-aAAAIvk2.jpg
2070079077613273557,메이투,"아 이것쫌 양심의 가책이 느껴지는데요
메이투 첨써서 너무신나서 보정을 너무해버림",Thu Jun 25 09:38:06 +0000 2026,1938960179909009409,미미,kimmimizzangg,476,13,0,0,https://x.com/kimmimizzangg/status/2070079077613273557,ko,False,2026-06-29 00:07:11,한국,
2070069870809764276,메이투,"일단 트친들 다 외워두고 있진 않아서 
그리고 내가 ai를 싫어한다해서 남에게 ai를 쓰지말라고 강요하지않음 
허나 최근 사건은 남의 코스사진에 본인얼굴 ai로 돌려넣은 도용이라 제가 더 ai가 싫다고 말한겁니다
ai 메이투... https://t.co/ukp7RNph5V",Thu Jun 25 09:01:31 +0000 2026,1540940595396415488,식코,sigco_0X,3446,21,0,0,https://x.com/sigco_0X/status/2070069870809764276,ko,False,2026-06-29 00:07:11,한국,
2070037044093665286,메이투,@1995_visual 안녕하세요! 메이투 유료 결제할려고하는데 같이 하실생각 잇으실까용...,Thu Jun 25 06:51:05 +0000 2026,1694009184390631424,진냥2,1x0KK5,1819,1,0,0,https://x.com/1x0KK5/status/2070037044093665286,ko,False,2026-06-29 00:07:11,한국,
2070021283308531800,메이투,메이투 pc로 쓰고싶은데 한국어 지원을 안함......ㅠㅠㅠㅠㅠㅠㅠㅠㅠㅠ,Thu Jun 25 05:48:27 +0000 2026,1770945371977715712,쀅⛩️🍡,nyung1209,402,12,0,1,https://x.com/nyung1209/status/2070021283308531800,ko,False,2026-06-29 00:07:11,한국,
2070019231106863225,메이투,@Su_snap 으아아아 이보토 메이투 둘다 하고싶어지네요,Thu Jun 25 05:40:18 +0000 2026,1997929527134339072,리쿠 りく,licu_02,486,0,0,1,https://x.com/licu_02/status/2070019231106863225,ko,False,2026-06-29 00:07:11,한국,
2070013324507660521,메이투,@MUPA_cos 이보토랑 메이투 중에 고민중이었는데 메이투도 꽤 좋나보군요... 사람 구해서 나눠서 결제해야겠어요,Thu Jun 25 05:16:50 +0000 2026,1997929527134339072,리쿠 りく,licu_02,482,0,0,1,https://x.com/licu_02/status/2070013324507660521,ko,False,2026-06-29 00:07:11,한국,
2069986366734405789,메이투,"최근 미디어가 전부 코스 사진이라니...
하지만 어느 것 하나 제 얼굴은 아닙니다
고마워요 메이투!",Thu Jun 25 03:29:42 +0000 2026,1132980360562659330,슈타듀밸리,shutardewvalley,152,1,0,0,https://x.com/shutardewvalley/status/2069986366734405789,ko,False,2026-06-29 00:07:11,한국,
2070024866267582700,meitu,@Luckyfish_16 일단 Meitu 다운로드했어ㅋㅋㅋㅋ,Thu Jun 25 06:02:41 +0000 2026,2910817537,みづき미즈키,xxxsmjkxxx,74,0,0,1,https://x.com/xxxsmjkxxx/status/2070024866267582700,ko,False,2026-06-29 00:06:54,한국,
2069633163715064033,meitu,"@dong1sbeauty 허헉 동일쿤  !! ! ! ! ! ! ! ㅠㅠ ,,,
나노단위 칭찬퍼주는여자 뭐지요
나이러면일이손에안잡히지 .. ... ... 부끄럽지 막 ..
...
..
(사실네일은짜가입니다. thx to meitu.)",Wed Jun 24 04:06:12 +0000 2026,2050042301872041984,Guri,Gur2ring,25,0,0,0,https://x.com/Gur2ring/status/2069633163715064033,ko,False,2026-06-29 00:06:54,한국,
2038569870137417832,뷰티캠,"#광고 

#뷰티캠 기능으로 디카나 세컨폰 없이도 #DSLR #필카 느낌나게 온도, 색조, 노출 조절하면서 사진 찍을 수 있는 거 ‼️ 완전 고능함 . . . 😁💞다들 한 번씩 꼬옥 써봤으면 합니다 🫵🏻📸 https://t.co/TO0vCGYjuQ",Mon Mar 30 10:51:46 +0000 2026,1415684350016819211,𝘔𝘪𝘯,L0yaV2,3539,24,7,0,https://x.com/L0yaV2/status/2038569870137417832,ko,False,2026-06-25 00:06:07,한국,https://pbs.twimg.com/media/HEp0fWlbEAArWlu.jpg
2038560859195363393,뷰티캠,"#광고

베트남 여행 내내 함께한 뷰티캠 📷
DSLR, 필름카메라 느낌 필터가 진짜 자연스럽게 입혀져서 그냥 찍기만 해도 분위기가 완성된다 ! 

여행 기록 남기기 딱 좋은 카메라 앱 

필터가 튀지 않고 자연스럽게 스며드는 느낌이라 데일리로 쓰기에도 부담 없을 것 같아

#뷰티캠 #DSLR #필카 https://t.co/7HzTJ5OEpT",Mon Mar 30 10:15:58 +0000 2026,1216660561393381376,foggy,foooooooggy,2016,4,1,0,https://x.com/foooooooggy/status/2038560859195363393,ko,False,2026-06-25 00:06:07,한국,https://pbs.twimg.com/media/HEpsS2rbQAAtyW3.jpg
2038555302501695570,뷰티캠,"#광고 @beautycam_kr

오억짜리 디카와 필름카메라 사기 아까우신분. . 

뷰티캠으로 찍기만 했더니 모든 사진을 2000년대의 감성사진으로 만들어 줌 🎞️📷

#뷰티캠 #DSLR #필카 https://t.co/9PSp6BoSyF",Mon Mar 30 09:53:53 +0000 2026,1595414396943355904,mygo,huiloenu,7368,20,5,1,https://x.com/huiloenu/status/2038555302501695570,ko,False,2026-06-25 00:06:07,한국,https://pbs.twimg.com/media/HEpnPaIbMAASnid.jpg
2069927321977729031,메이투,메이투 유료 쓰시는 분들 계신가요 돈값하나용???,Wed Jun 24 23:35:05 +0000 2026,1997929527134339072,리쿠 りく,licu_02,14,0,0,0,https://x.com/licu_02/status/2069927321977729031,ko,False,2026-06-25 00:05:50,한국,
2069920181565198618,메이투,"메이투 기능중 요즘 자주 쓰는 기능
얼굴 주변 립테잎이나 
가발이 넘어가서 망보일때 써도 
지우기보다 자연스럽게 연출됨",Wed Jun 24 23:06:43 +0000 2026,1827715548786122752,생각이읍습니다,nothingno126,447,0,0,0,https://x.com/nothingno126/status/2069920181565198618,ko,False,2026-06-25 00:05:50,한국,
2069810380621467900,메이투,@eueng33442 으엥님두 심심하시면 메이투 깔아서 콜라주 해보세요! 기여운거 왕 많아요🩷,Wed Jun 24 15:50:24 +0000 2026,1213458061475512320,마고,wave_mago,40,1,0,1,https://x.com/wave_mago/status/2069810380621467900,ko,False,2026-06-25 00:05:50,한국,
2069804291066634272,메이투,"묘하게 나같은데 묘하게 내가 아닌사람 만듬
아 가끔씩 메이투 기능 한개씩 돌려보면 재밌단말이지
생각보다 인식을 너무 잘해서 놀람...
기술이...이렇게 좋아졌다고?
내얼굴을...인식한다고??",Wed Jun 24 15:26:12 +0000 2026,2005576044976513024,Mei,Mei_cos10,87,4,0,0,https://x.com/Mei_cos10/status/2069804291066634272,ko,False,2026-06-25 00:05:50,한국,
2069803979383661007,메이투,메이투 이 미친것 https://t.co/7SJdy6XM5L,Wed Jun 24 15:24:58 +0000 2026,2005576044976513024,Mei,Mei_cos10,907,105,11,4,https://x.com/Mei_cos10/status/2069803979383661007,ko,False,2026-06-25 00:05:50,한국,https://pbs.twimg.com/media/HLlrvzOWoAAyRoI.jpg
2069803658192338986,메이투,"탐넘에서 보고 메이투 깔앗는데
기여음 https://t.co/tsgW6mx3EK",Wed Jun 24 15:23:41 +0000 2026,1213458061475512320,마고,wave_mago,83,5,1,3,https://x.com/wave_mago/status/2069803658192338986,ko,False,2026-06-25 00:05:50,한국,https://pbs.twimg.com/media/HLlrdV7WUAImQ-m.jpg
2069798379052503501,메이투,"티친들을 위해 공유
메이투 ai 진짜 이뿌게 나와요
다들 최애랑 같이 돌려보세얌 https://t.co/dqzgHR6jqk",Wed Jun 24 15:02:43 +0000 2026,2051877007101992960,유아,yuaooua,492,17,0,4,https://x.com/yuaooua/status/2069798379052503501,ko,False,2026-06-25 00:05:50,한국,https://pbs.twimg.com/media/HLlmp2jboAAJUgi.jpg
2069782697963409456,메이투,"메이투 처음 써봤는데 
그냥 내가 아닌데…? 
왜 사람들이 메이투 쓰는지 알 것 같음 https://t.co/HKiISMjMen",Wed Jun 24 14:00:24 +0000 2026,1979359231913684992,슬,thecolorsense_,1136,14,0,3,https://x.com/thecolorsense_/status/2069782697963409456,ko,False,2026-06-25 00:05:50,한국,https://pbs.twimg.com/media/HLlYY_9bMAAsL01.jpg
2069772399474819072,메이투,카메라 캐논 익서스107이고 색감 후보정은 따로 안했어요! 보정어플은 메이투 스노우 다 섞어써요 https://t.co/0uNYLaWv1g,Wed Jun 24 13:19:29 +0000 2026,1802196509129363456,릿코,xiverez,775,1,0,0,https://x.com/xiverez/status/2069772399474819072,ko,False,2026-06-25 00:05:50,한국,
2069762178677346341,메이투,@meitu_kr 헉 댓글 이제봣어요 ㅠ 메이투 너무 조아요~~!! 🥰🫶,Wed Jun 24 12:38:52 +0000 2026,2056285801118609408,미량,mimiyy44,60,1,0,0,https://x.com/mimiyy44/status/2069762178677346341,ko,False,2026-06-25 00:05:50,한국,
2069731123513696540,메이투,"얘들아 나 이제 메이투 배웠고
나 이제 좀 더 멋진 후기를 낋여올수있어
가보자고 코덕의 길 https://t.co/LDWGHByDRo",Wed Jun 24 10:35:28 +0000 2026,2034173862620139520,하자자☘️,hajaja0000,72,0,0,0,https://x.com/hajaja0000/status/2069731123513696540,ko,False,2026-06-25 00:05:50,한국,https://pbs.twimg.com/media/HLkpfMdbUAAdST5.jpg
2069728177619177865,메이투,"메이투 유료 분철 타고 싶습니당!
구하시는 분 디엠 주세요 🥺🥺",Wed Jun 24 10:23:45 +0000 2026,1111436270,VISUAL💫,1995_visual,164,1,0,0,https://x.com/1995_visual/status/2069728177619177865,ko,False,2026-06-25 00:05:50,한국,
2069719284067221684,메이투,"나 총대병말기라 라프텔, 티빙, 애플뮤직, 스위치온라인, 메이투 싹다 내가총대하고인원모음 ㅠㅠ 이거고치는법아시는분",Wed Jun 24 09:48:25 +0000 2026,1731017864935784448,밍,onlymming,240,0,0,0,https://x.com/onlymming/status/2069719284067221684,ko,False,2026-06-25 00:05:50,한국,
2069712188387078288,메이투,"@zzamssun666 @kulkulZzsleep ㅈㄴ좋음 1일 310원인데 카카어페이포인트로 사서 공짜엿음 )나는)
와우 핵좋네 와 맹채연이 올린 메이투로 포샵하는 영상 보고 따라해 봤는데 핵지리네 미쳣네 셀카보정하는날마다 메이투 310원어치 걀제해서 ㅈㄴ야무지게뽀샵하고살아야지 와 대박",Wed Jun 24 09:20:13 +0000 2026,1861486427537838080,당고,Dongg0z,90,1,0,0,https://x.com/Dongg0z/status/2069712188387078288,ko,False,2026-06-25 00:05:50,한국,
2069692090301485411,메이투,선우 속눈썹 봐………………….. 이게 진짜. 리얼이라니 메이투 보정이 아니라니 https://t.co/TUsestHHzw,Wed Jun 24 08:00:22 +0000 2026,1989609907038089216,…땡,ddaaengq,120,1,0,0,https://x.com/ddaaengq/status/2069692090301485411,ko,False,2026-06-25 00:05:50,한국,https://pbs.twimg.com/media/HLkF-7RWEAAIM_4.jpg
2069663424750264375,메이투,"메이투 분철하실 분 계시나요
인당 만육천 13개월",Wed Jun 24 06:06:27 +0000 2026,1713216973763686400,평,code_zr,295,0,0,1,https://x.com/code_zr/status/2069663424750264375,ko,False,2026-06-25 00:05:50,한국,
2069622869940985975,메이투,"왜 AI 처럼 보이냐고 하시면 우선 전 머리가 개푸석해서 그 머리 윤기 기능을 씁니다  메이투 그리고 하 말도 하기 싫다 그냥 조명 3개쓰고 색감 보정하면 다 그렇게 보이죠

(근데 아무도 그런 소리 안함)

그리고 전 갤럭시 유저입니다 ㅠㅠㅠ

시털 아이폰 사주던지 https://t.co/z80qb8AKxu",Wed Jun 24 03:25:18 +0000 2026,1979023815100530688,유니,yuni032598,1113,12,0,4,https://x.com/yuni032598/status/2069622869940985975,ko,False,2026-06-25 00:05:50,한국,https://pbs.twimg.com/media/HLjHB9IasAAHcRy.jpg
2069621387640340839,메이투,@an_nyase_yo 메이투 vip 타오바오에서 구매하시면 분철보다 훨씬 싸요..!,Wed Jun 24 03:19:25 +0000 2026,1735306299565645824,머삐,muffi_S2,218,0,0,1,https://x.com/muffi_S2/status/2069621387640340839,ko,False,2026-06-25 00:05:50,한국,
2069620561169596893,메이투,메이투 분철 구하고 싶은데 같은 기종끼리만 되나요?? 두 기종 다 있긴 하지만 메인은 갤럭시라 고민이 되. 근데 찾아보면 갤럭시랑 아이폰이랑 상관없이 3대라고 해서 그냥 드갈까싶기도 하구.,Wed Jun 24 03:16:08 +0000 2026,1765927843543097344,세냐,an_nyase_yo,447,0,0,1,https://x.com/an_nyase_yo/status/2069620561169596893,ko,False,2026-06-25 00:05:50,한국,
2069606523484139923,메이투,"아니 즈위 왼얼사 오얼사 중요하지가 않은게
일단 애가 턱이 썰려서 메이투 100의 얼굴이되는데 하 ㅠ https://t.co/i9AZZ1ICxb",Wed Jun 24 02:20:21 +0000 2026,1959270749954596864,마음이,woshiziyu_,540,24,0,0,https://x.com/woshiziyu_/status/2069606523484139923,ko,False,2026-06-25 00:05:50,한국,https://pbs.twimg.com/media/HLi4KTLagAAE-Tn.jpg
2069577735241097485,메이투,그리고 저기에 총독오빠의 스노우 b612 메이투 틱톡필터 총동원한 자체보정까지 아 그러니까 백야차를 쭝얼쭝얼거릴만 하지…,Wed Jun 24 00:25:57 +0000 2026,2014177401610305536,tk,soplzrealize,162,1,2,0,https://x.com/soplzrealize/status/2069577735241097485,ko,False,2026-06-25 00:05:50,한국,
2069567508537868575,메이투,아니 진짜 메이투 플래시 기능 미친듯 https://t.co/2F1XqWrlkX,Tue Jun 23 23:45:19 +0000 2026,1810310213226156032,0,youngiesuh,1341,27,1,1,https://x.com/youngiesuh/status/2069567508537868575,ko,False,2026-06-25 00:05:50,한국,https://pbs.twimg.com/media/HLiUrXuW8AAw-Ow.jpg
2069470307652649212,메이투,하 핸드폰은 아웃포커스 넣으면 메이투 보정ㅇ에서 자동피사체잡고 자동배경흐리게 100넣은것같아서 왤케 구리냐 나 팬포커스 실ㄹ은데 갑자기 팬포커스 좋아요 됨,Tue Jun 23 17:19:04 +0000 2026,1964683587112034304,세삼,xihan_17,140,0,0,0,https://x.com/xihan_17/status/2069470307652649212,ko,False,2026-06-25 00:05:50,한국,
2069435200833208728,메이투,실수로 메이투 구독안끊어서 내전재산의반이날라갔고 이표정으로 청구서 멍하니응시함 https://t.co/kHT7TlOb4U,Tue Jun 23 14:59:34 +0000 2026,2039112413010907136,쨤뺘이썅노,1cxi90,160,2,1,0,https://x.com/1cxi90/status/2069435200833208728,ko,False,2026-06-25 00:05:50,한국,https://pbs.twimg.com/media/HLgcWI3a8AARceb.jpg
2069422517568389439,메이투,아니 진짜 들어보세요 오늘따라 후우라카나토가 뽀용. 순두부. 필터뽀용. 이라니까? 얘 메이투 푸디 소다 스노우 유라이크 한게 틀림x,Tue Jun 23 14:09:10 +0000 2026,1718974478728966144,ののっく,nongno_nokk,1084,2,1,0,https://x.com/nongno_nokk/status/2069422517568389439,ko,False,2026-06-25 00:05:50,한국,
2069410608995557445,메이투,"메이투 분철 (아이폰) 구합니다!

13개월 인당 1.8 
디엠 주세요 🙇🏻‍♀️",Tue Jun 23 13:21:51 +0000 2026,2050171854204329984,pink,prizmever,1356,6,0,1,https://x.com/prizmever/status/2069410608995557445,ko,False,2026-06-25 00:05:50,한국,
2069339381148836090,메이투,"메이투 깔앗다고 또 혼나는데? 이게뭐지
공부하려고 굳이굳이 깨어잇엇으면 공부를해야지 그런걸 다운받냐고 잔소리들음",Tue Jun 23 08:38:49 +0000 2026,1994038426337988608,just a little bit slow 토르스,torrrrrs,177,0,0,1,https://x.com/torrrrrs/status/2069339381148836090,ko,False,2026-06-25 00:05:50,한국,
2069335915273810012,메이투,"메이투 아이폰 분철 구해요!!

‼️2명 구해요
‼️인당 16,000원

분철 하실 분 연락주세요!
https://t.co/r2ysdq7GtC

#메이투 #메이투분철 #메이투vip",Tue Jun 23 08:25:03 +0000 2026,1541110030237175808,들,_jjj_mm,734,1,0,1,https://x.com/_jjj_mm/status/2069335915273810012,ko,False,2026-06-25 00:05:50,한국,
2069304062169014275,메이투,"우진이랑 루이 착하다
나였으면 빡쳐서 ㅣ
저 눈감은 사진 왜 올려요?!
메이투 눈 키우기로 키워서라도 올리셨어야죠
했을뜻..",Tue Jun 23 06:18:28 +0000 2026,2042963728585625600,ㅇ,xksnxr,426,1,0,0,https://x.com/xksnxr/status/2069304062169014275,ko,False,2026-06-25 00:05:50,한국,
2069105359961333819,메이투,메이투 얼굴 보정 해주는거 미쳣구나 넘 조타 결제는 안할거지만 https://t.co/jNRGWaSX1E,Mon Jun 22 17:08:54 +0000 2026,2023281950170165248,삐―૮ᴗ͈ . ᴗ͈ ྀིა,imysajin,232,1,0,1,https://x.com/imysajin/status/2069105359961333819,ko,False,2026-06-25 00:05:50,한국,https://pbs.twimg.com/tweet_video_thumb/HLbwWp6a0AAEKvj.jpg
2069068828341137620,메이투,메이투 좋긴 한데 백도어 있대서 지움,Mon Jun 22 14:43:44 +0000 2026,1360552891379982343,ꪔ̤̫미소,sky_MisoBaechu,370,0,0,0,https://x.com/sky_MisoBaechu/status/2069068828341137620,ko,False,2026-06-25 00:05:50,한국,
2069031908202463704,메이투,메이투 플래시 미쳤을까?  #일상 #셀카 https://t.co/4WsXL7nEk9,Mon Jun 22 12:17:02 +0000 2026,1724644046285799424,meow,Claire91872838,234,2,0,0,https://x.com/Claire91872838/status/2069031908202463704,ko,False,2026-06-25 00:05:50,한국,https://pbs.twimg.com/media/HLatgLvbAAAiHcW.jpg
2069003196119560215,메이투,"문명을 새로 배우니까
재밌네...맞아오 저 어제 막 메이투 배웠어요 https://t.co/FxbSXkBXGK",Mon Jun 22 10:22:56 +0000 2026,862699585717784576,KDD/김뚜뚜,KDD_cos,604,26,4,3,https://x.com/KDD_cos/status/2069003196119560215,ko,False,2026-06-25 00:05:50,한국,https://pbs.twimg.com/media/HLaTcSzagAAGJdT.jpg
2068992572517994507,메이투,다른것보다 메이투 색감이 너무 좋아서 만족스럽다,Mon Jun 22 09:40:43 +0000 2026,862699585717784576,KDD/김뚜뚜,KDD_cos,224,1,0,0,https://x.com/KDD_cos/status/2068992572517994507,ko,False,2026-06-25 00:05:50,한국,
2068964528860397727,메이투,@exnuor 렌즈는 메이투 보정으로 넣었던거에요!! 🥹,Mon Jun 22 07:49:17 +0000 2026,1800810156084879360,이윰 (트친소),2_yum_,269,0,0,0,https://x.com/2_yum_/status/2068964528860397727,ko,False,2026-06-25 00:05:50,한국,
2068960433239892389,메이투,@B_Coco_ 이게 바로 메이투 유료결제필터의 힘이군요,Mon Jun 22 07:33:01 +0000 2026,862699585717784576,KDD/김뚜뚜,KDD_cos,209,1,0,0,https://x.com/KDD_cos/status/2068960433239892389,ko,False,2026-06-25 00:05:50,한국,
2068935052541726999,메이투,@KyuRin_Q 저도 메이투 씁니다!,Mon Jun 22 05:52:10 +0000 2026,2058496108993863680,Ki,KiForCos,281,0,0,0,https://x.com/KiForCos/status/2068935052541726999,ko,False,2026-06-25 00:05:50,한국,
2068930998931501248,메이투,"궁금한 사람들 있을까봐 적어보는 😉
저는 메이투 라는 어플로 사진 편집 합니다 
콜라주 들어가서 사진 2개 이상 누르면 포스터 라는 카테고리가 생기는데 이쁜 프레임 많아서 애용 하고 있어요
저는 유료 구독 안하고 무료로 이용하고 있습니다 무료 프레임도 이쁘고 좋아요 
⭐️추천추천⭐️ https://t.co/bTBsjaaGP2",Mon Jun 22 05:36:03 +0000 2026,2056285801118609408,미량,mimiyy44,5080,53,13,3,https://x.com/mimiyy44/status/2068930998931501248,ko,False,2026-06-25 00:05:50,한국,https://pbs.twimg.com/media/HLZRx4gaQAELTPT.jpg
2068916226076926131,메이투,@KyuRin_Q 저는 메이투 사용해요 보정할때도 메이투로하고있어요,Mon Jun 22 04:37:21 +0000 2026,1586379001639370752,Bluelime (아코 양일),Bluelime923,290,0,0,0,https://x.com/Bluelime923/status/2068916226076926131,ko,False,2026-06-25 00:05:50,한국,
2068909242011009412,메이투,"메이투 유료 결제하니까 신세계 열림 ㄹㅇ 
재밋네요",Mon Jun 22 04:09:36 +0000 2026,1191584467392970752,청이,relentless8luv,252,1,0,0,https://x.com/relentless8luv/status/2068909242011009412,ko,False,2026-06-25 00:05:50,한국,
2068864232700195301,메이투,ㅋㅋㅋㅋ후플푸프 애들이 다 다정하고 착하니까... 2p가 되면 안참아버려서 문제가 생기는게 아닐까요. 좀 마이너한데 서로 납득 안되는 결로 싸워버려서 헤어질 때 경고했을거에요. 앞으로 네 얼굴 보이면 지팡이보다 주먹이 먼저 날아갈거니까 각오하라고. 일단 한대 패고 말로 갈구는 메이투... 히스 도망쳐...!,Mon Jun 22 01:10:45 +0000 2026,1459239025366163458,젠나핑,Zhenna_S2,218,0,0,1,https://x.com/Zhenna_S2/status/2068864232700195301,ko,False,2026-06-25 00:05:50,한국,
2068863433416863898,메이투,@Zhenna_S2 안참아 쌈닭 메이투 어떻게 안 좋아하는데.. 두 후플푸프는 2P 하면 쌈닭이 되는구나 깨달았어요. . 만약에 메이투와 납득 가능한 문제로 다퉜으면 그러고도 친하게 지냈을텐데 아니었더라면 절교 수준으로 싸웠겠조 ㅋㅋ 아 주먹 들고 나 패줬으면 좋겠다,Mon Jun 22 01:07:34 +0000 2026,1689205675107495937,4,yotsufoursi,209,0,0,1,https://x.com/yotsufoursi/status/2068863433416863898,ko,False,2026-06-25 00:05:50,한국,
2068799332439200057,메이투,메이투 필터효과 개지리는디 ㅁㅊ https://t.co/wgjX0kbe0a,Sun Jun 21 20:52:51 +0000 2026,1990968423250272256,경기도 앵알떡,aengallisdie,235,7,0,0,https://x.com/aengallisdie/status/2068799332439200057,ko,False,2026-06-25 00:05:50,한국,https://pbs.twimg.com/media/HLXaBtrakAA4f_C.jpg
2068774716886950023,메이투,사실 방금 메이투 브아피 결제해서 써보고싶엇음,Sun Jun 21 19:15:03 +0000 2026,1912193434133360641,໊,MaruMinx2,296,0,0,0,https://x.com/MaruMinx2/status/2068774716886950023,ko,False,2026-06-25 00:05:50,한국,
2068762552222597483,메이투,"메이투 아이폰 분철 구합니다!!
제가 들어가는거고 글 내려갈때까지 구합니다!!",Sun Jun 21 18:26:42 +0000 2026,1373582953117151237,묭,ehsdjqtvhzkvkz,772,1,0,0,https://x.com/ehsdjqtvhzkvkz/status/2068762552222597483,ko,False,2026-06-25 00:05:50,한국,
2068761584403669287,메이투,"메이투 유료결제한사람 있니
할말 ㅈㄴ고민됨",Sun Jun 21 18:22:52 +0000 2026,1750901478825644032,𝙨𝙘𝙚𝙣𝙩,whatiscent,364,0,0,0,https://x.com/whatiscent/status/2068761584403669287,ko,False,2026-06-25 00:05:50,한국,
2068745960495456639,메이투,가발 개털인거 개킹받네 후광이 메이투 효과인데 저걸 하면 사진이 급 어두워짐 ㅠ 난 어두운 사진 싫은데 https://t.co/azF8Ms18kI,Sun Jun 21 17:20:47 +0000 2026,1603455165817704450,カノ,kanokadaisuki,223,11,0,0,https://x.com/kanokadaisuki/status/2068745960495456639,ko,False,2026-06-25 00:05:50,한국,https://pbs.twimg.com/media/HLWpfMOacAABJR6.jpg
2068717752073023913,메이투,"아!!! 나 왜 메이투 플래쉬필터 이제알았지
개쩌네 걍 근접샷 찍을때 최고🥹 https://t.co/dQjzt8L4uA",Sun Jun 21 15:28:41 +0000 2026,1934833893364146176,KIRI,kiri10789,454,28,1,0,https://x.com/kiri10789/status/2068717752073023913,ko,False,2026-06-25 00:05:50,한국,https://pbs.twimg.com/media/HLWP0qWbsAABWCO.jpg
2068699121276649473,메이투,사진보정을얼마나하냐면 나놀러가면 메이투 스크린타임두시간나옴,Sun Jun 21 14:14:39 +0000 2026,1942959862046232576,JUJU,tenship3p,308,3,0,0,https://x.com/tenship3p/status/2068699121276649473,ko,False,2026-06-25 00:05:50,한국,
2068676694446404033,메이투,"메이투 분철 구해용
제가 들어가는 겁니다!",Sun Jun 21 12:45:32 +0000 2026,1733830877774512129,🕶️,302bin,865,1,0,0,https://x.com/302bin/status/2068676694446404033,ko,False,2026-06-25 00:05:50,한국,
2064659575664787913,meitu,"⚠️meitu ai image

아무래도 병장님이랑 단장님이 연애를 하시는 거 같음 그거말고는 설명이안됨

☕️@shinseongkyung_ https://t.co/H3nRX29QVa",Wed Jun 10 10:42:57 +0000 2026,1948224827497857024,최명혜,_choi_light,438,16,2,0,https://x.com/_choi_light/status/2064659575664787913,ko,False,2026-06-25 00:05:34,한국,https://pbs.twimg.com/media/HKck8OQbsAAtALl.jpg
1984993009772249370,meitu,@nabiiiiiel @motkke Meitu   라는 앱에서 돌릴 수 있습니다!!!,Sun Nov 02 14:36:27 +0000 2025,1883790240898564096,아쟈아쟈,AzyaAzya0923,44,2,0,2,https://x.com/AzyaAzya0923/status/1984993009772249370,ko,False,2026-06-25 00:05:34,한국,
1984877168716099855,meitu,요즘 자주 보이던 meitu 그거...🥞☕️ https://t.co/QBH0HnuOOv,Sun Nov 02 06:56:08 +0000 2025,1441974488439005184,hina,baby108__,4571,248,49,0,https://x.com/baby108__/status/1984877168716099855,ko,False,2026-06-25 00:05:34,한국,https://pbs.twimg.com/media/G4uzQ17akAA-87H.jpg
1984814805182747055,meitu,meitu 정보 다 넘기라고 해서 안 함ㅋㅋ,Sun Nov 02 02:48:20 +0000 2025,1708847656200794112,대마초김치,verygodanhada,873,3,0,1,https://x.com/verygodanhada/status/1984814805182747055,ko,False,2026-06-25 00:05:34,한국,
2049404301110579283,뷰티캠,"#광고 

요즘 디카 매물도 없고 가격도 너무 높아서 구매하기엔 부담될 때 뷰티캠 어플로 자연스러운 필름카메라 필터로 느낌낼 수 있음!! 

[뷰티캠 앱 - DSLR - X100V]

#뷰티캠 #DSLR https://t.co/48MrlxslB9",Wed Apr 29 08:23:56 +0000 2026,1293853701673644032,Chae,decarchive_,9811,8,2,1,https://x.com/decarchive_/status/2049404301110579283,ko,False,2026-06-22 00:06:28,한국,https://pbs.twimg.com/media/HHDyWH8aQAAoLeJ.jpg
2068819646200140102,메이투,넌 메이투 있어도 소생 불가잖아,Sun Jun 21 22:13:35 +0000 2026,2040515482147766272,🦝,0hagii__,84,1,0,0,https://x.com/0hagii__/status/2068819646200140102,ko,False,2026-06-22 00:06:12,한국,
2068662913649496534,메이투,저는 메이투 써요!!!!!! 메이투 없으면 못사는별이 생겨버럇서요..헤헤🤍🤍🤍🤍🤍✨ https://t.co/KGUWPzyoOd,Sun Jun 21 11:50:47 +0000 2026,2017229056278958081,ゆき,Y_0o111,181,5,0,0,https://x.com/Y_0o111/status/2068662913649496534,ko,False,2026-06-22 00:06:12,한국,
2068657908834078733,메이투,메이투 장점 : 본 피부까만데 뽀얀척 할 수있음,Sun Jun 21 11:30:53 +0000 2026,2017232555335102465,Mutee,Mutee257433,130,0,0,0,https://x.com/Mutee257433/status/2068657908834078733,ko,False,2026-06-22 00:06:12,한국,
2068648504969609309,메이투,@dsim1115 ㅆㅂ 메이투 ㅈㄴ 돌린건데 니네가 안봐주면 나 억울하지;,Sun Jun 21 10:53:31 +0000 2026,2028484133845176320,박메리,bmeril114,236,1,0,1,https://x.com/bmeril114/status/2068648504969609309,ko,False,2026-06-22 00:06:12,한국,
2068628956123992100,메이투,메이투 좀 어려워서 얼굴 보정이 중구난방이다,Sun Jun 21 09:35:51 +0000 2026,1921716376907218944,玄士,plztakemebadend,169,0,0,0,https://x.com/plztakemebadend/status/2068628956123992100,ko,False,2026-06-22 00:06:12,한국,
2068626094056767744,메이투,메이투 쓰냐고 물어보면 그게 뭐냐고 할 남자,Sun Jun 21 09:24:28 +0000 2026,2025837332507877376,솜,mandu_boy__,327,1,0,0,https://x.com/mandu_boy__/status/2068626094056767744,ko,False,2026-06-22 00:06:12,한국,
2068617917290426843,메이투,@xineaq1 made by 메이투..ㅎㅎ,Sun Jun 21 08:51:59 +0000 2026,2005458088980303872,메이은,jihoonsmayy,164,1,0,0,https://x.com/jihoonsmayy/status/2068617917290426843,ko,False,2026-06-22 00:06:12,한국,
2068617471515603235,메이투,@sengchoco 저 정도면 정태의 눈에 메이투 필터라도 낀 거 아닌가 싶어요,Sun Jun 21 08:50:12 +0000 2026,1994976774569299969,濟,S0_tired_t1qkf,206,1,0,1,https://x.com/S0_tired_t1qkf/status/2068617471515603235,ko,False,2026-06-22 00:06:12,한국,
2068584453308571978,메이투,"메이투 프리미엄 결제햇는데 ㅈㄴ 신기해
단발할까말까 고민햇는데 이거보고 더 고민에 빠짐 https://t.co/WRH8HSukPH",Sun Jun 21 06:39:00 +0000 2026,1846871294211772417,곰문,chl0r0plast_,96,3,0,0,https://x.com/chl0r0plast_/status/2068584453308571978,ko,False,2026-06-22 00:06:12,한국,https://pbs.twimg.com/media/HLUWmBga8AAHuPC.jpg
2068529579610997059,메이투,@bbzzang6666 저는 필터는 메이투 잘안쓰고 에픽필터써유🤍🤍,Sun Jun 21 03:00:57 +0000 2026,1934892870114439168,모카P,mokapiii0306,3693,0,0,1,https://x.com/mokapiii0306/status/2068529579610997059,ko,False,2026-06-22 00:06:12,한국,
2068523169934438512,메이투,메이투 유료 결제 해야하나..,Sun Jun 21 02:35:29 +0000 2026,2020155592149737472,팝,ta1k1ngt0myse1f,1607,1,0,0,https://x.com/ta1k1ngt0myse1f/status/2068523169934438512,ko,False,2026-06-22 00:06:12,한국,
2068517560073830476,메이투,"메이투 아이폰 분철 구해요!!

✅2명 구해요
✅27/06/20까지 이용가능
✅인당 16,000원

분철 하실 분 연락주세요! 

#메이투 #메이투분철 #메이투vip",Sun Jun 21 02:13:12 +0000 2026,1307315420936847360,수,soosuxxz,1498,3,0,4,https://x.com/soosuxxz/status/2068517560073830476,ko,False,2026-06-22 00:06:12,한국,
2068501353094152380,메이투,@mokapiii0306 메이투 필터 추천해주세여!!!!!!,Sun Jun 21 01:08:48 +0000 2026,1990660775405629443,bb,bbzzang6666,4902,1,0,1,https://x.com/bbzzang6666/status/2068501353094152380,ko,False,2026-06-22 00:06:12,한국,
2068417677778170075,메이투,메이투 없으면 못살아 난,Sat Jun 20 19:36:18 +0000 2026,1934892870114439168,모카P,mokapiii0306,603396,6090,1300,1,https://x.com/mokapiii0306/status/2068417677778170075,ko,False,2026-06-22 00:06:12,한국,
2068383067983728893,메이투,"메이투 분철 구해요!! 아이폰

바로입금가능! 디엠주세용 오래합니다앙",Sat Jun 20 17:18:46 +0000 2026,1847954959880671232,거래,bvoaj8,831,0,0,1,https://x.com/bvoaj8/status/2068383067983728893,ko,False,2026-06-22 00:06:12,한국,
2068366701058818230,메이투,@prizmever 메이투 팟도 결성할 수 잇구나 ㄷㄷ 나 모르는 게 참 많네,Sat Jun 20 16:13:44 +0000 2026,2042606194548969474,유주,wouldyou2ju,770,2,0,1,https://x.com/wouldyou2ju/status/2068366701058818230,ko,False,2026-06-22 00:06:12,한국,
2068357457404186898,메이투,스샷보정 하도많이해서 메이투 구매하게생김,Sat Jun 20 15:37:00 +0000 2026,2023371946965270528,🧋,0taaar0,248,0,0,0,https://x.com/0taaar0/status/2068357457404186898,ko,False,2026-06-22 00:06:12,한국,
2068345959395000713,메이투,"메이투 아이폰 분철 구합니다
칼입금 가능해요
디엠이나 멘션 주세요🥹🩷",Sat Jun 20 14:51:19 +0000 2026,1424707679621025800,긍,youkina_1,704,0,0,1,https://x.com/youkina_1/status/2068345959395000713,ko,False,2026-06-22 00:06:12,한국,
2068338670500033015,메이투,정말 혹시 트친님들중에 저 메이투 유료 결제하면 팟에 끼실 분,Sat Jun 20 14:22:21 +0000 2026,2050171854204329984,pink,prizmever,8204,20,0,1,https://x.com/prizmever/status/2068338670500033015,ko,False,2026-06-22 00:06:12,한국,
2068303004508577796,메이투,@rubi_rubi55 끼념으로 내가 로젠 메이투 낋여드림,Sat Jun 20 12:00:38 +0000 2026,1964926088603422720,海,ocean564312,223,1,0,1,https://x.com/ocean564312/status/2068303004508577796,ko,False,2026-06-22 00:06:12,한국,
2068300868114685996,메이투,@J_aqqlpie 아마도 메이투 사용하면 될 거예요!,Sat Jun 20 11:52:08 +0000 2026,1592870792391335937,부이,bbu2__6,248,0,0,1,https://x.com/bbu2__6/status/2068300868114685996,ko,False,2026-06-22 00:06:12,한국,
2068292937348518112,메이투,"메이투 잘못 결제된 김에 그냥 즐기기로 함 어차피 이번달 돈도 여유롭게 남았겠다 1년 투자한걸로 치죠,,",Sat Jun 20 11:20:37 +0000 2026,1197864047300861953,초화🦋,plantflower_cos,305,2,0,0,https://x.com/plantflower_cos/status/2068292937348518112,ko,False,2026-06-22 00:06:12,한국,
2068292866993234280,메이투,@cha_e_cos 나 메이투 유료결제함 내가 다음에 땅바닥 한 세번 굴러볼게 네 사진 내가 건질게 시켜줘,Sat Jun 20 11:20:21 +0000 2026,862699585717784576,KDD/김뚜뚜,KDD_cos,204,0,0,1,https://x.com/KDD_cos/status/2068292866993234280,ko,False,2026-06-22 00:06:12,한국,
2068289767368962316,메이투,"메이투 플래쉬필터 &lt; 완전개사기.. 
망한사진 다 심폐소생술해줌
이것만으로 유료결제의 가치가 있음 https://t.co/XlzbKjF9nr",Sat Jun 20 11:08:02 +0000 2026,1763905386741174272,saeY,saeyyeah,680601,7750,728,4,https://x.com/saeyyeah/status/2068289767368962316,ko,False,2026-06-22 00:06:12,한국,https://pbs.twimg.com/media/HLQKlHpbYAAtxRL.jpg
2068284672849908163,메이투,제시가 브배의 메이투 필터인듯 제시만나오면 화면예뻐짐ㄷㄷ https://t.co/ng2X6atvJ5,Sat Jun 20 10:47:47 +0000 2026,2057753857430818816,굼바,Goom_Baa,297,2,0,1,https://x.com/Goom_Baa/status/2068284672849908163,ko,False,2026-06-22 00:06:12,한국,https://pbs.twimg.com/media/HLQFv4vbYAAuI_p.jpg
2068278528207126732,메이투,"저는 보통 &gt;메이투&lt;로 얼굴 라인 정리합니다 ^_^
만능이에요 https://t.co/lOc79fkDku",Sat Jun 20 10:23:22 +0000 2026,1461332939019792384,김자비✞︎,vi_vi_cos,493,18,0,0,https://x.com/vi_vi_cos/status/2068278528207126732,ko,False,2026-06-22 00:06:12,한국,
2068249869593219291,메이투,@tongtonguii 내가 본 야선들 사진들이 한번 메이투 당한거라니 그럼 원본은 대체,Sat Jun 20 08:29:29 +0000 2026,1123918042759598087,🍉,s2_watermelon,283,0,0,1,https://x.com/s2_watermelon/status/2068249869593219291,ko,False,2026-06-22 00:06:12,한국,
2068208520248607170,메이투,난보정을 메이투 처음써본사람처럼 함 https://t.co/MUiSNwcw7Q,Sat Jun 20 05:45:11 +0000 2026,2057666582437097472,deadly sinner (갯돌이),deadly4sinner,227,3,0,0,https://x.com/deadly4sinner/status/2068208520248607170,ko,False,2026-06-22 00:06:12,한국,https://pbs.twimg.com/media/HLPAr6GaUAAMlGw.jpg
2068206669285531808,메이투,메이투 보정 썼네;;,Sat Jun 20 05:37:50 +0000 2026,1487806019073765380,화산채비빔밥,onlyjusthwasan,881,0,0,0,https://x.com/onlyjusthwasan/status/2068206669285531808,ko,False,2026-06-22 00:06:12,한국,
2068195944211030250,메이투,어도비 메이투 블로 클립스튜디오 가 하나로 합쳐져서 구독료 퉁쳐졋으면 좋겟다,Sat Jun 20 04:55:12 +0000 2026,1887332607949705216,민죰 (상태:개피곤),minjom_321,696,1,0,0,https://x.com/minjom_321/status/2068195944211030250,ko,False,2026-06-22 00:06:12,한국,
2068188171561836610,메이투,@angyamoring 메이투 눈밑기능 쓰거나 걍 슬림보정으로 늘림,Sat Jun 20 04:24:19 +0000 2026,1986742237024456704,박영준(상태:과즙탱탱영준),gsokeb,198,0,0,1,https://x.com/gsokeb/status/2068188171561836610,ko,False,2026-06-22 00:06:12,한국,
2068167813169348763,메이투,@insam26361 빨리 메이투 가져와야해,Sat Jun 20 03:03:26 +0000 2026,2021610335611072512,IV,nieolgul298341,171,0,0,1,https://x.com/nieolgul298341/status/2068167813169348763,ko,False,2026-06-22 00:06:12,한국,
2068127328161710523,메이투,스노우가 자꾸 내 얼굴인식을 못 해서 유료해지하고 메이투 깔았슨 보정 다 디졌다,Sat Jun 20 00:22:33 +0000 2026,1954789408907177985,ℍ𝕒𝕣𝕟𝕖𝕤𝕤,Har_INNES,541,5,0,1,https://x.com/Har_INNES/status/2068127328161710523,ko,False,2026-06-22 00:06:12,한국,
2068099856858849554,메이투,"아하 미안 컴퓨터공익짓 햇네
메이투 썻다 ~~ https://t.co/nlJvJ7yHDv",Fri Jun 19 22:33:23 +0000 2026,1960651467439923201,한입이,onebitejudi,2565,2,0,0,https://x.com/onebitejudi/status/2068099856858849554,ko,False,2026-06-22 00:06:12,한국,
2067998833234375051,메이투,@salam16932128 미소녀를 위해서 차가운 메이투(보정어플)에 올라갔다 오길 잘했네요///,Fri Jun 19 15:51:58 +0000 2026,2029446439529779200,𝗕,B_CIRCUS_,272,1,0,1,https://x.com/B_CIRCUS_/status/2067998833234375051,ko,False,2026-06-22 00:06:12,한국,
2067980519644840360,메이투,@bluesealikeme 메이투 필터 짱임,Fri Jun 19 14:39:11 +0000 2026,1871493338672893952,셰,insietagram,190,0,0,0,https://x.com/insietagram/status/2067980519644840360,ko,False,2026-06-22 00:06:12,한국,
2067978977067860027,메이투,한꺼번에 보정되는 기능보고 반해서 메이투 결제할까햇는데 생각해보니 나 사진마다 생긴거 다 달라서 필요없어짐 돈굳엇다 야르 ㅋㅋ ㅠ..,Fri Jun 19 14:33:03 +0000 2026,2052451754944675841,99,sannkiox,504,3,0,0,https://x.com/sannkiox/status/2067978977067860027,ko,False,2026-06-22 00:06:12,한국,
2067952229601140783,메이투,@dutchzioki 메이투 동영상보정을 했다는게 정배네요,Fri Jun 19 12:46:46 +0000 2026,1799846571137458176,Ross,redbullpunker,182,0,0,1,https://x.com/redbullpunker/status/2067952229601140783,ko,False,2026-06-22 00:06:12,한국,
2067945423957041416,메이투,@KDD_cos 메이투 유료아니어도 할만한데 한번 유료하면 돌아갈 수 없어요...☆,Fri Jun 19 12:19:44 +0000 2026,1691001580664000513,강대리,tree_rw2,274,1,0,1,https://x.com/tree_rw2/status/2067945423957041416,ko,False,2026-06-22 00:06:12,한국,
2067928475248582885,메이투,"여친한테 셀카 보내기 
메이투 광고 실컷 보고 외모 정병 오고..",Fri Jun 19 11:12:23 +0000 2026,1945282672777158656,뽀요,mediumrarestk,166,1,0,0,https://x.com/mediumrarestk/status/2067928475248582885,ko,False,2026-06-22 00:06:12,한국,
2067871711337533716,메이투,"저의 엄마는 두명입니다
낳아주신 엄마 안드 메이투",Fri Jun 19 07:26:49 +0000 2026,1949770977790877696,꾸꾸,Gguggudiary,232,9,0,1,https://x.com/Gguggudiary/status/2067871711337533716,ko,False,2026-06-22 00:06:12,한국,
2067870846681800918,메이투,메이투 플래시 효과 존좋 https://t.co/KYRNrxI8bb,Fri Jun 19 07:23:23 +0000 2026,1930858428584644608,vomitcat,vomitcatand,956,8,0,0,https://x.com/vomitcatand/status/2067870846681800918,ko,False,2026-06-22 00:06:12,한국,https://pbs.twimg.com/media/HLKNksOakAAZYtw.jpg
2066880542596067552,meitu,@Azi166254 Meitu 많이 사용하더라구요!,Tue Jun 16 13:48:16 +0000 2026,1875550620566089728,세멩 セメン (*ゝω･*),miulilili,19,0,0,1,https://x.com/miulilili/status/2066880542596067552,ko,False,2026-06-22 00:05:58,한국,
2066867870089544184,meitu,"나랑 야구 볼 사람?
#fyp #meitu #AI템플릿 #추천 #おすすめ https://t.co/K9nXa8gnFn",Tue Jun 16 12:57:55 +0000 2026,1451154556654555137,시츠🤍🔦,shitsu228,84,2,0,0,https://x.com/shitsu228/status/2066867870089544184,ko,False,2026-06-22 00:05:58,한국,https://pbs.twimg.com/media/HK79X-YbQAAZinX.jpg
1985902752774717704,meitu,"알림창 터져서 뮤트합니다

무슨 유행인지 모르겠다 = 구글에 meitu 겨울사진 이라고 검색하시면 어떤 유행인지 바로 알 수 있어요

해당 ai말고도 캐릭터를 지브리풍으로 만들어주거나 피규어처럼 만들어주는 다른 ai들도 자제합시다..
게임 유저로써 게임 제작사의 말을 귀기울여 들읍시다..",Wed Nov 05 02:51:27 +0000 2025,1542808734459514881,자녹,Purple3Green,9234,14,38,0,https://x.com/Purple3Green/status/1985902752774717704,ko,False,2026-06-22 00:05:58,한국,
2042512762971263131,뷰티캠,뷰티캠 https://t.co/o519eMwYpp,Fri Apr 10 07:59:25 +0000 2026,2040424730948186112,..,juunntaekimm,180,18,0,0,https://x.com/juunntaekimm/status/2042512762971263131,ko,False,2026-06-18 00:06:53,한국,https://pbs.twimg.com/media/HFh2eX2akAQvnnV.jpg
2067293436529828144,메이투,"와… 메이투 이래서다들쓰는거엿구나 
나도갑니다 토백이도드디어승천합니다",Wed Jun 17 17:08:58 +0000 2026,1756243337189986304,토백이,to_oo___,952,0,0,0,https://x.com/to_oo___/status/2067293436529828144,ko,False,2026-06-18 00:06:35,한국,
2067270823619211402,메이투,하 메이투 유료 혹하네,Wed Jun 17 15:39:07 +0000 2026,2006046356004343808,삐공,Qlrhs1234,1438,1,0,0,https://x.com/Qlrhs1234/status/2067270823619211402,ko,False,2026-06-18 00:06:35,한국,
2067266962775056853,메이투,메이투 결제할까 근데 요샌 사진 잘안찍긴함...,Wed Jun 17 15:23:46 +0000 2026,1945495395431575552,네시,nesi295693,62,0,0,0,https://x.com/nesi295693/status/2067266962775056853,ko,False,2026-06-18 00:06:35,한국,
2067262468834148722,메이투,와 ㅁㅊ 메이투 결제 뽐뿌옴,Wed Jun 17 15:05:55 +0000 2026,1617596340296626177,이체리,angrycherrry,7077,1,0,0,https://x.com/angrycherrry/status/2067262468834148722,ko,False,2026-06-18 00:06:35,한국,
2067260705859068264,메이투,"팁 하나 드리자면
중국가서 홍콩이심으로 메이투 결제하면 1년에 128元(약 29000원)밖에 안해요 https://t.co/wYkpUyxpTb",Wed Jun 17 14:58:54 +0000 2026,1591756619247157248,이주,dlwn_11,10614,78,12,0,https://x.com/dlwn_11/status/2067260705859068264,ko,False,2026-06-18 00:06:35,한국,https://pbs.twimg.com/media/HLBiawnbMAAH9UG.jpg
2067249655566729489,메이투,"메이투 과금 중이라면 꼭 써봐야되는 기능 ..
AI 플래시 !!!
디카로 찍은 거 같은 효과를 줌 (˶ᐢωᐢ˶) https://t.co/iahw8pA9Ed",Wed Jun 17 14:15:00 +0000 2026,2026213804347162625,우부,u6un3t,194,3,0,0,https://x.com/u6un3t/status/2067249655566729489,ko,False,2026-06-18 00:06:35,한국,https://pbs.twimg.com/media/HLBYmKTbEAAboYI.jpg
2067234075912622410,메이투,"메이투 분철하실 한 분 구해요
1년+30일 16000 입니다
들어오시면 바로 결제할게용

https://t.co/ZFP8bPM5HY",Wed Jun 17 13:13:05 +0000 2026,1337736885947416577,ki!,Yovkiik,481,0,0,1,https://x.com/Yovkiik/status/2067234075912622410,ko,False,2026-06-18 00:06:35,한국,
2067230689238671706,메이투,"죄송해요 사실 이거 저 아님  메이투 vip 처음써보고 너무 설레서 
가공 300%의 얼굴을 만들어버렸어요ㅜㅜ",Wed Jun 17 12:59:38 +0000 2026,2033533347675406336,17,skrkakd959,197,3,0,0,https://x.com/skrkakd959/status/2067230689238671706,ko,False,2026-06-18 00:06:35,한국,
2067225815587369091,메이투,영상찍어올려야하는 과제있는데 외모정병때문에 메이투 캠으로 찍고싶읍,Wed Jun 17 12:40:16 +0000 2026,1747584967545421825,마지막앂새,weareallmad____,73,0,0,0,https://x.com/weareallmad____/status/2067225815587369091,ko,False,2026-06-18 00:06:35,한국,
2067209569793875970,메이투,@jarim_cos 끄아앙 메이투 너무 어려워요ㅋㅋㅠㅜ,Wed Jun 17 11:35:42 +0000 2026,1921436226814685184,수념🧷,cro095_cos,76,0,0,1,https://x.com/cro095_cos/status/2067209569793875970,ko,False,2026-06-18 00:06:35,한국,
2067130742107406523,메이투,@xiayinah 메이투 보정인데 케케 맛있는 거 많이 먹었네!! 울 핑크 공쥬도 허리 조심하구 조은 하루 보내자,Wed Jun 17 06:22:29 +0000 2026,1818142432573460480,하쿠토라 ハクトラ 【LuciDreaM】,LuciDreaM_Tora,72,0,0,1,https://x.com/LuciDreaM_Tora/status/2067130742107406523,ko,False,2026-06-18 00:06:35,한국,
2067014605034111416,메이투,"나 메이투,에픽 켜서 새사람만드는와중에
ㄷㅂㅇㅈ ㅎㅈ 큐알찍어서나온사진그대로업로드 https://t.co/xm9P1quI9g",Tue Jun 16 22:40:59 +0000 2026,2011767268590698500,🥠,mynow2413,1954,100,14,0,https://x.com/mynow2413/status/2067014605034111416,ko,False,2026-06-18 00:06:35,한국,https://pbs.twimg.com/media/HK-C0yWboAE2uJW.jpg
2066883831886762096,메이투,메이투 눈 길이 크기 너비 뒤트임 다 100까지 올려도 이 크기 안 나옴 https://t.co/2roUhAEJ39,Tue Jun 16 14:01:21 +0000 2026,1939351463484178433,하닝,Han____ing,1194,71,1,1,https://x.com/Han____ing/status/2066883831886762096,ko,False,2026-06-18 00:06:35,한국,https://pbs.twimg.com/media/HK8L4zbaYAACDgu.jpg
2066862142071177352,메이투,@Yy_Dcs4408 히히 메이투 덕분이랄까요..🥹,Tue Jun 16 12:35:09 +0000 2026,1991860132607836160,ほろよい (호로요이),holoyoi0126,77,0,0,0,https://x.com/holoyoi0126/status/2066862142071177352,ko,False,2026-06-18 00:06:35,한국,
2066861787740557570,메이투,메이투 사꾸 유료결제해서쓰는거부럽다 탐나네요,Tue Jun 16 12:33:45 +0000 2026,1716646018526355456,주먹밥🍙,1ONIGIRItabeta1,106,0,0,0,https://x.com/1ONIGIRItabeta1/status/2066861787740557570,ko,False,2026-06-18 00:06:35,한국,
2066860057908986073,메이투,"중안부축소100으로땡긴것같다
축하해 너 메이투 구독료 아꼈어 https://t.co/1Q8b9iWa62",Tue Jun 16 12:26:52 +0000 2026,2026232911536762880,돌,kiiroidoli,1803,80,2,0,https://x.com/kiiroidoli/status/2066860057908986073,ko,False,2026-06-18 00:06:35,한국,
2066859300337926263,메이투,외계인도 쓰는 메이투,Tue Jun 16 12:23:52 +0000 2026,1825863804569473024,굴비,gulbi_Plli,76,1,0,0,https://x.com/gulbi_Plli/status/2066859300337926263,ko,False,2026-06-18 00:06:35,한국,
2066858961551376483,메이투,메이투 시밬ㅋㅋㅋㅋㅋㅋㅋㅋㅋㅋㅋㅋㅋㅋㅋㅋㅋㅋ,Tue Jun 16 12:22:31 +0000 2026,1902008118965583872,유링 ໒꒱.°⑅,showmeurizz,62,0,0,0,https://x.com/showmeurizz/status/2066858961551376483,ko,False,2026-06-18 00:06:35,한국,
2066840811237699661,메이투,6주년 긴토키 룩업 ㅈㄴ 메이투 돌린거 아니겟지? 그정도로 외모정병 잇으면 나 곤란해~,Tue Jun 16 11:10:24 +0000 2026,1637088905903370242,패용,paeyong606,128,0,0,0,https://x.com/paeyong606/status/2066840811237699661,ko,False,2026-06-18 00:06:35,한국,
2066838676970279414,메이투,와근데....... 뭔가 베러들의 한땀한땀 사랑이 담긴 메이투 결과물을 보고 더 절망할거같아서 개웃기다,Tue Jun 16 11:01:55 +0000 2026,1314626224782667776,조,zaninhann,1601,14,0,1,https://x.com/zaninhann/status/2066838676970279414,ko,False,2026-06-18 00:06:35,한국,
2066798031329218754,메이투,"@haesakun ai가아니고서능 믿을수없는 수려한얼굴이라그럼
근데 ㄹㅇ 왜그러지 메이투 이런 보정어플때문인가???",Tue Jun 16 08:20:24 +0000 2026,2041026180716036096,끔,ilzzliu,91,0,0,1,https://x.com/ilzzliu/status/2066798031329218754,ko,False,2026-06-18 00:06:35,한국,
2066790210957177252,메이투,"@jyonimrm 네에..
1년에 얼마 안해서 1년짜리로 해뒀어요
근데
타바에서 사면 더 싸대효..
쉣
전 몰랐떠효..
메이투..
중국어플이니까",Tue Jun 16 07:49:20 +0000 2026,1788749179386515457,창식 ੯•́໒,taeui_0219,95,0,0,1,https://x.com/taeui_0219/status/2066790210957177252,ko,False,2026-06-18 00:06:35,한국,
2066789619795210277,메이투,@jyonimrm 메이투 유료 0.//0,Tue Jun 16 07:46:59 +0000 2026,1788749179386515457,창식 ੯•́໒,taeui_0219,97,0,0,1,https://x.com/taeui_0219/status/2066789619795210277,ko,False,2026-06-18 00:06:35,한국,
2066785830438605280,메이투,코스프레 안하니 메이투 쓸일이 없어서 결제 끊었는데 끊으니 광고 지리네 ㅅㅂ 어케씀,Tue Jun 16 07:31:55 +0000 2026,1659070423890563072,이름을 말할수없는...,eat_rice_nyami,115,0,0,0,https://x.com/eat_rice_nyami/status/2066785830438605280,ko,False,2026-06-18 00:06:35,한국,
2066774196194299961,메이투,메이투 업데이트 너무 불편해 슬퍼 ㅠㅠㅠㅠ 전이 더 깔끔했는데,Tue Jun 16 06:45:41 +0000 2026,2025557452687839232,빈공기,tmdo406,190,8,0,0,https://x.com/tmdo406/status/2066774196194299961,ko,False,2026-06-18 00:06:35,한국,
2066550871090237467,메이투,@bachiraotoya__ 메이투 오빠 덕분이죠...♡,Mon Jun 15 15:58:16 +0000 2026,1824133375210426370,바로 마나,baroukoibito,82,0,0,0,https://x.com/baroukoibito/status/2066550871090237467,ko,False,2026-06-18 00:06:35,한국,
2066547703178498177,메이투,@2024_1113 아니ㅋㅋㅋㅋ 메이투 키겟습니다,Mon Jun 15 15:45:41 +0000 2026,2014578608506122240,계란찜,qapl_1106,78,1,0,1,https://x.com/qapl_1106/status/2066547703178498177,ko,False,2026-06-18 00:06:35,한국,
2066537555353628676,메이투,무조건 다굽자!!!!+메이투 매끈하게 100 먹인 피부 좋아하는거 진짜 악지성들의 직업병 같은거임(당사자성 발언),Mon Jun 15 15:05:22 +0000 2026,1333847804540641280,페일,snowdoesnot,17551,37,3,0,https://x.com/snowdoesnot/status/2066537555353628676,ko,False,2026-06-18 00:06:35,한국,
2066493802882494761,메이투,"@ssuS2ing 메이투에 이거들어가서 스포이드로 색 따고 문지르면 피부톤보정개쉬움 이걸로 얼굴 그림자진거나 톤보정해 아님 피부-피부톤 이거도가끔쓰고
메이투 분철하면 일년 만육천원임함찾아바 ㅎ https://t.co/EZ1z3KftTr",Mon Jun 15 12:11:30 +0000 2026,1731017864935784448,밍,onlymming,144,0,0,1,https://x.com/onlymming/status/2066493802882494761,ko,False,2026-06-18 00:06:35,한국,https://pbs.twimg.com/media/HK2pKMLagAA1mK3.jpg
2066492228282077280,메이투,메이투 보정100해도 될까말까하는 얼굴을 그저 존재함으로 달성하는 안나님아.... https://t.co/nm2JjhO2O7,Mon Jun 15 12:05:15 +0000 2026,1703478809675358208,오즈,oz2496,1492,90,14,0,https://x.com/oz2496/status/2066492228282077280,ko,False,2026-06-18 00:06:35,한국,https://pbs.twimg.com/media/HK2nVtPaQAAaetr.jpg
2066479548674511007,메이투,메이투 플래시 미쳤을까? https://t.co/4RXB9BAlOc,Mon Jun 15 11:14:52 +0000 2026,1859912351262330880,meeo,meeo__,37693,1277,40,1,https://x.com/meeo__/status/2066479548674511007,ko,False,2026-06-18 00:06:35,한국,https://pbs.twimg.com/media/HK2cMQ6bUAALtxT.jpg
2066406984648466886,메이투,언더속눈썹은 메이투,Mon Jun 15 06:26:31 +0000 2026,2014948213628010498,욘,yyon_e,119,0,0,0,https://x.com/yyon_e/status/2066406984648466886,ko,False,2026-06-18 00:06:35,한국,
2066226439066878406,메이투,"공부 처하기 싫어서
인스타 게시물 시뮬 돌리고 잇는데
입술 보고 개웃음
당장 메이투 드가서 입술 가로 길이 넓혀줘야됨 https://t.co/fbPWgPl3EP",Sun Jun 14 18:29:06 +0000 2026,1784508591984246785,상쾌통쾌,ppuhhfi,495,1,0,0,https://x.com/ppuhhfi/status/2066226439066878406,ko,False,2026-06-18 00:06:35,한국,https://pbs.twimg.com/media/HKy1_kTaEAAOp9_.jpg
2066203782535589937,메이투,"나 상하이에서 왕홍 체험하고 와써••💗
어때?( o̴̶̷̥᷅ ⌓ o̴̶̷᷄)

(는 사실 집에서 메이투 ai기능 사용해뜸&gt;_&lt;) https://t.co/4PBp1avgGh",Sun Jun 14 16:59:04 +0000 2026,2036750644346834944,정희원,heeehana596,110,0,0,0,https://x.com/heeehana596/status/2066203782535589937,ko,False,2026-06-18 00:06:35,한국,https://pbs.twimg.com/media/HKyhWg5bMAAn8X_.jpg
2066193216299491372,메이투,"아악 이실직고 할게요 눈썹은 잔털 정리를 못해서 너무 산적같은 모습에.. 소녀들을 놀래킬 우려가 있어 약간의 보정이 들어갔습니다 메이투 메이크업-&gt;눈썹-&gt;자연질감 기능입니다
뭔가 속인 것 같아서 죄송한 마음입니다......(... https://t.co/f4UBF3lftj",Sun Jun 14 16:17:05 +0000 2026,2052011957029638144,jaehee,jaeheei5ge,1810,10,1,1,https://x.com/jaeheei5ge/status/2066193216299491372,ko,False,2026-06-18 00:06:35,한국,
2066157455130890479,메이투,"죄송한데 다들 많이쓰는 스노우ai 사진이나 메이투 아이돌 직캠같은 어플쓴거라
Ai가 맞습니다 다들 따로 표기안해도 알고 표기안하는 경우가 대다수였어서
저도그냥 기욱이 느낌나길래 합성 써본거구요 이게 문제라면 ai 합성 사진쓴... https://t.co/DJzmuX3F0j https://t.co/nqsmTAONGe",Sun Jun 14 13:54:59 +0000 2026,2026536474817212416,무결,kcixmx1031,1431,8,0,0,https://x.com/kcixmx1031/status/2066157455130890479,ko,False,2026-06-18 00:06:35,한국,https://pbs.twimg.com/media/HKx3QHPa0AAZRau.jpg
2066150338772770911,메이투,"@staplatinumudaa 
도기님 안녕하세여!! 저희도 좀 오래 됐는데 아코스타가 마지막이라니 슬프지만 좋은 기회가 생기신거니 응원하겠습니다😆😆 
 예전에 벚꽃 메이투 유행할때 제가 디엠으로 알려드렸었는데 저한테 친절소녀라 해주셔서 ㅋㅎㅋㅎㅋㅎㅋ 되게 웃겼던 기억이 있네여 도기님 하면 진짜 레제가 완전 잘 어울리셨었는데 이제 못본다니 그게 아쉽습니다 ㅜㅜ 실물로도 못봤는데 이번엔 제가 아코스타를 못가서 못만나겠지만 언젠가 볼 날이 있을 수도 있겠져 이제 코스 안하신다고 막 블언블 하거나 그러시진 않을거져..?🥲🥲 앞으로 하시는 일 다 잘되셨으면 좋겠고 쭉 잘부탁드려여😆😆",Sun Jun 14 13:26:42 +0000 2026,2024880407427334144,=@x@=,g0lbaeng2,171,0,0,0,https://x.com/g0lbaeng2/status/2066150338772770911,ko,False,2026-06-18 00:06:35,한국,
2066144394315788559,메이투,@Nabi_cosplay 그러면 어도비로 한다음 마지막에 메이투 무료버전으로 하시는것도 괜찮아요! 메이투 무료버전 꽤 쓸만하거든요,Sun Jun 14 13:03:05 +0000 2026,2027648322564153344,アリスオンリー,mudskipper1315,89,0,0,1,https://x.com/mudskipper1315/status/2066144394315788559,ko,False,2026-06-18 00:06:35,한국,
2066138902289846360,메이투,@yesterdaywillbe 메이투 안돌라고 그냥 올려서 미안하다 훈심,Sun Jun 14 12:41:15 +0000 2026,1984225268253511680,깡통이,oil_plz,95,0,0,0,https://x.com/oil_plz/status/2066138902289846360,ko,False,2026-06-18 00:06:35,한국,
2066132433989439584,메이투,어떻게 사람이 메이투 보정 100프로야 https://t.co/jllJPR6wUa,Sun Jun 14 12:15:33 +0000 2026,2044718851401945088,면쫀쿠,junfaceisgood,753,9,0,1,https://x.com/junfaceisgood/status/2066132433989439584,ko,False,2026-06-18 00:06:35,한국,https://pbs.twimg.com/media/HKxgfvHaEAAXghD.jpg
2066098435934375978,메이투,1짤은 왜이렇게  억꾸했냐면 (억지로 꾸몄다는 뜻) 메이투 구독이 끝나가니까  괜시리 조급해져가지고,Sun Jun 14 10:00:28 +0000 2026,1953218009742647296,삼보,takamuradaily,193,2,0,1,https://x.com/takamuradaily/status/2066098435934375978,ko,False,2026-06-18 00:06:35,한국,
2066049364657864951,메이투,저같경 하나 보정할때 메이투-&gt;갤러리-&gt;메이투-&gt;이비스페인트-&gt;메이투-&gt;이비스페인트-&gt;갤러리-&gt;이비스페인트 순으로 번갈아가면서 씁니댜 https://t.co/JW8QkDbQJJ,Sun Jun 14 06:45:28 +0000 2026,1866429528954028032,오사무무침,osamu_chim,254,9,0,1,https://x.com/osamu_chim/status/2066049364657864951,ko,False,2026-06-18 00:06:35,한국,
2066031411019313551,메이투,갤럭시 기본카메라 프로 설정에 메이투 필터 조합 조은거 모르는 사람 없었으면 조켄네..🫰 https://t.co/VjQXKxuwYn,Sun Jun 14 05:34:08 +0000 2026,2036572128787701762,Li,chaerrynnaru,181,4,0,0,https://x.com/chaerrynnaru/status/2066031411019313551,ko,False,2026-06-18 00:06:35,한국,https://pbs.twimg.com/media/HKwEnoFakAAg1cV.jpg
2065967973807149560,메이투,@bd0zi 안녕하세요!! 혹시 메이투 연간 분철팟 나머지 한 명 더 구하셨을까요? 저 들어가고 싶습니당,Sun Jun 14 01:22:03 +0000 2026,1267530614929887232,운명,xranslxve,87,0,0,1,https://x.com/xranslxve/status/2065967973807149560,ko,False,2026-06-18 00:06:35,한국,
2065838456505512420,메이투,@uuu_Ik_ 포타 넷플 티빙 라프텔 세로그 배민 에이블리 쿠팡 지그재그 테무 웹툰 리디 틱톡 유튜브 팀즈 리로스쿨 스포티파이 애플뮤직 메이투 번장 당근 노션,Sat Jun 13 16:47:24 +0000 2026,2045538666853101568,슬젖,tpskuiiiy,714,1,0,0,https://x.com/tpskuiiiy/status/2065838456505512420,ko,False,2026-06-18 00:06:35,한국,
2065836376848011277,메이투,메이투,Sat Jun 13 16:39:08 +0000 2026,1898315594124193792,春,Bbamm3131,257,1,0,0,https://x.com/Bbamm3131/status/2065836376848011277,ko,False,2026-06-18 00:06:35,한국,
2065808473926082570,메이투,메이투 어플에 잇떠여!!!! https://t.co/eLK2jUCeoN,Sat Jun 13 14:48:15 +0000 2026,1487788112118190081,무둑,mehokkuk,397,0,0,0,https://x.com/mehokkuk/status/2065808473926082570,ko,False,2026-06-18 00:06:35,한국,
2065755022399611028,메이투,"다교님 서연님 진짜 보정하신 것처럼 생기셨긔
넘나 그냥 메이투 보정 100으로 올린 거 같긔",Sat Jun 13 11:15:51 +0000 2026,2035436764647886848,동그리콩,w1ngski22,157,3,0,0,https://x.com/w1ngski22/status/2065755022399611028,ko,False,2026-06-18 00:06:35,한국,
2065742076525068702,메이투,보정 심하다고 욕할거면 메이투 연간 결제나 끊어주고 말해주세용 님이 보는 보정 꽁짜아닙니다 돈줘.,Sat Jun 13 10:24:25 +0000 2026,1814590706327166977,둡우,DuBu_BD,1345,16,0,4,https://x.com/DuBu_BD/status/2065742076525068702,ko,False,2026-06-18 00:06:35,한국,
2065670793011531996,메이투,메이투 디카 필터 꽤 자연스러우시다 https://t.co/RsB7tFT0NS,Sat Jun 13 05:41:10 +0000 2026,2057517171023212544,단오,stephani28e_ril,163,3,0,0,https://x.com/stephani28e_ril/status/2065670793011531996,ko,False,2026-06-18 00:06:35,한국,https://pbs.twimg.com/media/HKq8ohBbsAAbjsy.jpg
2064686650668781577,meitu,"@melt__japan 앱: Epic, meitu,라이트룸
Pc: 포토샵,캔바를 주로 사용해요",Wed Jun 10 12:30:32 +0000 2026,1780816340535885824,coscc,coscc9312,162,1,0,0,https://x.com/coscc9312/status/2064686650668781577,ko,False,2026-06-18 00:06:20,한국,
2064407392151048492,meitu,"메이투 meitu 분철합니다

아이폰만 1년 인당 1.6
다 모이는 즉시 결제 후 계정 공유드려요
디엠 확인 어려워서 오픈 채팅으로 문의 부탁드려요

https://t.co/DfueTobhv4",Tue Jun 09 18:00:51 +0000 2026,772770474942017536,양도,_HY_HZ_,368,0,0,1,https://x.com/_HY_HZ_/status/2064407392151048492,ko,False,2026-06-18 00:06:20,한국,
2063618290854019493,뷰티캠,@cmwjfff 아 그건 뷰티캠?!쓴거같기도 ㅇㅇ 암튼 귀욥네요,Sun Jun 07 13:45:15 +0000 2026,1921634008536072192,뿌니,fmcomor,19,0,0,0,https://x.com/fmcomor/status/2063618290854019493,ko,False,2026-06-15 00:07:00,한국,
2065817404970873081,메이투,@ghhjhgg888 메이투 눈 보정 100한 나 같다,Sat Jun 13 15:23:45 +0000 2026,1950756346971983872,텐지이,hjuytd0875713,56,1,0,0,https://x.com/hjuytd0875713/status/2065817404970873081,ko,False,2026-06-15 00:06:43,한국,
2065498418462503032,메이투,메이투 플래시 필터 ദ്ദി( ⩌ᴗ⩌)✧ https://t.co/ikcPUGnpr3,Fri Jun 12 18:16:12 +0000 2026,1922547906369994752,:3,cozemaw,1781,126,2,3,https://x.com/cozemaw/status/2065498418462503032,ko,False,2026-06-15 00:06:43,한국,https://pbs.twimg.com/media/HKof3NraAAAgrpk.jpg
2065494540941668727,메이투,대부분 아이폰16!! 근데너무 맘에안들어서 바꾸고싳.ㅠㅠ8+쓰다가 술머꼬 잃어버림이 ㅎㅎ 디카느낌나는건 메이투 필터에욤 https://t.co/10CJheukun,Fri Jun 12 18:00:48 +0000 2026,1810310213226156032,0,youngiesuh,355,0,0,0,https://x.com/youngiesuh/status/2065494540941668727,ko,False,2026-06-15 00:06:43,한국,
2065469246730273126,메이투,@jja0yo 메이투 타바에서 사면 하루에 400원 한달에 2400원정두박애 않헤.ㅎㅎ,Fri Jun 12 16:20:17 +0000 2026,1984442857881849856,초빙빙,cjsfud_,127,0,0,1,https://x.com/cjsfud_/status/2065469246730273126,ko,False,2026-06-15 00:06:43,한국,
2065464601651958181,메이투,"메이투 아이폰 분철 구합니다!!
제가 들어가는거고 글 내려갈때까지 구합니다!!",Fri Jun 12 16:01:50 +0000 2026,1373582953117151237,묭,ehsdjqtvhzkvkz,167,0,0,0,https://x.com/ehsdjqtvhzkvkz/status/2065464601651958181,ko,False,2026-06-15 00:06:43,한국,
2065449934149779846,메이투,@mangocakecos 안녕하세요 메이투 다 구하셨나요?,Fri Jun 12 15:03:33 +0000 2026,1703008766818680832,아까매,WakameIsBack,97,0,0,1,https://x.com/WakameIsBack/status/2065449934149779846,ko,False,2026-06-15 00:06:43,한국,
2065432050539335948,메이투,핑크핑크한 지뢰계 보정 어떻게 하나요 (ᵕ⩊ᵕ̩̩ ) 메이투 스노우에서 못 찾음...,Fri Jun 12 13:52:29 +0000 2026,1975135333533818880,ソダ,Soda__cute,266,6,0,2,https://x.com/Soda__cute/status/2065432050539335948,ko,False,2026-06-15 00:06:43,한국,
2065392679962530242,메이투,@aide04742 저도 메이투 중안부축소 없으면 죽어요 메이투는 신이야,Fri Jun 12 11:16:02 +0000 2026,1929540120912576512,작게,xoxoandnext,95,0,0,1,https://x.com/xoxoandnext/status/2065392679962530242,ko,False,2026-06-15 00:06:43,한국,
2065094126639685651,메이투,나는 헬로톡 위챗 비리비리 샤오홍슈 도우인 도우반 웨이보 아이치이 타오바오 테무 알리 틱톡 메이투 다 가입 햇는데,Thu Jun 11 15:29:42 +0000 2026,2051318655984844800,정서연,jeungseoyeon,1510,1,0,0,https://x.com/jeungseoyeon/status/2065094126639685651,ko,False,2026-06-15 00:06:43,한국,
2065034100529037802,메이투,메이투 보정100먹여도 이 얼굴 안 나와 https://t.co/GRquRKAWX6,Thu Jun 11 11:31:10 +0000 2026,1770737676242624512,수짱,suurhao,104,0,0,0,https://x.com/suurhao/status/2065034100529037802,ko,False,2026-06-15 00:06:43,한국,https://pbs.twimg.com/media/HKh5kbwbAAAHvmw.jpg
2064992752723755425,메이투,수동 보정 후 메이투 효과-소프트필름 씁니다! 감사합니따ㅎㅎ https://t.co/CDdQlQt37F,Thu Jun 11 08:46:52 +0000 2026,1929469606252699648,4,sa4four4,218,0,0,0,https://x.com/sa4four4/status/2064992752723755425,ko,False,2026-06-15 00:06:43,한국,
2064897214414262720,메이투,@meitu_kr 메이투💝유바리,Thu Jun 11 02:27:14 +0000 2026,2018666131662512130,유바리,yubalimothy,229,1,0,0,https://x.com/yubalimothy/status/2064897214414262720,ko,False,2026-06-15 00:06:43,한국,
2064743302545711573,메이투,@loria0404 @Pomonne_som 헉!! 저도 메이투 쓰는데 이렇게 다를 수 있군요!! 알려주셔서 감사해요🥹🩵,Wed Jun 10 16:15:39 +0000 2026,2015286672754356224,이응,ololo2nn,263,2,0,1,https://x.com/ololo2nn/status/2064743302545711573,ko,False,2026-06-15 00:06:43,한국,
2064722807523794957,메이투,"@himdyu 나 메이투 못까는데
무보정 해야되나 싶어서 ㅈㄴ 심란",Wed Jun 10 14:54:12 +0000 2026,2041544352988860416,지화자,jihwajawa_0,125,2,0,1,https://x.com/jihwajawa_0/status/2064722807523794957,ko,False,2026-06-15 00:06:43,한국,
2064657006020145257,메이투,아니 메이투 조명효과? 완전 야rrrrrrrrr https://t.co/HSQGyQnALk,Wed Jun 10 10:32:44 +0000 2026,1756705265280528384,도아씨,raantwis,3171,91,0,0,https://x.com/raantwis/status/2064657006020145257,ko,False,2026-06-15 00:06:43,한국,https://pbs.twimg.com/media/HKcimaqbMAAGBMd.jpg
2064619062962053271,메이투,메이투 짱이다 https://t.co/ZoBdvmHPcD,Wed Jun 10 08:01:58 +0000 2026,2042493425392455680,먀메,myame_cos,141,4,0,0,https://x.com/myame_cos/status/2064619062962053271,ko,False,2026-06-15 00:06:43,한국,https://pbs.twimg.com/media/HKcAF9GbsAADoI6.jpg
2064608038741328357,메이투,"이담엔터테인먼트 메이투 보정을 중단하라,,,",Wed Jun 10 07:18:09 +0000 2026,1450041667755466753,케고,chowoodzfan,4196,58,9,0,https://x.com/chowoodzfan/status/2064608038741328357,ko,False,2026-06-15 00:06:43,한국,
2064569242226409760,메이투,"트친: 사진관보다 님이 더 보정 잘하는 것 같은데요

스페셜 땡스
메이투",Wed Jun 10 04:43:59 +0000 2026,1962830416597127169,냐짱 Ｃ：。ミ,Y0URDOLLY,125,3,0,0,https://x.com/Y0URDOLLY/status/2064569242226409760,ko,False,2026-06-15 00:06:43,한국,
2064456291142316353,메이투,무슨 메이투 ai보정 사진마냥 나옴 https://t.co/0xYkbb0TPE,Tue Jun 09 21:15:10 +0000 2026,2040344744992124928,蝶,nabbe__13,236,6,1,2,https://x.com/nabbe__13/status/2064456291142316353,ko,False,2026-06-15 00:06:43,한국,https://pbs.twimg.com/media/HKZsDXHbsAEx0o0.jpg
2064418080646918163,메이투,요즘 내 밤 낚시 메이투 포페 님 ㅇ///ㅇ https://t.co/E7A9FQVeQp,Tue Jun 09 18:43:20 +0000 2026,1995505129249017856,백예인,Y31nbe,408,3,1,1,https://x.com/Y31nbe/status/2064418080646918163,ko,False,2026-06-15 00:06:43,한국,https://pbs.twimg.com/media/HKZJQP2bwAA1xiw.jpg
2064374726508925385,메이투,"@hs_green_apple 색감이나 빛 보정을 말하는 것이라면 보통 포토샵으로.. (raw파일로 찍을때)  얼굴보정은 보통 셀카는 메이투,,, 사진촬영 일 받아서 작업할 때는 포토샵 픽셀유동화로,,,",Tue Jun 09 15:51:03 +0000 2026,1992467576937648129,에모 エモ,kmello_AEMO,140,0,0,1,https://x.com/kmello_AEMO/status/2064374726508925385,ko,False,2026-06-15 00:06:43,한국,
2064369371729006784,메이투,메이투 &lt;&lt; 결제해야되나 ...,Tue Jun 09 15:29:47 +0000 2026,1753797669628399616,도한,dohan_01,406,1,0,1,https://x.com/dohan_01/status/2064369371729006784,ko,False,2026-06-15 00:06:43,한국,
2064364414233682192,메이투,"""발칙한 후궁"" vs ""참한 후궁"" ㅋㅋㅋㅋㅋ

이제,,, 상하이 안가도 방구석에서
체험 가능 🤍

근데 메이투 진짜 유행 빠루다,,,👍🏻 https://t.co/1bA8egxAJs",Tue Jun 09 15:10:05 +0000 2026,2055155035424608256,구사자 (김정아) 🇰🇷,94_j_a9cdk,116,0,0,0,https://x.com/94_j_a9cdk/status/2064364414233682192,ko,False,2026-06-15 00:06:43,한국,https://pbs.twimg.com/media/HKYYdXkbAAA2KJT.jpg
2064342870069530969,메이투,메이트? 메이투 결제 해보고 싶음 필터 쩐다,Tue Jun 09 13:44:28 +0000 2026,2045521305173446656,ㅅㄷ,loshalenaS2_,131,1,0,0,https://x.com/loshalenaS2_/status/2064342870069530969,ko,False,2026-06-15 00:06:43,한국,
2064336263050907744,메이투,메이투 보정어플 죠아요?,Tue Jun 09 13:18:13 +0000 2026,3067786704,레디/아코스타(일),ready_llwll,204,1,0,1,https://x.com/ready_llwll/status/2064336263050907744,ko,False,2026-06-15 00:06:43,한국,
2064304547628261527,메이투,"진짜 압도적인 메이투 필터는 이거임… G7X 
개칙칙한 역광 사진을 무슨 영화처럼 만들어줌 https://t.co/6f9jnL95iz",Tue Jun 09 11:12:11 +0000 2026,1984768455850262528,dol..,8boiup,404,1,0,0,https://x.com/8boiup/status/2064304547628261527,ko,False,2026-06-15 00:06:43,한국,https://pbs.twimg.com/media/HKXiC0waQAEWeDv.jpg
2064274055906394503,메이투,@tokunodh 오시욘 조켓다 스노우 메이투 이딴거 ㅁ영우ㅗㄴ히 모룰듯 ㅠㅋ,Tue Jun 09 09:11:01 +0000 2026,1757304619053744128,구름☁️,9reum_22,113,0,0,0,https://x.com/9reum_22/status/2064274055906394503,ko,False,2026-06-15 00:06:43,한국,
2064246196949119020,메이투,제미나이 미드저니 메이투 너넨 구현하지 못하겟지 츠츠츠… https://t.co/C21JvsEcqx,Tue Jun 09 07:20:19 +0000 2026,1845137153120260096,໊,wisher4539,113,0,0,0,https://x.com/wisher4539/status/2064246196949119020,ko,False,2026-06-15 00:06:43,한국,https://pbs.twimg.com/media/HKWs-ZhaIAAKJOW.jpg
2064201844927410467,메이투,"""발칙한 후궁"" vs ""참한 후궁"" ㅋㅋㅋㅋㅋ

이제,,, 상하이 안가도 방구석에서
체험 가능 🤍

근데 메이투 진짜 유행 빠루다,,,👍🏻 https://t.co/F7gLqwJ1SJ",Tue Jun 09 04:24:05 +0000 2026,2041345043764563968,구사자 (김정아) 🇰🇷,94_j_a690,145,0,0,0,https://x.com/94_j_a690/status/2064201844927410467,ko,False,2026-06-15 00:06:43,한국,https://pbs.twimg.com/media/HKWEmZiaYAAemWe.jpg
2064189359352676778,메이투,"작년 삿포로 사진 빈티지맛으로 다시 살려줌🤍🌨️
언능 다시 보내쥬세요 hehe
눈 오는 날 감성에 찰떡이라서 첫사랑 조작 가능ㅋㅎ

메이투 - ai효과 - 효과 - CCD https://t.co/qJT5TC4tHA",Tue Jun 09 03:34:28 +0000 2026,2039033129537609728,이 하린,bemy_rin982,160,0,0,0,https://x.com/bemy_rin982/status/2064189359352676778,ko,False,2026-06-15 00:06:43,한국,https://pbs.twimg.com/media/HKV5PxKaoAE9n_q.jpg
2064121312155783619,메이투,"메이투 화질저하 없는게 맞나요..???
유료 쓰고있는데 용량2배정도 차이나덩데  ( ͒ ́ඉ .̫ ඉ ̀ ͒)  👈👈 오늘아침에 깨달은사람",Mon Jun 08 23:04:04 +0000 2026,1551437905238708224,이브닝💝,CosEvening,333,3,0,0,https://x.com/CosEvening/status/2064121312155783619,ko,False,2026-06-15 00:06:43,한국,
1994656988647895053,meitu,"#메이투 (Meitu) 레인과 폴라로이드 투샷 (ゝω・´★) 아날로그 감성 너무 좋아효...
 #드림 #マッシュル #MASHLE #마슐 https://t.co/d3wEUVbyFY",Sat Nov 29 06:37:39 +0000 2025,1950873591123488768,가오나시 여친,syil__v,501,2,0,0,https://x.com/syil__v/status/1994656988647895053,ko,False,2026-06-15 00:06:29,한국,https://pbs.twimg.com/media/G65x9b6aQAAv6E8.jpg
2064484444648673409,메이투,"메이투 1년 유료 분철팟 구해요.
아이폰,   1.3에 이용가능

디엠이나 멘션 남겨쥬세요!",Tue Jun 09 23:07:02 +0000 2026,1703039168048496640,pho(상태:ㅊㅇㅇ),thisispho_x,96,1,0,1,https://x.com/thisispho_x/status/2064484444648673409,ko,False,2026-06-11 00:06:03,한국,
2064441482296348828,메이투,"메이투 1년권 분철하실분 
오늘 결제했고 1.3으로 3천원싸게 이용가능!!
디엠, 멘션 주새요!",Tue Jun 09 20:16:19 +0000 2026,1703039168048496640,pho(상태:ㅊㅇㅇ),thisispho_x,72,0,0,0,https://x.com/thisispho_x/status/2064441482296348828,ko,False,2026-06-11 00:06:03,한국,
2064370725251895507,메이투,"메이투 분철구해요
디엠 멘션주새요",Tue Jun 09 15:35:09 +0000 2026,1703039168048496640,pho(상태:ㅊㅇㅇ),thisispho_x,56,1,0,1,https://x.com/thisispho_x/status/2064370725251895507,ko,False,2026-06-11 00:06:03,한국,
2064161396213101036,메이투,메이투 분철해주실분,Tue Jun 09 01:43:21 +0000 2026,1703039168048496640,pho(상태:ㅊㅇㅇ),thisispho_x,109,0,0,0,https://x.com/thisispho_x/status/2064161396213101036,ko,False,2026-06-11 00:06:03,한국,
2064017846662050192,메이투,"인생이 그냥
좆빻은 거 같기도 하고 나름 괜찮은 거 같기도 하고 존나괜찮은 거 같기도 하고 그냥 지금 당장 자살. 차가운 수술대. 이지랄 해야될 거 같기도 하고 전면 갔다가 후면 갔다가 인생네컷 갔다가 폴라로이드 갔다가 공기계 갔다가 거울 갔다가 메이투 갔다가",Mon Jun 08 16:12:56 +0000 2026,2022296339993042944,듀이,_an9ju,691,17,2,2,https://x.com/_an9ju/status/2064017846662050192,ko,False,2026-06-11 00:06:03,한국,
2063958058598866997,메이투,메이투 필터에 fuji어쩌고 이거 너무 아랑스러운 필터인듯..... https://t.co/4IjonW5OGH,Mon Jun 08 12:15:22 +0000 2026,1810310213226156032,0,youngiesuh,398927,5866,765,4,https://x.com/youngiesuh/status/2063958058598866997,ko,False,2026-06-11 00:06:03,한국,https://pbs.twimg.com/media/HKSm6RVWoAA8R8j.jpg
2063862239141167289,메이투,메이투 좋은데 메이투만 쓰진 못하겠다 포토샵 터치가 한 번 더 필요함 ㅋㅋㅋㅋ ㅠㅠ,Mon Jun 08 05:54:37 +0000 2026,2002726353213562880,🌺산홍🌺,sanong_0v0,125,0,0,1,https://x.com/sanong_0v0/status/2063862239141167289,ko,False,2026-06-11 00:06:03,한국,
2063817676460613950,메이투,"지금 시위하는 것만 봐도 보여
나가서 부정선거 몇번 외치고 차자랑하고 인증샷 찍고나서 메이투 발라가면서 올리고 캡컷으로 잠실상황 편집해서 올리고 뭐 좌파보다 예쁘고 잘생겼다 이 프레임에 한껏 취해서 자아효능감 느끼는게 그들",Mon Jun 08 02:57:32 +0000 2026,1740163890674360320,아방빵,abangppang54767,1773,18,5,0,https://x.com/abangppang54767/status/2063817676460613950,ko,False,2026-06-11 00:06:03,한국,
2063814494112063537,메이투,메이투 유료결제하는 거 추천인가요 비추인가요,Mon Jun 08 02:44:53 +0000 2026,1881532385969451009,망고🥭,manggo111598,143,0,0,0,https://x.com/manggo111598/status/2063814494112063537,ko,False,2026-06-11 00:06:03,한국,
2063640702370927055,메이투,"@dmh04166 아 맞아요!!
저는 그래서 산소, 공정 필터만 쓰고 나머지는 후보정으로 돌려요~
차차 익숙해질거예요! 메이투 보정기능도 잘 쓰여서 좋습니다",Sun Jun 07 15:14:18 +0000 2026,1888364320108752896,비아,biacos_01,113,0,0,1,https://x.com/biacos_01/status/2063640702370927055,ko,False,2026-06-11 00:06:03,한국,
2063639463033753710,메이투,"@biacos_01 이럴수가ㅠ
메이투 너무 제얼굴 아닌것 처럼 나와서 너무 어색해요 메이크업은 건들지말고 피부보정으로 찍고 후보정 해야하나봐요ㅠㅜㅠ",Sun Jun 07 15:09:23 +0000 2026,1525268287,파코리 🕯,dmh04166,146,0,0,1,https://x.com/dmh04166/status/2063639463033753710,ko,False,2026-06-11 00:06:03,한국,
2063638566761320936,메이투,"@dmh04166 헐 저두요..
새폰 시작하면서 몇 중국어플들이 안깔리더라구요ㅠ
메이투 추천드리는데
처음엔 어색하지만 자주 써서 익숙해지면 좋아요~",Sun Jun 07 15:05:49 +0000 2026,1888364320108752896,비아,biacos_01,127,0,0,1,https://x.com/biacos_01/status/2063638566761320936,ko,False,2026-06-11 00:06:03,한국,
2063637239318577601,메이투,와 메이투 결제중이라 카메라 켜보는데 되게 중국식화장같다,Sun Jun 07 15:00:33 +0000 2026,1525268287,파코리 🕯,dmh04166,203,1,0,0,https://x.com/dmh04166/status/2063637239318577601,ko,False,2026-06-11 00:06:03,한국,
2063602678161383818,메이투,메이투 같은 보정 햄뺑이 안쳐도 그냥 얼굴만으로 압도함 https://t.co/8Mz4iShNSl,Sun Jun 07 12:43:13 +0000 2026,1713938139658743808,bnc,y2ktravel,1405,17,8,0,https://x.com/y2ktravel/status/2063602678161383818,ko,False,2026-06-11 00:06:03,한국,https://pbs.twimg.com/media/HKNjs05aoAAxPMG.jpg
2063589956929654835,메이투,"마라탕 훠궈 개 처먹고
캡컷 메이투 테무 ㅈㄴ 쓰시고 왕홍 메이크업받고 
메이투 테무 광고도 받고 테무깡하고 중국 여행도 ㅈㄴ 다니시면서 멸공 ㉧㉨㉣ 하는게 너무 이상함",Sun Jun 07 11:52:40 +0000 2026,1895487381161291776,딤..,whydoyoucake,301,2,0,0,https://x.com/whydoyoucake/status/2063589956929654835,ko,False,2026-06-11 00:06:03,한국,
2063556255491424484,메이투,@hosu1225 당연하짓 ----!!!! 나 메이투 연간결제한사람.,Sun Jun 07 09:38:44 +0000 2026,1512459706169982982,두기,doo_giii,94,0,0,1,https://x.com/doo_giii/status/2063556255491424484,ko,False,2026-06-11 00:06:03,한국,
2063541691328741484,메이투,아이폰16인데 메이투 토닝&gt; 디테일&gt; 두 번째 선명도 올리면 사진 확 선명해져요! https://t.co/SwstnJsfUj,Sun Jun 07 08:40:52 +0000 2026,1702184316573495296,하로𖦹,haronim_cos,953,15,0,0,https://x.com/haronim_cos/status/2063541691328741484,ko,False,2026-06-11 00:06:03,한국,
2063518156765958373,메이투,메이투 vip 오늘 결제함!! 타바에서 싸게 하는법을 알게된 여자 내가 승자다,Sun Jun 07 07:07:21 +0000 2026,1988274880337637378,세렌_せれん❄️,serendipia_27_0,126,0,0,0,https://x.com/serendipia_27_0/status/2063518156765958373,ko,False,2026-06-11 00:06:03,한국,
2063515404161716272,메이투,"메이투 유료
27년 4월 4일까지 사용 가능
2만원에 분철해요",Sun Jun 07 06:56:25 +0000 2026,1592131316463546369,롬,DaeliLom,356,0,0,1,https://x.com/DaeliLom/status/2063515404161716272,ko,False,2026-06-11 00:06:03,한국,
2063515012405375095,메이투,"@yuukagrg 메이투 뺑이 치길 잘했다
🫳🫳🫳 커어어엉 보고 싶내",Sun Jun 07 06:54:51 +0000 2026,1768929663945207808,네타미타미 ネタミタミ 🌵,netamitami_,199,0,0,1,https://x.com/netamitami_/status/2063515012405375095,ko,False,2026-06-11 00:06:03,한국,
2063508116294291464,메이투,"메이투에서 AI 기능을 사용해서 만들어봤어요!
굿모닝 필터만 더하면 자연스럽게 자다 깬 이미지 완성!
기능 경로 : 메이투 앱 → 사진 → AI 효과 → 신규 → '굿모닝' https://t.co/yihXv263zp",Sun Jun 07 06:27:27 +0000 2026,2040928328836628480,보윰,boyuum131,3046,1,0,0,https://x.com/boyuum131/status/2063508116294291464,ko,False,2026-06-11 00:06:03,한국,https://pbs.twimg.com/media/HKMNqL6aMAA57G9.jpg
2063498188364140637,메이투,요즘 피부가왤케좋지 존나 메이투 보정100때린거마냥 피부가 매끈해짐. 이 영광을 오버워치에게 돌립니다(근데 꼭 제가 이런트윗만 올리면 갑자기 썩어진단말이죠) https://t.co/zd0kxhEd8p,Sun Jun 07 05:48:00 +0000 2026,2045755936191778816,짭쥬스밥버거,2joo_E_89,248,1,0,0,https://x.com/2joo_E_89/status/2063498188364140637,ko,False,2026-06-11 00:06:03,한국,https://pbs.twimg.com/tweet_video_thumb/HKMEqbRbIAAS3R3.jpg
2063463537444524177,메이투,@gosk_52 셀카는 메이투(보정어플)로 찍고 촬영은 기카로하고 보정해요,Sun Jun 07 03:30:19 +0000 2026,1586379001639370752,Bluelime,Bluelime923,418,0,0,1,https://x.com/Bluelime923/status/2063463537444524177,ko,False,2026-06-11 00:06:03,한국,
2063351799424389341,메이투,진짜 메이투 보정 100의 얼굴,Sat Jun 06 20:06:18 +0000 2026,2007149400783818752,하요,cooll00c,205,0,0,0,https://x.com/cooll00c/status/2063351799424389341,ko,False,2026-06-11 00:06:03,한국,
2063281414007869669,메이투,아니 메이투 한명만 톤보정 못하나..??!! ㅁㅊ겟어 난개까만데 나만 밝아져야되는데,Sat Jun 06 15:26:37 +0000 2026,1718685142594813952,엥,0w0Eng,292,0,0,2,https://x.com/0w0Eng/status/2063281414007869669,ko,False,2026-06-11 00:06:03,한국,
2063217999218442663,메이투,"보정을 정말 많이 넣엇어요.
희생된앱들:틱톡 메이투 이비스 하레쨩 리코 https://t.co/6xa7T4gc3B",Sat Jun 06 11:14:38 +0000 2026,1997662231459442688,イチゴ,1st_gintoki,535,41,2,0,https://x.com/1st_gintoki/status/2063217999218442663,ko,False,2026-06-11 00:06:03,한국,https://pbs.twimg.com/media/HKIF1j6bEAAFD4a.jpg
2063214527005806693,메이투,왕홍 보정때매 메이투 vip 긁어서 잇거 저거 쓰는 중인데 너무 길티하고 웃김 https://t.co/qFqI60cULu,Sat Jun 06 11:00:50 +0000 2026,1962830416597127169,냐짱 Ｃ：。ミ,Y0URDOLLY,131,5,0,1,https://x.com/Y0URDOLLY/status/2063214527005806693,ko,False,2026-06-11 00:06:03,한국,https://pbs.twimg.com/media/HKICrctaUAAgeB1.jpg
2063192887467381036,메이투,@Seoin0204 메이투... 이비스... 최고....,Sat Jun 06 09:34:51 +0000 2026,2040715642970492928,퓨🔰 / 7서코 양일 / 천사님 모시는 중(솔),pyuxxxh0,65,1,0,0,https://x.com/pyuxxxh0/status/2063192887467381036,ko,False,2026-06-11 00:06:03,한국,
2063181049308524804,메이투,@mi_yeon_07cos 메이투 비계에만 올렸는덳 이게 나오다뉘.. https://t.co/OdHYUvBfj9,Sat Jun 06 08:47:48 +0000 2026,1889969909456842752,도련,Doryensama_23,86,1,0,1,https://x.com/Doryensama_23/status/2063181049308524804,ko,False,2026-06-11 00:06:03,한국,https://pbs.twimg.com/media/HKHkOy5bkAANB1a.jpg
2063147190965694964,메이투,감사합니다💃💃근데 그거는 다 제가 돈내고 메이투 써서 그래요 https://t.co/x2NUKD8sTs,Sat Jun 06 06:33:16 +0000 2026,2053388427010453504,메송,rnasonnn,429,10,0,0,https://x.com/rnasonnn/status/2063147190965694964,ko,False,2026-06-11 00:06:03,한국,
2062793869964825070,meitu,"폰으로는 meitu 쓸 때도 있는데
보통 글씨나 말풍선 / 폰트는
클튜 or 포토샵 쓰고 있어용
제가 심심하면 폰트모음이 행위를 해서 ...//// https://t.co/5JzGMcExNL",Fri Jun 05 07:09:18 +0000 2026,2050042301872041984,Guri,Gur2ring,108,0,0,0,https://x.com/Gur2ring/status/2062793869964825070,ko,False,2026-06-11 00:05:50,한국,
2061427989947257319,뷰티캠,"#광고
뷰티캠-포토샵-리터치-헤어☆
똥손도 가능하다!

하트 앞머리 도전₊⁺♡₊⁺ 

바로 사용하기
[https://t.co/pVIfthWiwD]

#뷰티캠 #AI헤어 https://t.co/FUkQkdD6bU",Mon Jun 01 12:41:46 +0000 2026,1826595680330420225,감자,20_v_e,7419,19,0,0,https://x.com/20_v_e/status/2061427989947257319,ko,False,2026-06-08 00:06:32,한국,https://pbs.twimg.com/media/HJup03ZbcAAZWeT.jpg
2042068516925473024,뷰티캠,"@seohuibom5631 스노우도 되고 뷰티캠? 어플인지 모르겠는데 아무튼
스노우랑 뷰티캠에서 했대요!",Thu Apr 09 02:34:08 +0000 2026,3132077588,추노인,chu_ricesmell,106,1,0,0,https://x.com/chu_ricesmell/status/2042068516925473024,ko,False,2026-06-08 00:06:32,한국,
2040373667591512339,뷰티캠,"@rojoxvun 와, 뷰티캠 반사판 기능 진짜 신기하네요! 역광 사진도 이렇게 예쁘게 살릴 수 있다니… 이 글은 백만 좋아요 받을 것 같아요! :",Sat Apr 04 10:19:25 +0000 2026,1880653043320094720,Naira mukhtar,NairaUddin9530,1045,0,0,0,https://x.com/NairaUddin9530/status/2040373667591512339,ko,False,2026-06-08 00:06:32,한국,
2040268790638973284,뷰티캠,무려…… 뷰티캠 ㅋ,Sat Apr 04 03:22:40 +0000 2026,1022265541,연,takeoff0301,40,0,0,0,https://x.com/takeoff0301/status/2040268790638973284,ko,False,2026-06-08 00:06:32,한국,
2039377154262405481,뷰티캠,@michinnomdeath 이거는 근데 뷰티캠 ai수준이야,Wed Apr 01 16:19:38 +0000 2026,1686080879700144128,앨리,daodiwhy,61,0,0,1,https://x.com/daodiwhy/status/2039377154262405481,ko,False,2026-06-08 00:06:32,한국,
2038861693967908999,뷰티캠,"네일 없으면 안되는 아갓씨들에게 꿀팁 전수드립니다 🫶

프롬프트 입력 없이 맘에 드는 디자인 고르고 바로 적용시킬수 있음!

뷰티캠 AI네일에 원컬러, 프렌치, 그라데이션 네일까지 종류 다양하고 심플한 디자인도 많아서 강강추!

손톱 밋밋할때 가겹게 사용하기 조음🪽 https://t.co/2sDBT0t7VP",Tue Mar 31 06:11:22 +0000 2026,1964220229023883264,뷰티캠 코리아,beautycam_kr,3393,1,0,0,https://x.com/beautycam_kr/status/2038861693967908999,ko,False,2026-06-08 00:06:32,한국,https://pbs.twimg.com/media/HEt95bdbMAAIIjl.jpg
2063608123043295529,메이투,"나 아키나랑 투샷인거 찍을려고 메이투 
돌렸는데 실수로 내사진을 두장넣어서 ㅇㅈㄹ남
ㅆㅂ 나같이 생기지도않고 기괴하게생김 https://t.co/Y8VUfH1OfA",Sun Jun 07 13:04:51 +0000 2026,1937169776520081408,루이(무라이 ㅇㅇㅇㅇㅇ),orzi___,170,8,0,1,https://x.com/orzi___/status/2063608123043295529,ko,False,2026-06-08 00:06:15,한국,https://pbs.twimg.com/media/HKNopmkbkAAoW0r.jpg
2063116516288004573,메이투,메이투 스티커에여  https://t.co/816fnGUIpm,Sat Jun 06 04:31:22 +0000 2026,2055045454417612801,슘,x1um0,1428,3,0,0,https://x.com/x1um0/status/2063116516288004573,ko,False,2026-06-08 00:06:15,한국,
2063112496333087131,메이투,"@d6thty 없지는 않겠지. 근데 자주 쓰는 보정 어플(메이투)에서 지원하면서 거부감이 줄기도 하고, AI 최고 거부감 발생 원인이 “딸깍”이라고 불리는  0에서 1을 아무 노력 없이 만든다. 이건데 코스에 ai 쓰면 보통 이미 할거 다하고, 뭐 보정이나 배경이나 추가하니까. 포토샵 보정이나 편집 정도로 인식하는",Sat Jun 06 04:15:24 +0000 2026,1872626466812571648,VODCA,VODCA621,377,1,0,2,https://x.com/VODCA621/status/2063112496333087131,ko,False,2026-06-08 00:06:15,한국,
2063085316060356745,메이투,"화각 차이 때문에 그럼
이미 메이투 max한 얼굴이라(얼굴 갸름하고 눈코입 큰 편) 폰카 렌즈st 광각으로 주변부 축소하면 작붕나보이는 거  https://t.co/ejrMiSoNGZ",Sat Jun 06 02:27:24 +0000 2026,1708139911831023616,가리쏘,P2eT7,734,9,0,1,https://x.com/P2eT7/status/2063085316060356745,ko,False,2026-06-08 00:06:15,한국,
2063051634939502618,메이투,"🐻 진짜 개웃겨서 웃다가 눈물났어

쭝드랑이 미역 리터치 사건 
스탭이 최종셀렉된 사진 보정하는데 쭝드랑이 미역들 자연스러운 결 정리가 아니라 메이투 매끈보정st 쭝드랑이로 만들어놧다는 얘기에 웃겨서 우는 멤버들 진짜 존느웃김 

#KatanyutonightxJASPER 
#JASPER  https://t.co/vs7ZY7Wyk1",Sat Jun 06 00:13:34 +0000 2026,2041150657516732416,키티,hello_k_i_tt_y,1847,44,5,0,https://x.com/hello_k_i_tt_y/status/2063051634939502618,ko,False,2026-06-08 00:06:15,한국,https://pbs.twimg.com/media/HKDptHeWUAAYKAG.jpg
2062896702231925123,메이투,"26.05.24 PlayX4 &amp; 일러스타페스
원신 시틀라리 (cv. 이은조 성우님)
Coser. @rkglfl99 긔여니님

저번엔 기본카메라 보정이었지만, 이번엔 메이투 유료결제로 보정해봤습니다! 보정 괜찮은지 평가해주세요! 훈수도 환영입니다! #PlayX4 #일러스타페스11 #원신 #GenshinImpact #시틀라리 https://t.co/KFH9etx5ce",Fri Jun 05 13:57:55 +0000 2026,1220391373825695744,StarLucid,StarLucidFall,165,2,1,0,https://x.com/StarLucidFall/status/2062896702231925123,ko,False,2026-06-08 00:06:15,한국,https://pbs.twimg.com/media/HKDhm0WbcAEzyoZ.jpg
2062886781901840393,메이투,"@ssonpangi 메이투 서포터즈 신청 오늘까지 가능합니다 
환영헤요💗",Fri Jun 05 13:18:30 +0000 2026,998523884423995400,Meitu 메이투 (official),meitu_kr,78,1,0,0,https://x.com/meitu_kr/status/2062886781901840393,ko,False,2026-06-08 00:06:15,한국,
2062865425789231398,메이투,"복잡한 프롬포트 없이 최애랑 밀착해서 셀카찍기...🫪🤍

#광고 #메이투 #초근접샷 #밀착투샷 #엄성현 #코르티스 https://t.co/SaBgmPyyjp",Fri Jun 05 11:53:38 +0000 2026,1378318440180580352,i.ze,ixzxex,5363,20,2,0,https://x.com/ixzxex/status/2062865425789231398,ko,False,2026-06-08 00:06:15,한국,https://pbs.twimg.com/media/HKDFK8dbQAAkj6d.jpg
2062864620424167726,메이투,"메이투 같이하실분~!!
지금 4명있고 매월 4~5일에 결제해요!
5명 다 차면 월3,380원이에요
우선 트친분들중에서 받겠습니다!",Fri Jun 05 11:50:26 +0000 2026,2023263839916298240,맹고케이크|아코스타일,mangocakecos,275,0,0,1,https://x.com/mangocakecos/status/2062864620424167726,ko,False,2026-06-08 00:06:15,한국,
2062862080634769624,메이투,@meitu_kr 저 메이투 프리미엄 구독했는데 온라인 서포터즈 시켜주세요,Fri Jun 05 11:40:20 +0000 2026,1692800734935560192,마틴똥,ssonpangi,85,1,0,1,https://x.com/ssonpangi/status/2062862080634769624,ko,False,2026-06-08 00:06:15,한국,
2062847643018285417,메이투,"성현이랑 셀카찍기📸 
메이투로 프롬포트 없이 만들 수 있어요!!
ㄴ메이투 앱 - 사진 -AI효과 -밀착투샷
#메이투 #초근접샷 #밀착투샷 #성현 #코르티스 https://t.co/o4XCaLdWPc",Fri Jun 05 10:42:58 +0000 2026,2009488234703933442,승채,csandoze,3788,7,0,0,https://x.com/csandoze/status/2062847643018285417,ko,False,2026-06-08 00:06:15,한국,https://pbs.twimg.com/media/HKC07a7bUAAXPKj.jpg
2062826057615753568,메이투,@nene808808 메이투 먹었지요 🥹🥹❤️❤️❤️,Fri Jun 05 09:17:12 +0000 2026,1923726910959554560,루이나,luina_77,110,0,0,1,https://x.com/luina_77/status/2062826057615753568,ko,False,2026-06-08 00:06:15,한국,
2062811711292453265,메이투,"내가이래서 오프기피하는거야
난 시발 메이투 에픽 틱톡필터 존나돌려서 띡 하나올리는 나와 일카로 찍어서 필터 한개 걸치고 올리는 너네와내가만나서는안되는일이야",Fri Jun 05 08:20:11 +0000 2026,1881031019798925312,김아름,ppim_ppi,1771,4,1,1,https://x.com/ppim_ppi/status/2062811711292453265,ko,False,2026-06-08 00:06:15,한국,
2062790136732278871,메이투,"아니ㅜㅜㅋㅋㅋ..
메이투 공계가 맘찍해줌.. https://t.co/jXqRWFZszi",Fri Jun 05 06:54:28 +0000 2026,2022215464840310791,툐툐,sionmybunny,1337,31,0,1,https://x.com/sionmybunny/status/2062790136732278871,ko,False,2026-06-08 00:06:15,한국,https://pbs.twimg.com/media/HKCAseGbYAA1eQr.jpg
2062789322907222199,메이투,메이투 오피셜이 왜 이거에 좋아요누른 https://t.co/m4169VEnF9,Fri Jun 05 06:51:14 +0000 2026,1692800734935560192,마틴똥,ssonpangi,2402,17,0,1,https://x.com/ssonpangi/status/2062789322907222199,ko,False,2026-06-08 00:06:15,한국,https://pbs.twimg.com/media/HKB_9EYaQAAZl03.jpg
2062788397664698383,메이투,"@chqor2 메이투 용량 너무 커져서 그런 거 아니야???
난 가끔 용량 너무 커지면 초안 정리하거나 앱 깔앗다 지우는디",Fri Jun 05 06:47:33 +0000 2026,2017671571033423872,미그,migdayo,61,0,0,1,https://x.com/migdayo/status/2062788397664698383,ko,False,2026-06-08 00:06:15,한국,
2062766486780023254,메이투,@_noah_cos 메이투?,Fri Jun 05 05:20:29 +0000 2026,1763137925221613568,청사,COS_Blue4,121,2,1,1,https://x.com/COS_Blue4/status/2062766486780023254,ko,False,2026-06-08 00:06:15,한국,
2062716045161628082,메이투,@matbaku 이건바로 메이투 유로버전의 은혜를 입은거죠~!ㄱㅋㅋㅋㄱ,Fri Jun 05 02:00:03 +0000 2026,1002873362878586880,아이카 (a!),cherryandsilky,75,1,0,0,https://x.com/cherryandsilky/status/2062716045161628082,ko,False,2026-06-08 00:06:15,한국,
2062573545352470636,메이투,"이범이랑!
ㅁㅔ이투  짱/// https://t.co/MC4nFkUNeA",Thu Jun 04 16:33:48 +0000 2026,1064846493490675712,덕배,Duck_ldH,334,9,0,3,https://x.com/Duck_ldH/status/2062573545352470636,ko,False,2026-06-08 00:06:15,한국,https://pbs.twimg.com/media/HJ-7tN2aAAA8Sin.jpg
2062572789174018199,메이투,@g_gagdang 메이투 징짜 최고야!!!,Thu Jun 04 16:30:48 +0000 2026,2012717239154434048,현채,nohgusco323,187,1,0,0,https://x.com/nohgusco323/status/2062572789174018199,ko,False,2026-06-08 00:06:15,한국,
2062566998408941826,메이투,@8treeeeeeee8 저는 귀찮아서 메이투 돌렷슴니다,Thu Jun 04 16:07:47 +0000 2026,2046452154911850496,æ쿄원,hyokyosss,154,2,0,1,https://x.com/hyokyosss/status/2062566998408941826,ko,False,2026-06-08 00:06:15,한국,
2062507779546636629,메이투,이건 메이투 500 정도 땡긴 감이 있습니다 https://t.co/Z41kYVe1Yg,Thu Jun 04 12:12:28 +0000 2026,1679434467616915462,뱅훈이,lov3out,285,2,0,0,https://x.com/lov3out/status/2062507779546636629,ko,False,2026-06-08 00:06:15,한국,https://pbs.twimg.com/media/HJ9_5N0aEAA866B.jpg
2062494562388742162,메이투,@ATs_jgh 저는 스노우랑 메이투 써요!,Thu Jun 04 11:19:57 +0000 2026,1588367951937212418,광교주 마토김,Kimmato2,83,0,0,0,https://x.com/Kimmato2/status/2062494562388742162,ko,False,2026-06-08 00:06:15,한국,
2062472757800284439,메이투,"메이투 아이폰 분철 구합니다!!
제가 들어가는거고 글 내려갈때까지 구합니다!!",Thu Jun 04 09:53:19 +0000 2026,1373582953117151237,묭,ehsdjqtvhzkvkz,204,0,0,0,https://x.com/ehsdjqtvhzkvkz/status/2062472757800284439,ko,False,2026-06-08 00:06:15,한국,
2062471873846493582,메이투,@shoux_33 메이투 주름제거?...,Thu Jun 04 09:49:48 +0000 2026,2050784543045480448,옹댕이...,ongdaeng2e2,96,0,0,1,https://x.com/ongdaeng2e2/status/2062471873846493582,ko,False,2026-06-08 00:06:15,한국,
2062471488092176401,메이투,AI아닌데 메이투 돌린것 같아요.. https://t.co/tnkLRaTuD2,Thu Jun 04 09:48:16 +0000 2026,1979791271645622272,요미,malchya0628,371,22,0,2,https://x.com/malchya0628/status/2062471488092176401,ko,False,2026-06-08 00:06:15,한국,https://pbs.twimg.com/media/HJ9e4uAbEAACwJu.jpg
2062470618810089474,메이투,@cuzcuzcu 나아니고 메이투 성형외과 출신,Thu Jun 04 09:44:49 +0000 2026,1881826624712421376,5wa,5wa1011337,143,0,0,0,https://x.com/5wa1011337/status/2062470618810089474,ko,False,2026-06-08 00:06:15,한국,
2062467660399698382,메이투,"#광고

최애랑 손하트 하는 초근접샷 찍어봄 ..🫶🏻

메이투 앱에서
사진 &gt; AI 효과 &gt; 밀착투샷 기능으로 만들었는데
복잡한 프롬프트 없이 사진만 넣으면 돼서 진짜 간단하다!

최애랑 바로 옆에서 셀카 찍은 느낌이라 너무 신기해.. 😳

#메이투 #초근접샷 #민주 #밀착투샷 https://t.co/6OXzbZweGm",Thu Jun 04 09:33:03 +0000 2026,1586753619948638209,rojo,rojoxvun,13157,39,3,0,https://x.com/rojoxvun/status/2062467660399698382,ko,False,2026-06-08 00:06:15,한국,https://pbs.twimg.com/media/HJ9bZtiaoAAq4Oe.jpg
1984809557689057437,meitu,"어제는 리버 밋업 날이었어서
밋업 후기글이 많이 올라오고 있네용
@RiverdotInc @River4fun 

그동안 밋업을 몇 번 가봤는데
리버가 음식 퀄도 좋고 장소도 잘 고른 것 같아요
다음 밋업은 필참해야지...!

저는 요즘 meitu(메이튜) 어플로
Ai사진을 만드는 게 유행이라고 해서
만들어봤는데 마지막 사진이
제 프사랑 비슷하게 나왔더라고요 ㅋㅋㅋ

재미삼아 만들어보기 좋은 것 같아요
그럼 남은 주말도 즐겁게 보내세요오~~~

<리버 핵심키워드>
Chain Abstraction
satUSD 
Omni-CDP
Vault
Airdrop
DeAI
$River",Sun Nov 02 02:27:29 +0000 2025,1921926036746604544,은 🐥🟢STABLE 🛰SPACE ⛽️ETHGAS,hahaha28987,1438,49,0,46,https://x.com/hahaha28987/status/1984809557689057437,ko,False,2026-06-08 00:05:58,한국,https://pbs.twimg.com/media/G4t1xT-a0AA7Ws_.jpg
1984796634094694747,meitu,"플로우 타는 것 같아서 돌려봤는데 진짜 분위기 좋네 

#akane #キャットガールサバイバー #CatGirlSurvivor #meitu https://t.co/NScmlwebfT",Sun Nov 02 01:36:07 +0000 2025,1731612672800735232,Ludit,luditplant_,1557,3,1,0,https://x.com/luditplant_/status/1984796634094694747,ko,False,2026-06-08 00:05:58,한국,https://pbs.twimg.com/media/G4tpmjxboAAJwpT.jpg
2059606380060053800,뷰티캠,"🌚죽은 사진도  🌝리는 법🪄🌓
으로 요즘 느좋  &amp;   만들기
🙅🏿‍♀️🔜🙆🏻‍♀️
⠀
How to? 🩷뷰티캠 어플 - 포토샵 - 편집 - 리터치 - AI 글로우🩷
⠀
어둡게 나와서 못 올리던  사진들 다 살려서 드디어 업로드🥳 https://t.co/0j8XwlPpBa",Wed May 27 12:03:21 +0000 2026,2039940026050519040,🇰🇷 MODEL 이소현,haeny_gram,102,0,0,0,https://x.com/haeny_gram/status/2059606380060053800,ko,False,2026-06-04 00:06:43,한국,
2059315425465504086,뷰티캠,"@sodasosd 미소녀는뭘로이루어져잇을까
쌍커풀테이프...뷰티캠..그리고 메이투...",Tue May 26 16:47:12 +0000 2026,1741836272119988224,지수,y_anan_u,101,0,0,0,https://x.com/y_anan_u/status/2059315425465504086,ko,False,2026-06-04 00:06:43,한국,
2052732710490390773,뷰티캠,@IwachiSaori 뷰티캠 좋아용,Fri May 08 12:49:50 +0000 2026,2002321958588014592,익명 04,sajinsa_C,64,1,0,1,https://x.com/sajinsa_C/status/2052732710490390773,ko,False,2026-06-04 00:06:43,한국,
2051572239792017609,뷰티캠,@sajinsa_C 저는 뷰티캠 쓰고 있어요!,Tue May 05 07:58:32 +0000 2026,1928400240211640320,토미,sangjin1025,136,0,0,1,https://x.com/sangjin1025/status/2051572239792017609,ko,False,2026-06-04 00:06:43,한국,
2050683020181733560,뷰티캠,"🥜 260504 키스오브라이프 심플리케이팝 뷰티캠 팬석 성공 경력 후기 (비스테이지)

✔️ n번, 1n번 당첨
💡 신청자 전원 성공

KISS OF LIFE 키오프 미팬 공방 사녹 생방 본방 쇼챔 엠카 뮤뱅 음중 인가 폼림 참림 버튼림 대리 신청 서베이 아리랑TV Simply K-pop 심케 https://t.co/p0KHzvT65o",Sat May 02 21:05:06 +0000 2026,1594310030857469953,호두 공방 대리,hodu_daeri,1966,1,0,0,https://x.com/hodu_daeri/status/2050683020181733560,ko,False,2026-06-04 00:06:43,한국,https://pbs.twimg.com/media/HHV9ViKboAAW-5S.jpg
2050561229169824120,뷰티캠,"❤️키스오브라이프 사녹 성공 후기
💚비스테이지

❤️260504 키오프 심플리케이팝 뷰티캠 n번 / 사녹 n번 성공

KISS OF LIFE 키오라 심케 Arirang TV Simply K-Pop https://t.co/CjFKzTcFWK",Sat May 02 13:01:09 +0000 2026,1679398895691137025,포도 공방대리,podoform4,1270,1,0,0,https://x.com/podoform4/status/2050561229169824120,ko,False,2026-06-04 00:06:43,한국,https://pbs.twimg.com/media/HHUOkSvboAA4D-c.jpg
2050153930940887164,뷰티캠,"❤️키스오브라이프 심플리케이팝 사녹, 뷰티캠 신청 받습니다
💚비스테이지

❤️키오프 사녹, 본방 n번 성공

공방 대리 폼림 댓림 참림 bstage 위버스 다음 네이버 사녹 사전녹화 본방 본방송 생방 엠카운트다운 엠카 뮤뱅 음중 인가 더쇼 쇼챔 키오라",Fri May 01 10:02:41 +0000 2026,1679398895691137025,포도 공방대리,podoform4,2717,0,0,0,https://x.com/podoform4/status/2050153930940887164,ko,False,2026-06-04 00:06:43,한국,
2049232139166826496,뷰티캠,"🌚죽은 사진도  🌝리는 법🪄🌓
으로 요즘 느좋  &amp;   만들기
🙅🏿‍♀️🔜🙆🏻‍♀️
⠀
How to? 🩷뷰티캠 어플 - 포토샵 - 편집 - 리터치 - AI 글로우🩷
⠀
어둡게 나와서 못 올리던  사진들 다 살려서 드디어 업로드🥳 https://t.co/TyemxjA3z2",Tue Apr 28 20:59:49 +0000 2026,2039940026050519040,🇰🇷 MODEL 이소현,haeny_gram,68,0,0,0,https://x.com/haeny_gram/status/2049232139166826496,ko,False,2026-06-04 00:06:43,한국,
2048659685109268963,뷰티캠,"✍️ 손글씨 사꾸하는 방법

1. 뷰티캠 어플을 깐다 🩵
2. 홈 - 포토샵 - AI 스타일 - 손글씨 사꾸 선택!
3. 조금만 기다리면 귀여운 메모 잔뜩 적힌 사진 생성 완료~

프롬프트 없이도 사진만 넣으면 되니까 꼭 따라 해보기! 👊👊👊 https://t.co/uoAhFlyVVe",Mon Apr 27 07:05:05 +0000 2026,1964220229023883264,뷰티캠 코리아,beautycam_kr,1284,0,0,0,https://x.com/beautycam_kr/status/2048659685109268963,ko,False,2026-06-04 00:06:43,한국,https://pbs.twimg.com/media/HG5NFdab0AAPXNd.jpg
2048635341788332123,뷰티캠,@achubbybaby @beautycam_kr 뷰티캠 어플 까면되나요~~~,Mon Apr 27 05:28:21 +0000 2026,1672927747591794689,김루루,i8888i8888i,247,0,0,0,https://x.com/i8888i8888i/status/2048635341788332123,ko,False,2026-06-04 00:06:43,한국,
2047272105490952308,뷰티캠,@wktk_take 2주차 때가 이 옷이고 뷰티캠 땐 라디오 착이에요!,Thu Apr 23 11:11:21 +0000 2026,1809680905994444800,토리,_ddotori,77,0,0,1,https://x.com/_ddotori/status/2047272105490952308,ko,False,2026-06-04 00:06:43,한국,
2062216956254822512,메이투,@baekban_67 메이투 AI 돌리면 이렇게 나옴,Wed Jun 03 16:56:51 +0000 2026,1629229113750999045,이리🪽,8en1did,39,0,0,0,https://x.com/8en1did/status/2062216956254822512,ko,False,2026-06-04 00:06:26,한국,
2062206105703580115,메이투,"하 제발 메이투 아닌데 ㅎㅅㅎ 잘생기고 무대 잘해서 멤버쉽까지 사서 콘서트 가려는 사람들 다 꺼져줬으면 좋겠음 너네가 뭔데 감히 메이투 자리를 넘벼 씨발 포카 한장도 없으면서

무대없다는말ㄴ콘서트없다는말ㄴ",Wed Jun 03 16:13:44 +0000 2026,1976685628558639104,くく,phoenixmeni,95,3,0,0,https://x.com/phoenixmeni/status/2062206105703580115,ko,False,2026-06-04 00:06:26,한국,
2062196833112523176,메이투,손에 잡고 있는 목줄이 끊겨잇는데 왜인지는 저도 모릅니다........대충 메이투 배경 잠금 해서 이렇게 된 것 같음 ㅠㅠ 지금 재업하기에도 너무 애매해서 그냥 남길게엿.... ( ͒ ́ඉ .̫ ඉ ̀ ͒),Wed Jun 03 15:36:53 +0000 2026,1978029811852582912,녹챤,Nokchan_0511,181,7,0,0,https://x.com/Nokchan_0511/status/2062196833112523176,ko,False,2026-06-04 00:06:26,한국,
2062195428666556444,메이투,메이투 야르다 https://t.co/mJ5eWTPvbE,Wed Jun 03 15:31:18 +0000 2026,1827688427460182016,사쿠크다스,sakukudasu1118,390,16,0,4,https://x.com/sakukudasu1118/status/2062195428666556444,ko,False,2026-06-04 00:06:26,한국,https://pbs.twimg.com/media/HJ5jz9PaoAA5CDu.jpg
2062194104113737826,메이투,장나영 스노우 메이투 압수,Wed Jun 03 15:26:02 +0000 2026,1778057628062736384,영원ᴱ,nayoungtaku,361,2,0,0,https://x.com/nayoungtaku/status/2062194104113737826,ko,False,2026-06-04 00:06:26,한국,
2062187757162881057,메이투,메이투로 1차보정하고 이비스로 넘어가서 2차보정합니다! 메이투 한 번 돌릴 때 파일크기가 작아지긴하는데 거기서 더 작아지지 않게 주의하고있어욧. 메이투가 무료앱중에 그나마 파일이 덜 작아진다더라구여 물론작아지긴하지만.. 가끔... https://t.co/4tfdW4DQrf,Wed Jun 03 15:00:49 +0000 2026,1764307073108770816,스미 아코스타 일,pils_f,142,1,0,1,https://x.com/pils_f/status/2062187757162881057,ko,False,2026-06-04 00:06:26,한국,
2062175195159478697,메이투,@muncheol136957 우리파일줌? 메이투 그럼 유료 같이뿜빠익ㄱㄱ,Wed Jun 03 14:10:54 +0000 2026,1962462358217150464,네네🐔치킨,iwonmm,50,2,0,1,https://x.com/iwonmm/status/2062175195159478697,ko,False,2026-06-04 00:06:26,한국,
2062170961751977988,메이투,@zootdaegaupno 하 왜케 리얼해 메이투 결제햇어?,Wed Jun 03 13:54:05 +0000 2026,1692800734935560192,마틴똥,ssonpangi,142,0,0,1,https://x.com/ssonpangi/status/2062170961751977988,ko,False,2026-06-04 00:06:26,한국,
2062145870871834799,메이투,메이투 ai 아이돌 전광판 돌린거 같다 https://t.co/zfoGcDCy2H,Wed Jun 03 12:14:23 +0000 2026,1542408966462119939,빵,Beyoutiful1b,1545,111,9,0,https://x.com/Beyoutiful1b/status/2062145870871834799,ko,False,2026-06-04 00:06:26,한국,
2062136351018127858,메이투,"#광고 @meitu_kr 
제가 좋아하는 쌍궤 진자오 역할
배우 하여씨와 함께 손하트하고
초근접샷 찍었어요 이거 진짜같다🫢
메이투 앱&gt; 사진 &gt; AI 효과&gt; 밀착투샷
들어가면 완성✨이제 간편하게 
메이투로 복잡한 프롬프트 없이 최애와
밀착투샷을 찍을 수 있다니💞
#메이투 #초근접샷 #밀착투샷 #하여 https://t.co/g77GGH3PBb",Wed Jun 03 11:36:33 +0000 2026,1861917989219807232,seashellclean,seashellclean,861,4,0,0,https://x.com/seashellclean/status/2062136351018127858,ko,False,2026-06-04 00:06:26,한국,https://pbs.twimg.com/media/HJ4uFMlasAAmeaC.jpg
2062092479978258859,메이투,메이투 개관종 에이아이 돌려봣는데 ㄷㄷ 개조으네 https://t.co/MlESskB7to,Wed Jun 03 08:42:13 +0000 2026,2020078782779125764,뾰,ppyo_666,298,15,0,0,https://x.com/ppyo_666/status/2062092479978258859,ko,False,2026-06-04 00:06:26,한국,https://pbs.twimg.com/media/HJ4GLjNbUAA1cwe.jpg
2062072827222921727,메이투,"나 년초에 메이투 기능 쓰고싶어서 한달무료 체험하려다가 1년플랜 사버린거 아는사람
그래서 지금 못지우고 있는거 아는사람",Wed Jun 03 07:24:08 +0000 2026,1927591283356229632,취재원,pyixcuz,124,8,0,0,https://x.com/pyixcuz/status/2062072827222921727,ko,False,2026-06-04 00:06:26,한국,
2062071265444479136,메이투,"안녕하세요 더 좋아졌다니 기쁘네요😍 기존에는 포토샵 위주로 보정했었는데, 요즘은 이보토 - 메이투 단계를 거치고 있습니다! 포토샵은 화질을 신경 써야하는 개인촬영본에서 초반 틀 잡기, 마무리 다듬기에서만 사용하니 작업속도가... https://t.co/jCpgcjdXRW",Wed Jun 03 07:17:55 +0000 2026,1243111919650664449,새나 SAENA セナ,__COSAENA,587,8,0,0,https://x.com/__COSAENA/status/2062071265444479136,ko,False,2026-06-04 00:06:26,한국,
2061968150980436424,메이투,잠시만 메이투 너 뭐야? https://t.co/0TvmD5XyZN,Wed Jun 03 00:28:11 +0000 2026,2022215464840310791,툐툐,sionmybunny,54704,684,7,1,https://x.com/sionmybunny/status/2061968150980436424,ko,False,2026-06-04 00:06:26,한국,https://pbs.twimg.com/media/HJ2VGqrbcAAudNt.jpg
2061853914920861708,메이투,"언제 편집하고 다 올리지
걍 메이투 해야하나... https://t.co/qm3DcfVMir",Tue Jun 02 16:54:15 +0000 2026,1888148778160619520,cosVovk,vovkcos,164,4,0,1,https://x.com/vovkcos/status/2061853914920861708,ko,False,2026-06-04 00:06:26,한국,https://pbs.twimg.com/media/HJ0tNZ4bMAAuc2v.jpg
2061849079353860416,메이투,사람이 ㅈㄴ 메이투 보정 50먹인것처럼생겼내 https://t.co/NCg2G1SQTn,Tue Jun 02 16:35:02 +0000 2026,1255892334580871168,월,babycheeseworld,108,1,0,0,https://x.com/babycheeseworld/status/2061849079353860416,ko,False,2026-06-04 00:06:26,한국,https://pbs.twimg.com/media/HJ0oz7GaYAEkujR.jpg
2061846845144592773,메이투,@melt__sub 저는 메이투 유료버전 써요 ! 👼🏻,Tue Jun 02 16:26:09 +0000 2026,840479565067698176,𝑺𝒘𝒂𝒏🐰🤍,swanvely,136,0,0,0,https://x.com/swanvely/status/2061846845144592773,ko,False,2026-06-04 00:06:26,한국,
2061830609916559863,메이투,아니 메이투 ㅆ벌 내사진넣었는데 왜이럼? 나 뇨타됏어 ㅅㅂ https://t.co/YstO4GEp35,Tue Jun 02 15:21:39 +0000 2026,1692800734935560192,마틴똥,ssonpangi,3374,74,3,2,https://x.com/ssonpangi/status/2061830609916559863,ko,False,2026-06-04 00:06:26,한국,https://pbs.twimg.com/media/HJ0YArybQAAinpr.jpg
2061825112220020983,메이투,"목소리: 나긋나긋
얼굴: 메이투,유라이크,소다 모든항목100%적용",Tue Jun 02 14:59:48 +0000 2026,1984610027345494017,보리,2borii,794,8,0,1,https://x.com/2borii/status/2061825112220020983,ko,False,2026-06-04 00:06:26,한국,
2061822113405956190,메이투,@Marsmartinlaoh 제이나미 지피티 다 실패햇는데 메이투 도전해보께요,Tue Jun 02 14:47:53 +0000 2026,2055957753823424513,◠‿◠,coerrxx,218,1,0,1,https://x.com/coerrxx/status/2061822113405956190,ko,False,2026-06-04 00:06:26,한국,
2061795795008180345,메이투,@forest_722 오 이거 메이투...Ai..,Tue Jun 02 13:03:18 +0000 2026,1961233646758891521,데아,v_deav,57,0,0,1,https://x.com/v_deav/status/2061795795008180345,ko,False,2026-06-04 00:06:26,한국,
2061719783255756808,메이투,메이투 따뜻해 https://t.co/LAZwpqismE,Tue Jun 02 08:01:15 +0000 2026,1481022691331440642,on,meooxow,168,0,0,0,https://x.com/meooxow/status/2061719783255756808,ko,False,2026-06-04 00:06:26,한국,https://pbs.twimg.com/media/HJyzNs3aUAEZqC_.jpg
2061708646661357973,메이투,@Mujee6x_ 앙감사합니다감사합니듀// 자 메이투 너도 인사해,Tue Jun 02 07:17:00 +0000 2026,1940495715979218945,고당도,uajuoo077,217,0,0,0,https://x.com/uajuoo077/status/2061708646661357973,ko,False,2026-06-04 00:06:26,한국,
2061661532300439959,메이투,메이투 좋은감 아딕 한번도 안써봣는데,Tue Jun 02 04:09:47 +0000 2026,568140664,𝓝𝓪𝔀𝓸𝓷 🏀,nw_min,184,0,0,0,https://x.com/nw_min/status/2061661532300439959,ko,False,2026-06-04 00:06:26,한국,
2061599465405051069,메이투,"인스타에 올리긴 조금 애매한 사진들!
눈내리는 겨울 사진으로 만들어 봄 🌨️ 🤍

-기능 경로 : 메이투 사진 → 효과 → '눈 내리는 밤' 선택 https://t.co/4oamjY04EP",Tue Jun 02 00:03:09 +0000 2026,2041345043764563968,구사자 (김정아) 🇰🇷,94_j_a690,166,1,0,0,https://x.com/94_j_a690/status/2061599465405051069,ko,False,2026-06-04 00:06:26,한국,https://pbs.twimg.com/media/HJxFwCQacAAvqBO.jpg
2061521526848164311,메이투,"#ㄹㅇ퇴트
본계에 올릴 사진 건지기 위해
메이투 ㅈㄴ 돌리러 가봅니다~",Mon Jun 01 18:53:27 +0000 2026,1742025763946397696,끼릿,letsggilit,136,2,0,0,https://x.com/letsggilit/status/2061521526848164311,ko,False,2026-06-04 00:06:26,한국,
2061504031303069707,메이투,@03samgong 메이투 왤캐마니씀,Mon Jun 01 17:43:56 +0000 2026,1546189455945760768,"이나율,그는감히전설이라할수잇긔",dwgkfrp,115,0,0,1,https://x.com/dwgkfrp/status/2061504031303069707,ko,False,2026-06-04 00:06:26,한국,
2061463762218209284,메이투,@Ggedjy 스노우 메이투 등등 다양하게 사용들 하시는거같아요!,Mon Jun 01 15:03:55 +0000 2026,1860672207334334464,天星(🇯🇵6.4~6.7),cheonsung_pi,725,0,0,1,https://x.com/cheonsung_pi/status/2061463762218209284,ko,False,2026-06-04 00:06:26,한국,
2061445737054191778,메이투,"저는 도우인을 씁니다 최근에 올린 망기도 도우인으로 찍은 거임
근데 굳이 도우인을 깔 필요는 없더라구여 그냥 편하게 찍으시고 메이투 같은 보정 어플로 원하시는 얼굴형 조물조물거리시면 됩니다 👍 https://t.co/701VEqlAED",Mon Jun 01 13:52:18 +0000 2026,1877575844954255362,ZERO,_dpfl__,7109,41,0,2,https://x.com/_dpfl__/status/2061445737054191778,ko,False,2026-06-04 00:06:26,한국,
2061438700995940578,메이투,아니 근데 애들 데뷔초 인스타 사진들 메이투 왤케 빡세게 돌리셨지... 그렇게까지 안 해도 충분히 좋은 느낌 주는 고딩들인데,Mon Jun 01 13:24:20 +0000 2026,1318951705921294339,♡,goeomandanand,240,1,0,0,https://x.com/goeomandanand/status/2061438700995940578,ko,False,2026-06-04 00:06:26,한국,
2061437677296390572,메이투,"@hishion_ 감사합니더! 다들 메이투 쓰시는것 같더라구요ㅠㅠ
전 모양 움직임을 많이 쓰는데 메이트는 모냥움직임 쓰는게 어렵더라구요ㅠㅠ 연습해봐야겠어요!",Mon Jun 01 13:20:16 +0000 2026,2054519141613338624,つけ,tsukkek22,93,1,0,0,https://x.com/tsukkek22/status/2061437677296390572,ko,False,2026-06-04 00:06:26,한국,
2061417431487418628,메이투,"이분뭐지…
메이투 그냥 보정말고 프리미엄까지 결제한 얼굴이네 https://t.co/bNOqpil0ct",Mon Jun 01 11:59:49 +0000 2026,1497226394375311361,장금,ssipsekkiya,244,16,0,0,https://x.com/ssipsekkiya/status/2061417431487418628,ko,False,2026-06-04 00:06:26,한국,
2061389136007967132,메이투,"2025년 안녕 🌅･ᴗ･̥̥̥ 연말 마무리 행복하게 해요 ! ♡ ◟̊◞̊ ♡
추운날에는 2026년 일출 집에서 편히 찍쟈 ,,🤍
너무 예쁘쟈나,,? 다들 해보세요 쨩 만족임 🫶🏻
-
-

기능 경로: 메이투-헤어-앞머리-윤기 머릿결 https://t.co/8JPQEEcp57",Mon Jun 01 10:07:23 +0000 2026,2038998277354323968,오 지은,gini_s2_236,99,0,0,0,https://x.com/gini_s2_236/status/2061389136007967132,ko,False,2026-06-04 00:06:26,한국,https://pbs.twimg.com/media/HJuGdXnbcAAkxNi.jpg
2061352817747775672,메이투,메이투 필터 정체가 뭐야(p) https://t.co/eIgo11pbv5,Mon Jun 01 07:43:04 +0000 2026,1956265062450257924,szn,mxnseaszn,1109,26,0,2,https://x.com/mxnseaszn/status/2061352817747775672,ko,False,2026-06-04 00:06:26,한국,https://pbs.twimg.com/media/HJtldr-aoAASC_r.jpg
2061257621915738175,메이투,@tsukkek22 저는 메이투 써용!,Mon Jun 01 01:24:48 +0000 2026,2025917813127536640,히션,hishion_,115,1,0,1,https://x.com/hishion_/status/2061257621915738175,ko,False,2026-06-04 00:06:26,한국,
2061225298583228841,메이투,@comingtoalt 메이투 보정 100 https://t.co/plF3wutLOf,Sun May 31 23:16:21 +0000 2026,1524019805313171456,🍒🫐,berrycherry0101,223,1,0,0,https://x.com/berrycherry0101/status/2061225298583228841,ko,False,2026-06-04 00:06:26,한국,https://pbs.twimg.com/media/HJrxe1wawAAXwOH.jpg
2061198327832867239,메이투,"에픽 메이투 네 엄마 카드로 결제했죠? 백날천날 가공해도 프필 사진부터 몸매 보정 개망했는데, 차라리 2023 보정법으로 검정 마스크 쓰고 호리병 만들어 놓은 게 훨씬 나음ㅋㅋ 개짜치게 프사 박고 이년 저년 지껄이지 말고, 안 봐도 콩가루 집안에 도태녀인 거 다 아니까 제발 여물어요.",Sun May 31 21:29:11 +0000 2026,2038223189655068673,2日,Ex0xux,163,8,0,0,https://x.com/Ex0xux/status/2061198327832867239,ko,False,2026-06-04 00:06:26,한국,
2061190489446216075,메이투,"메이투로 새해 일출 미리보기 ☼･゜ﾟ･:.

-기능 : 메이투-헤어-앞머리-윤기 머릿결 https://t.co/K66vcBolys",Sun May 31 20:58:02 +0000 2026,2041391672777441280,어진희,di_ndin29,76,0,0,0,https://x.com/di_ndin29/status/2061190489446216075,ko,False,2026-06-04 00:06:26,한국,https://pbs.twimg.com/media/HJrRynragAAlDkk.jpg
2061133100835557495,메이투,"메이투만 있드면 마틴이랑 같이 사진을 찍을 수가 있늠😍😍😍 
이런거 나페스..? 이런거 올리면 안되는건가뇨?ㅜㅜ 제가 돌판첨이라 잘모릅니다
메이투 이 엘베샷이랑 빨간배경이 그나마 젤 잘나와욘!! 다른건 얼굴 이상하게 바뀜!ㅜㅜ https://t.co/69nP9GwbHA",Sun May 31 17:09:59 +0000 2026,1692800734935560192,마틴똥,ssonpangi,952,23,0,3,https://x.com/ssonpangi/status/2061133100835557495,ko,False,2026-06-04 00:06:26,한국,https://pbs.twimg.com/media/HJqdoT5bMAAleug.jpg
2061119456953446842,메이투,@yuzume_x 메이투 +100,Sun May 31 16:15:46 +0000 2026,1897600845753286656,슈 しゅう🪽,oshukishindoi,83,1,0,0,https://x.com/oshukishindoi/status/2061119456953446842,ko,False,2026-06-04 00:06:26,한국,
2061112328708616648,메이투,메이투 vip 계정공유하실분 1/3 https://t.co/v4KCqeVHLl,Sun May 31 15:47:27 +0000 2026,1954664146500567041,삥꾸삥꾸핫핑쿠,dero5442,148,1,0,0,https://x.com/dero5442/status/2061112328708616648,ko,False,2026-06-04 00:06:26,한국,https://pbs.twimg.com/media/HJqKvZqbAAALOqg.jpg
2061105457985655141,메이투,"메이투 분철하고싶은데 
타오바오 아이디도어뵤음 
흡 ㅠㅠ",Sun May 31 15:20:09 +0000 2026,1965288140123295744,나를모르느냐,mamegomemu,177,0,0,0,https://x.com/mamegomemu/status/2061105457985655141,ko,False,2026-06-04 00:06:26,한국,
2061091644804681957,메이투,"@YUICHAE110 제가 다 봣는데. 메이투 돌린 사진말고는 없던데
저두욧🫰🏻🫰🏻🩷",Sun May 31 14:25:16 +0000 2026,1940495715979218945,고당도,uajuoo077,67,1,0,1,https://x.com/uajuoo077/status/2061091644804681957,ko,False,2026-06-04 00:06:26,한국,
2061072787243208998,메이투,메이투 디카 필터 꽤 자연스러우시다 https://t.co/7abE6cWxXX,Sun May 31 13:10:20 +0000 2026,1030478819390500865,단오,akiseio,4165,296,4,7,https://x.com/akiseio/status/2061072787243208998,ko,False,2026-06-04 00:06:26,한국,https://pbs.twimg.com/media/HJpmxm5bgAAbmjL.jpg
2061067376758788206,메이투,마브 메이투 압수 https://t.co/UZmZHBKG36,Sun May 31 12:48:50 +0000 2026,2041521083736633344,bum,inhfwrdexhluv,304,2,0,0,https://x.com/inhfwrdexhluv/status/2061067376758788206,ko,False,2026-06-04 00:06:26,한국,https://pbs.twimg.com/media/HJph21tawAAZHv6.jpg
2061060040157737324,메이투,메이투 달에 5640원..? 정도 주고 같이 쓰실 분 구해용..,Sun May 31 12:19:40 +0000 2026,2005654957471744000,ㅌㅊㅅ코루(∂ω∂),luco_cos0428,282,0,0,0,https://x.com/luco_cos0428/status/2061060040157737324,ko,False,2026-06-04 00:06:26,한국,
2060984184739639565,메이투,메이투 1일권 정말 야르하네..300원하는데,Sun May 31 07:18:15 +0000 2026,1400850242405167106,신선이,cuzuencantador,98,0,0,0,https://x.com/cuzuencantador/status/2060984184739639565,ko,False,2026-06-04 00:06:26,한국,
2060927549375729677,메이투,@ban_r8 저 메이투 유료씁니다... ㅋㅋㅋㅋㄱㅋㅋㅋㅋㄱ 보정필요하시면 말해주세요 자동으로...,Sun May 31 03:33:12 +0000 2026,1178576185917263872,횬니🍥🐱6부코페:토,yimaoyou,79,1,0,0,https://x.com/yimaoyou/status/2060927549375729677,ko,False,2026-06-04 00:06:26,한국,
2060898919786397896,메이투,너희집 메이투 좋더라 https://t.co/UwPWMxtWcV,Sun May 31 01:39:26 +0000 2026,1052160919382384640,윤서하,_Seo_Ha_,425,28,0,0,https://x.com/_Seo_Ha_/status/2060898919786397896,ko,False,2026-06-04 00:06:26,한국,https://pbs.twimg.com/media/HJnIoIDacAAVfk0.jpg
2060863803324277243,메이투,메이투 중국에서 사서 분철하실분,Sat May 30 23:19:54 +0000 2026,1608978445962469376,텐앙,Tenung_,514,0,1,3,https://x.com/Tenung_/status/2060863803324277243,ko,False,2026-06-04 00:06:26,한국,
2058937229096177679,meitu,"@0_0367 후….,.,.,.아기같은얼굴의비법
👉👉👉meitu",Mon May 25 15:44:23 +0000 2026,1989795228489027584,마녀,ms0x0w,24,0,0,1,https://x.com/ms0x0w/status/2058937229096177679,ko,False,2026-06-04 00:06:12,한국,
2058930010535403555,meitu,"@Dense3152 아유 빈말이어도 감사합니다🙇‍♀️🙇‍♀️
meitu 최고",Mon May 25 15:15:42 +0000 2026,1936618478095769600,뮬레,pinkmule_235,20,1,0,0,https://x.com/pinkmule_235/status/2058930010535403555,ko,False,2026-06-04 00:06:12,한국,
2058045808268963892,meitu,@monkeyfire46 저는 Meitu 쓰고 있어여,Sat May 23 04:42:11 +0000 2026,1352093646359654400,뀨뀨계란말이,Jhin_99JYS,27,0,0,0,https://x.com/Jhin_99JYS/status/2058045808268963892,ko,False,2026-06-04 00:06:12,한국,
2057665431914385909,meitu,@Parfaitdakku 저는 meitu+갤럭시 기본 보정으로 써요! 노란빛은 온도?에서 파란색쪽(왼쪽)으로 가면 좀 잡히더라구요 근데 갤럭시 기본 보정은 너무 파랗게 돼서 별로예요!,Fri May 22 03:30:43 +0000 2026,2006734259936219136,슬빛윤,slowlight_yoon,315,1,0,1,https://x.com/slowlight_yoon/status/2057665431914385909,ko,False,2026-06-04 00:06:12,한국,
2056602884691890435,meitu,"@Sarenwinjer 메이투(meitu)라고 AI로 사진 바꿔주는 앱이 있어요~~
그걸로 바꿨어요~~",Tue May 19 05:08:32 +0000 2026,1875967352610918400,"더스트오프3 ダストオフ3(키보토스 런, 6플컨)",do3medevac,57,0,0,1,https://x.com/do3medevac/status/2056602884691890435,ko,False,2026-06-04 00:06:12,한국,
2056404409308045344,meitu,"ㅤㅤㅤ
⌕   𝓜eitu
ㅤㅤㅤㅤㅤ",Mon May 18 15:59:51 +0000 2026,1618404030694449152,ؘ,EUGIBUSINESS,24,0,0,1,https://x.com/EUGIBUSINESS/status/2056404409308045344,ko,False,2026-06-04 00:06:12,한국,
2054490922310865395,meitu,@rlagnldud55 빅톨님! 제가 meitu 어플 쓰고있어요~,Wed May 13 09:16:21 +0000 2026,1974795721758138368,민티 . ۫ ᢉ𐭩 .,mintyrbsl,104,1,0,1,https://x.com/mintyrbsl/status/2054490922310865395,ko,False,2026-06-04 00:06:12,한국,
2053654364376682882,meitu,@miumyu_3rd meitu 눈나,Mon May 11 01:52:10 +0000 2026,1352093646359654400,뀨뀨계란말이,Jhin_99JYS,92,0,0,0,https://x.com/Jhin_99JYS/status/2053654364376682882,ko,False,2026-06-04 00:06:12,한국,
2053143850794062198,meitu,"@yumyum_615 누구는 저런 영상에 meitu 워터마크 박혀있던데
meitu로 만든듯?",Sat May 09 16:03:34 +0000 2026,1217982405245464576,khonaru☪️🤍,khonaru_x,26,0,0,1,https://x.com/khonaru_x/status/2053143850794062198,ko,False,2026-06-04 00:06:12,한국,
2052995306615431570,meitu,"@bangjja_ 메이투(meitu)라는 보정 앱 깔으시면, ai보정에 있어요!!",Sat May 09 06:13:18 +0000 2026,1878197559652704256,LE_e2리 (팀코 모집) 접률 ⬇️⬇️⬇️⬇️,LE_e_2,119,0,0,1,https://x.com/LE_e_2/status/2052995306615431570,ko,False,2026-06-04 00:06:12,한국,
2052777948433056246,meitu,@zxcvb9606 Meitu 라는 어플에 ai기능으로 크레파스 필터 적용하면 애기들이 그릴법한 낙서처럼 나와요 ㅎㅎㅎㅎ👍,Fri May 08 15:49:36 +0000 2026,1997325080851091457,Fusil(퓨질),fusilier486,464,0,0,0,https://x.com/fusilier486/status/2052777948433056246,ko,False,2026-06-04 00:06:12,한국,
2046529054413918252,meitu,@cos_circle 이건 meitu ai 기능이잔아요,Tue Apr 21 09:58:43 +0000 2026,1824595829816168448,븐개,beun_gae,50,1,0,1,https://x.com/beun_gae/status/2046529054413918252,ko,False,2026-06-04 00:06:12,한국,
2044821071027970111,meitu,Meitu 어이없어 https://t.co/tlSQYVpoWq,Thu Apr 16 16:51:48 +0000 2026,2004409627556163584,ヨンくん,xxilYonseok,40,2,0,0,https://x.com/xxilYonseok/status/2044821071027970111,ko,False,2026-06-04 00:06:12,한국,https://pbs.twimg.com/media/HGCp7NYacAAaHez.jpg
2040457963123708285,meitu,"@id2_babyloveya @photogray_kr 내미모의비결은 1%의 노력과
100%의 𝑀𝑒𝑖𝑡𝑢~♡",Sat Apr 04 15:54:22 +0000 2026,2009632125721739264,후냥이!,luvnekomm,71,0,0,1,https://x.com/luvnekomm/status/2040457963123708285,ko,False,2026-06-04 00:06:12,한국,
2039965106797457813,meitu,"@plzpoison 엄~ 
대부분 셀카는 틱톡필터로 찍고 여기에다가 더하는데 meitu , pretty up 이라는 앱 써요..! 
메이투는 필터랑 메이크업 수정을 하고 
프리티업은 주로 배경흐림과 보정 합니다..!",Fri Apr 03 07:15:56 +0000 2026,1862459952096583682,은하,eunha_3773,294,2,1,1,https://x.com/eunha_3773/status/2039965106797457813,ko,False,2026-06-04 00:06:12,한국,
2038905415887692035,meitu,@IROPALET_MIZU Meitu 들어가서 저거 누르고 사진 넣으면 됩니당 https://t.co/XFsJeGqiU9,Tue Mar 31 09:05:06 +0000 2026,1883449898097655808,ユーロ,821atoru,106,1,0,1,https://x.com/821atoru/status/2038905415887692035,ko,False,2026-06-04 00:06:12,한국,https://pbs.twimg.com/media/HEulql8b0AAmTi1.jpg
2038529873405473263,meitu,"9900원 사진필터로 살인까지… 김소영 실물 충격 ㄷㄷ

1. 인스타에 올린 사진은 중국 앱 메이투(Meitu) 필터+AI 보정으로 완전히 다른 사람처럼 나옴  
2. 실제 머그샷은 극단적인 차이… 9900원 필터 하나로 자연스러운 미모를 만들어냄  
3. 강북 모텔 연쇄살인 피의자 김소영(20)이 이 필터를 적극 활용해 피해자들을 유인한 것으로 보임  

사진 두 장 비교해보니 충격 그 자체야.
9900원짜리 필터 하나로 완전히 다른 사람을 만들어 남자들을 모텔로 유인했다는 거야.  
사진 한 장으로 사람을 완전히 속일 수 있는 시대가 됐다는 게 진짜 무섭네.

#김소영 #강북모텔 #사진사
출처: 사진 msn / 서울북부지검",Mon Mar 30 08:12:50 +0000 2026,2005131614016471040,DailyBox24,DailyBox24,385,1,0,0,https://x.com/DailyBox24/status/2038529873405473263,ko,False,2026-06-04 00:06:12,한국,https://pbs.twimg.com/media/HEpPYV2aUAArgIW.jpg
2038415563488481721,meitu,@Meitu 모텔 살인범' 김소영이 쓴 보정 앱은 (출처 : 네이버 뉴스) https://t.co/gXkpZoyVA4,Mon Mar 30 00:38:36 +0000 2026,2626751,의식의 흐름,yiabb,44,0,0,0,https://x.com/yiabb/status/2038415563488481721,ko,False,2026-06-04 00:06:12,한국,
2038243579089523120,meitu,"@fuyudot1018 웅웅 나는 Meitu 라는 앱에서 9분할 하고 다른 편집앱, 보정앱 써서 만들구 있오! 잘 만든다니/// 고마어// 괜찮으면 만들어줄게!😻",Sun Mar 29 13:15:12 +0000 2026,1889542447275057156,찬,ffdc00_nin,169,0,0,1,https://x.com/ffdc00_nin/status/2038243579089523120,ko,False,2026-06-04 00:06:12,한국,
2038040962786804198,meitu,"@blue_seaon_ 전 소다랑 meitu 추천이용
메이투가 ai 쩌러서 배경 지우기 짱 잘해줘요",Sat Mar 28 23:50:05 +0000 2026,1384499878911307778,탐미의 공주 로한,ro_h_a__n,146,0,0,2,https://x.com/ro_h_a__n/status/2038040962786804198,ko,False,2026-06-04 00:06:12,한국,
2036740755541361093,meitu,@yyammmmm1 Meitu 추천해요✨️👀,Wed Mar 25 09:43:31 +0000 2026,2015309751085867008,베카,beka_11211228,119,1,0,1,https://x.com/beka_11211228/status/2036740755541361093,ko,False,2026-06-04 00:06:12,한국,
2035165652533780847,meitu,"댐 무슨 앱인지 말을 안 했네
meitu 입니당🩷 광고아니고
내가 봐도 맘에 들어서 올림 (당당)",Sat Mar 21 01:24:37 +0000 2026,2012845155506855936,물복갱,chokchok_pv,147,1,0,1,https://x.com/chokchok_pv/status/2035165652533780847,ko,False,2026-06-04 00:06:12,한국,
2034659535080833088,meitu,"@perry0126 감사합니다. ㅎㅎ
meitu 유료회원입니다✌️
성우님도 오늘 하루 수고하셨어요❕",Thu Mar 19 15:53:29 +0000 2026,1991474709138186240,桐葉ののは,Kiriha_Nonoha,69,1,0,1,https://x.com/Kiriha_Nonoha/status/2034659535080833088,ko,False,2026-06-04 00:06:12,한국,
2031532918938673248,meitu,"@nomorearc 아개웃겨
Meitu 튜닝 거쳐야 진짜얼굴이죠",Wed Mar 11 00:49:26 +0000 2026,1475432602429706243,pepper,ratygal,26,1,0,1,https://x.com/ratygal/status/2031532918938673248,ko,False,2026-06-04 00:06:12,한국,
2031289614623977621,meitu,@antchicx meitu 요,Tue Mar 10 08:42:38 +0000 2026,1736927898777632768,주영,pu_ju_,73,0,0,0,https://x.com/pu_ju_/status/2031289614623977621,ko,False,2026-06-04 00:06:12,한국,
2028104620422430929,meitu,"@t0wa_cos meitu ! 나도 쓰고 있어! 좋이요, 똑같아🩷",Sun Mar 01 13:46:36 +0000 2026,1872917670766809088,ｴﾙｼﾞｪﾙ@6/14a!,luc_cyan,30,0,0,0,https://x.com/luc_cyan/status/2028104620422430929,ko,False,2026-06-04 00:06:12,한국,
2028095014149218542,meitu,@luc_cyan meitu 좋아요🫶🩵,Sun Mar 01 13:08:26 +0000 2026,1935898462689894400,토와とわ,t0wa_cos,54,0,0,1,https://x.com/t0wa_cos/status/2028095014149218542,ko,False,2026-06-04 00:06:12,한국,
2026565344106889677,meitu,"@seeles_1018 재창조 해야함-meitu
가볍게 보정 or 색감쪽 - 포토샵",Wed Feb 25 07:50:04 +0000 2026,2571724466,Lilly-FX,Lilly_FX00,51,0,0,1,https://x.com/Lilly_FX00/status/2026565344106889677,ko,False,2026-06-04 00:06:12,한국,
2023131953667690811,meitu,@uninterferable Meitu 라는앱이 있는데 얘 필터가 기깔나거등요~,Sun Feb 15 20:27:00 +0000 2026,2399967182,누알,NewR_noir,22,0,0,1,https://x.com/NewR_noir/status/2023131953667690811,ko,False,2026-06-04 00:06:12,한국,
2022742977106596035,meitu,"메이투 meitu 분철
1년 1인당 11,400원
1/3 2분 구합니다

ios만 가능 / 1인 1기기

https://t.co/An6fQFTYPP",Sat Feb 14 18:41:21 +0000 2026,1730408835511410688,거래 (옾카로 연락),geolae3621,851,0,0,1,https://x.com/geolae3621/status/2022742977106596035,ko,False,2026-06-04 00:06:12,한국,
2022554307598733773,meitu,@pupat1977 meitu 어플인데 저는 결제해서 쓰구있어요. 달에 3600원인가 3200원인가해서 1년끊었어요. 😄,Sat Feb 14 06:11:38 +0000 2026,769128362,김 준예,zzjunye,108,1,0,1,https://x.com/zzjunye/status/2022554307598733773,ko,False,2026-06-04 00:06:12,한국,
2022545156810117204,meitu,@hou_space meitu 이거 결제하면 온갖거 편집 수정 다가능한듯해요. 전 1년짜리 결제해버렷어요 ㅋㅋㅋ,Sat Feb 14 05:35:17 +0000 2026,1358198974050541570,우주♥세아,zzshall,27,0,0,1,https://x.com/zzshall/status/2022545156810117204,ko,False,2026-06-04 00:06:12,한국,
2022335312425615610,meitu,"@awa_h2 Meitu? 에서 컨투어 브러시로 밝게 하고 싶은 부분은 베이지색으로 밝게, 어둡게 하고 싶으면 또 다른 색 선택해요!!
전 사이버블러셔도 이걸로 하고있어요 ://",Fri Feb 13 15:41:26 +0000 2026,1421431641440878596,리우(❄️),flyIngoFFasH,41,0,0,0,https://x.com/flyIngoFFasH/status/2022335312425615610,ko,False,2026-06-04 00:06:12,한국,
2018370434526507371,meitu,Meitu &gt; 카메라 &gt; (아이폰 모드) 16pro &gt; 부드럽게 제외 아무것도 설정 안 함 그러니까 기석이도 다른 건 설정하지마세요 ..,Mon Feb 02 17:06:25 +0000 2026,1631450895748861952,냠라임🤤,globalminam02,627,1,0,0,https://x.com/globalminam02/status/2018370434526507371,ko,False,2026-06-04 00:06:12,한국,
2018184969122877743,meitu,"메이투 1년 분철하실 분 구합니다
삼성 유저!!
38000÷3 합니다
#meitu",Mon Feb 02 04:49:27 +0000 2026,1656195502835372036,거래,sssssssajuseyo,606,0,0,3,https://x.com/sssssssajuseyo/status/2018184969122877743,ko,False,2026-06-04 00:06:12,한국,
2056369612661666080,뷰티캠,#광고 지나가는 행인분이 신경 쓰이는 밤티 사진… 뷰티캠 ai 지우개로 지우면 끗!!입니다 너무 편함 🧘🏻‍♀️📷 #뷰티캠 #행인제거 #벚꽃사진 https://t.co/PwrSDr40hn,Mon May 18 13:41:35 +0000 2026,2046390446625259520,ob,Kelsey925944466,45,0,0,0,https://x.com/Kelsey925944466/status/2056369612661666080,ko,False,2026-06-01 00:06:45,한국,https://pbs.twimg.com/media/HImxQlyaUAArBbw.jpg
2045711915775836652,뷰티캠,"❤️리센느 사녹 성공 후기
💚플러스챗 서베이

❤️260420 심플리케이팝 사녹, 뷰티캠 n번 성공

RESCENE 심케 Arirang TV Simply K-POP https://t.co/3opPkgKMuh",Sun Apr 19 03:51:42 +0000 2026,1679398895691137025,포도 공방대리,podoform4,2089,1,0,1,https://x.com/podoform4/status/2045711915775836652,ko,False,2026-06-01 00:06:45,한국,https://pbs.twimg.com/media/HGPUJPwasAEmHgt.jpg
2045548986430554180,뷰티캠,올리는 사진 대부분은 아이폰7 기카로 찍고 다른분들이랑 같이 찍을 때는 뷰티캠 아이폰모드 기본으로 찍어요! https://t.co/Qa9K7TaoTR,Sat Apr 18 17:04:17 +0000 2026,1653465829168783361,N,Sn1vy_,832,0,0,0,https://x.com/Sn1vy_/status/2045548986430554180,ko,False,2026-06-01 00:06:45,한국,
2044847997775937942,뷰티캠,"@So_May_02 저 사진 포토샵하는 어플 죄다 사용해요 .ᐟ.ᐟ.ᐟ 
스노우 픽스아트 뷰티캠 등등",Thu Apr 16 18:38:48 +0000 2026,2024775918758301696,𑣲훈댕이‎૮․ ․ ྀིა,S2_puppyhoon,190,1,0,0,https://x.com/S2_puppyhoon/status/2044847997775937942,ko,False,2026-06-01 00:06:45,한국,
2044588431217709553,뷰티캠,@sowhat__j 홀 이거 그냥 밝기 올리는걸로 이렇게까지 안 되는거죠? 뷰티캠 좋은데요!!!,Thu Apr 16 01:27:23 +0000 2026,1905168230823710720,호선,montnadch,312,0,0,1,https://x.com/montnadch/status/2044588431217709553,ko,False,2026-06-01 00:06:45,한국,
2060788496663826839,메이투,진짜 다들 왜 메이투 회원권 결제해서 쓰시는지 알 것 같은 집코였어요ㅋㅋ,Sat May 30 18:20:39 +0000 2026,1982446175124062208,홍사원,Hong_sawan1026,98,0,0,0,https://x.com/Hong_sawan1026/status/2060788496663826839,ko,False,2026-06-01 00:06:29,한국,
2060773042767417633,메이투,@Bluelime923 메이투 신기능인거같던데 전 무료버전이라 친구가 대신해줌요ㅋㅋㅋㅋ,Sat May 30 17:19:15 +0000 2026,1466684000614105088,유세은,aengdu_jadu,42,0,0,0,https://x.com/aengdu_jadu/status/2060773042767417633,ko,False,2026-06-01 00:06:29,한국,
2060751864778670167,메이투,@UL_Deptis 카메라 자체가 좀 광각 같아요ㅠㅠ! 같은 각도로 메이투 유라이크 둘 다 찍어봤는데 메이투가 위아래 길게 나오더라구요… 메이투 이자식..ㅠㅠㅠㅠ,Sat May 30 15:55:06 +0000 2026,1464775512,신재미나이🥂✨🌶️,livethebadlife,102,0,0,0,https://x.com/livethebadlife/status/2060751864778670167,ko,False,2026-06-01 00:06:29,한국,
2060750572656181259,메이투,@hueoders 저 메이투 없이 못 살아요 진짜…,Sat May 30 15:49:58 +0000 2026,1914278349683458048,Uu..,Uu5aka,124,0,0,0,https://x.com/Uu5aka/status/2060750572656181259,ko,False,2026-06-01 00:06:29,한국,
2060747281654235641,메이투,메이투 셀카는 왤케 얼굴이 길게 나오지 이거 뭐 렌즈 왜곡 있나,Sat May 30 15:36:53 +0000 2026,1464775512,신재미나이🥂✨🌶️,livethebadlife,181,0,0,1,https://x.com/livethebadlife/status/2060747281654235641,ko,False,2026-06-01 00:06:29,한국,
2060743659486863629,메이투,"메이투 쓰는데 메이투는 인식해요!!
 https://t.co/mUQHtwcpt2",Sat May 30 15:22:29 +0000 2026,1654852153088040960,강우빈,Seo_Yujin0816,208,1,0,0,https://x.com/Seo_Yujin0816/status/2060743659486863629,ko,False,2026-06-01 00:06:29,한국,
2060743184301584559,메이투,파데와 메이투 덕분입니다!ㅎ https://t.co/OwGc3uKqFE,Sat May 30 15:20:36 +0000 2026,1654852153088040960,강우빈,Seo_Yujin0816,124,3,0,0,https://x.com/Seo_Yujin0816/status/2060743184301584559,ko,False,2026-06-01 00:06:29,한국,
2060713979622875477,메이투,@bakiikii 메이투 화질 복원시켯네,Sat May 30 13:24:33 +0000 2026,2007515781798735879,느려져야만하는상황에놓인긱(상태:멘션리밋),3rd4Y,138,0,0,1,https://x.com/3rd4Y/status/2060713979622875477,ko,False,2026-06-01 00:06:29,한국,
2060689554039034300,메이투,"난 보정이정도루함..👉👈
피부 안좋으면 메이투에서 피부보정 (다른건 과한데 피부보정은 자연스러움 걍 아묻따해야함)

에픽에서 맘에드는 모자이크 / 스티커로 하관을 가림 

난 딸기하찌폭닥뽀용필터를 좋아하기 때문에 여기서 인스타 필터로 마무리 아니면 메이투 가서 미세 노이즈나 블러처리함",Sat May 30 11:47:30 +0000 2026,2046933405863202816,모구모구,yew0n1ang,349,11,0,0,https://x.com/yew0n1ang/status/2060689554039034300,ko,False,2026-06-01 00:06:29,한국,
2060671747305959546,메이투,"메이투 아이폰 분철 구합니다
칼입금 가능해요
디엠이나 멘션 주세요!",Sat May 30 10:36:44 +0000 2026,1890555959996764160,ddu,votref1eur,194,2,0,0,https://x.com/votref1eur/status/2060671747305959546,ko,False,2026-06-01 00:06:29,한국,
2060653029209346389,메이투,메이투 지우기 기능 행인을 진짜 깔끔하게 지움 이래서 메이투 vip 매달 결제함,Sat May 30 09:22:21 +0000 2026,1914278349683458048,Uu..,Uu5aka,483,0,0,2,https://x.com/Uu5aka/status/2060653029209346389,ko,False,2026-06-01 00:06:29,한국,
2060628901148405954,메이투,"@myang_l 응거기잇어바 사진 8171728장 찍어줄게 
너희를 위해 메이투 브이아이피더 끊엇어",Sat May 30 07:46:29 +0000 2026,2028044142069293056,새영,saey67,55,0,0,1,https://x.com/saey67/status/2060628901148405954,ko,False,2026-06-01 00:06:29,한국,
2060619489105039371,메이투,"메이투 와꾸 변경 어캐하나요
안거노랑 포토이즘 찍었는데..
메이투가 안건호만 얼굴로 인식하고
저는 사람새끼도 아니랍니다",Sat May 30 07:09:05 +0000 2026,2053365368622858240,땅땅이(금딸1일차),jjillf1,180,0,0,1,https://x.com/jjillf1/status/2060619489105039371,ko,False,2026-06-01 00:06:29,한국,
2060542330743164982,메이투,"인용에 안된다고 하시는 분들이 많아서...
메이투 앱 사용했구요 지우개로 눈 코 입 지우고 주름제거로 얼룩덜룩한 부분도 자연스럽게 해준 뒤
사진의 앱에서 모자이크 기능 사용했습니다!!!
참고로 제가 쓴 모자이크 브러쉬는 이거고 메이투에 있는 모자이크 브러쉬 쓰셔도 상관없습니다 https://t.co/EESVVglncn",Sat May 30 02:02:29 +0000 2026,2004124526842638336,뽁,gaemichin_nom,2672,30,0,0,https://x.com/gaemichin_nom/status/2060542330743164982,ko,False,2026-06-01 00:06:29,한국,https://pbs.twimg.com/media/HJiEU02bAAAfqo9.jpg
2060516814166310951,메이투,일본인도 메이투 쓰는 거 ㅈㄴ 동질감 느껴지고 막 그렇네,Sat May 30 00:21:05 +0000 2026,2023194945952301057,텐,cccz1q,2118,1,0,0,https://x.com/cccz1q/status/2060516814166310951,ko,False,2026-06-01 00:06:29,한국,
2060441762343301525,메이투,메이투 유료 다들 하자,Fri May 29 19:22:51 +0000 2026,1760709133773492224,마레,mare_dac,98,1,0,0,https://x.com/mare_dac/status/2060441762343301525,ko,False,2026-06-01 00:06:29,한국,
2060427520886067434,메이투,메이투 좋다...... 저감도였나 저점도였나 그거 하니까 그냥 아주 좋군 느좋을 만들어줌,Fri May 29 18:26:16 +0000 2026,1871131318903611392,수장,Underwater_My_,64,0,0,0,https://x.com/Underwater_My_/status/2060427520886067434,ko,False,2026-06-01 00:06:29,한국,
2060398188843151645,메이투,아니 메이투 자동보정 넣은 것 같은 얼굴 뭐지 진짜 https://t.co/cfQwkc40Mg,Fri May 29 16:29:43 +0000 2026,1989914584225030144,삐,ppi11_p,51,0,0,0,https://x.com/ppi11_p/status/2060398188843151645,ko,False,2026-06-01 00:06:29,한국,
2060395238515253287,메이투,@megustaeon 샤라웃 투 메이투..,Fri May 29 16:17:59 +0000 2026,1975965740277862400,Gio,justgoinorbit,66,0,0,0,https://x.com/justgoinorbit/status/2060395238515253287,ko,False,2026-06-01 00:06:29,한국,
2060390403048952054,메이투,"이 소녀들 입술 피어싱의 비밀
일러스트 뽑을 때마다 잘못 나오는 경우가 많아서 제가 메이투 켜서 일일이 지우고 있어요.....
문담피여성 사랑하기 힘드네 https://t.co/Lg2Fa9Mv4W",Fri May 29 15:58:46 +0000 2026,2051675301491662849,Nasty,NastyLaser5690,116,6,0,0,https://x.com/NastyLaser5690/status/2060390403048952054,ko,False,2026-06-01 00:06:29,한국,https://pbs.twimg.com/media/HJf6Jy8aUAAdgh2.jpg
2060380879579676776,메이투,메이투 필터에서 조명키면됨,Fri May 29 15:20:56 +0000 2026,1913573290897268736,枯萎樱桃🍒,redflag_to_me,10048,14,1,0,https://x.com/redflag_to_me/status/2060380879579676776,ko,False,2026-06-01 00:06:29,한국,
2060352163621285978,메이투,"#코스어분들_남캐_여캐_차이
이 해시 찾으면 꼭 넣고싶던 후시쿠기?사진이에요
메이투 프리미엄의 보람이 있군.... https://t.co/WK6V9nav6h",Fri May 29 13:26:49 +0000 2026,1826982340918489088,❥구피,izell0814,283,18,1,2,https://x.com/izell0814/status/2060352163621285978,ko,False,2026-06-01 00:06:29,한국,https://pbs.twimg.com/media/HJfXX5sacAAf2Z_.jpg
2060262029932568913,메이투,중국갓을때 셀카 찍는데 중국언니들이 옆에서 계속 메이투 깔라거 지령내림,Fri May 29 07:28:40 +0000 2026,1534727609669386245,𝕵𝖔𝖍𝖆𝖓𝖓,Hype_Tank,102,1,0,0,https://x.com/Hype_Tank/status/2060262029932568913,ko,False,2026-06-01 00:06:29,한국,
2060255114389225975,메이투,@noisnoyesisyes 메이투 최고❤️,Fri May 29 07:01:11 +0000 2026,578106742,바게트🥖,BgtBBANG,91,0,0,1,https://x.com/BgtBBANG/status/2060255114389225975,ko,False,2026-06-01 00:06:29,한국,
2060231781606109535,메이투,"메이투 vip구매완~!!!
테스트 돌려봤는데
아니 이게 어떻게 나야ㅋㅋㅋㅋㅋㅋㅋㅋ https://t.co/BG3C2W3dhf",Fri May 29 05:28:28 +0000 2026,1830279083374338048,듬쳰(チェン/陈),chens2u,173,7,0,0,https://x.com/chens2u/status/2060231781606109535,ko,False,2026-06-01 00:06:29,한국,https://pbs.twimg.com/tweet_video_thumb/HJdp3a0bkAAv6UA.jpg
2060200551497998547,메이투,메이투  이런거 써봤은데  나느그냥 보정없는 내얼굴이 좋은거같애,Fri May 29 03:24:22 +0000 2026,1477240334979846147,헤달이,hedalzzang,53,0,0,0,https://x.com/hedalzzang/status/2060200551497998547,ko,False,2026-06-01 00:06:29,한국,
2060035109936603560,메이투,그거 메이투 보정한거래요 https://t.co/mkyXbAVEgI,Thu May 28 16:26:58 +0000 2026,1933980146958249985,고아봉고차,mishimabongo,214,0,0,0,https://x.com/mishimabongo/status/2060035109936603560,ko,False,2026-06-01 00:06:29,한국,
2060026653498388582,메이투,@zeogiyo_ 난 메이투 돌려도 저렇게 안돼 ㅜ,Thu May 28 15:53:22 +0000 2026,3123745466,이연,may_eon,166,0,0,1,https://x.com/may_eon/status/2060026653498388582,ko,False,2026-06-01 00:06:29,한국,
2060012974077878582,메이투,"@l12lglve 보정공장 열심히 돌려서 그래요ㅎㅎ
메이투 없이 못살아요",Thu May 28 14:59:00 +0000 2026,2054573764525072385,ee,ee2vmt,73,1,0,1,https://x.com/ee2vmt/status/2060012974077878582,ko,False,2026-06-01 00:06:29,한국,
2059992307563462867,메이투,@180cm76 님아 메이투 조음?!,Thu May 28 13:36:53 +0000 2026,1242152925578678273,🍒김준영🍒,Jun_yeong2,141,0,0,1,https://x.com/Jun_yeong2/status/2059992307563462867,ko,False,2026-06-01 00:06:29,한국,
2059934232211042343,메이투,"메이투 분철 구합니다

아이폰이고 오늘 12시 지나면 결제 예정

연 16000원 / 선입금 받음

2명 구합니다",Thu May 28 09:46:07 +0000 2026,1983802914696261635,pole,myfavln4,431,1,0,2,https://x.com/myfavln4/status/2059934232211042343,ko,False,2026-06-01 00:06:29,한국,
2059930208598446161,메이투,근데 실제로는 내가 더 큼 자꾸 메이투가 나를 더 작게 만듦 메이투 취향 한결같음,Thu May 28 09:30:08 +0000 2026,1948224827497857024,최명혜,_choi_light,167,1,0,0,https://x.com/_choi_light/status/2059930208598446161,ko,False,2026-06-01 00:06:29,한국,
2059927983012688226,메이투,@Captain_netging 메이투 많이들 쓰시더라구요,Thu May 28 09:21:17 +0000 2026,1779120614273605632,고흥유자당도최고🍋,yuja_som,177,0,0,1,https://x.com/yuja_som/status/2059927983012688226,ko,False,2026-06-01 00:06:29,한국,
2059903359977746922,메이투,"메이투 분철 구합니다! (1/3)

- 2027.05.28 까지
메이투 vip 1년에 12,700원입니다! 마감되면 글 내릴게요",Thu May 28 07:43:26 +0000 2026,1526075621214162949,ki,lilyiiott,364,1,0,1,https://x.com/lilyiiott/status/2059903359977746922,ko,False,2026-06-01 00:06:29,한국,
2059895014734639328,메이투,"와 올디 어플 진짜 천원의 행복이다…
스노우 메이투 가짜올드아이폰필터로 상처받았던 지난날들이어 안녕 올디가 나만을 치유해준다… https://t.co/Dqi8o2i7Bp",Thu May 28 07:10:17 +0000 2026,1373157272851935238,ange ໒꒱,_aanggee_,864,5,1,0,https://x.com/_aanggee_/status/2059895014734639328,ko,False,2026-06-01 00:06:29,한국,https://pbs.twimg.com/media/HJY3mL2aYAAw_Yr.jpg
2035720107473997972,meitu,@dheusks 약간의 meitu,Sun Mar 22 14:07:50 +0000 2026,2002607443298430977,໒꒱,i1ov3ya,18,0,0,1,https://x.com/i1ov3ya/status/2035720107473997972,ko,False,2026-06-01 00:06:13,한국,
2016777392380100916,meitu,@waitingfor_nako 메이튜！meitu 이고애요 왜케 정성들여서 해 기여우ㅏㅋㅋㅋㅋㅋㅋ,Thu Jan 29 07:36:14 +0000 2026,1605043153555587072,나코 💉ྀི なこ,nakk0nyan,133,1,0,0,https://x.com/nakk0nyan/status/2016777392380100916,ko,False,2026-06-01 00:06:13,한국,
2059894014753833371,메이투,@logan_0723 2달차를 5년차로 탈바꿈해주는 메이투 사랑합니다😎🫶,Thu May 28 07:06:18 +0000 2026,1936618478095769600,뮬레,pinkmule_235,39,1,0,1,https://x.com/pinkmule_235/status/2059894014753833371,ko,False,2026-05-28 08:24:38,한국,
2059892515315261695,메이투,메이투 연간 끊었는데 코스프레를 안해서 보정할게없어,Thu May 28 07:00:21 +0000 2026,2006147665999060994,예빈,Y3C05,59,3,0,1,https://x.com/Y3C05/status/2059892515315261695,ko,False,2026-05-28 08:24:38,한국,
2059889395067720147,메이투,@hera_cos @jinli_cosplay 원래 귀여우세요!! 왜 그래요? ㅎㅎ 보정 어때요? 메이투 유료결제 하고 했어요,Thu May 28 06:47:57 +0000 2026,1220391373825695744,StarLucid (명조행사 3일 다 갑니다),StarLucidFall,38,0,0,0,https://x.com/StarLucidFall/status/2059889395067720147,ko,False,2026-05-28 08:24:38,한국,
2059886351693271136,메이투,"메이투 아이폰 분철 구합니다!!
제가 들어가는거고 글 내려갈때까지 구합니다!!",Thu May 28 06:35:51 +0000 2026,1373582953117151237,묭,ehsdjqtvhzkvkz,58,0,0,0,https://x.com/ehsdjqtvhzkvkz/status/2059886351693271136,ko,False,2026-05-28 08:24:38,한국,
2059879118527946928,메이투,포트폴리오도 그렇고 보정할 게 너무 많아서 최근에 밖일 땐 메이투 집에선 포토샵 붙들고 살고 있는데 넘 빡세다 🫠🫠 나도 행사장에서 찍은 거 투샷 리턴 요청 드리고 싶어...,Thu May 28 06:07:07 +0000 2026,1976222645764177920,네주/6월아코스타(양일),DANGGEUNISEYO,50,1,0,0,https://x.com/DANGGEUNISEYO/status/2059879118527946928,ko,False,2026-05-28 08:24:38,한국,
2059868277367828725,메이투,@OOO_JJUNE 일단 전 메이투 쓰고있는데 나중에 이보토로 넘어가려구요,Thu May 28 05:24:02 +0000 2026,1849258238291984384,하늘,hnlr3162,49,0,0,0,https://x.com/hnlr3162/status/2059868277367828725,ko,False,2026-05-28 08:24:38,한국,
2059857935828955421,메이투,"요즘 보정어플 뭐쓰시나요??

메이투 쓰다가 이보토가 더 좋다고해서 어떤걸로 과금해야할지 고민중입니둥",Thu May 28 04:42:56 +0000 2026,1237277619747532801,mason (메이슨/ㅁㅇㅅ),OOO_JJUNE,232,4,0,2,https://x.com/OOO_JJUNE/status/2059857935828955421,ko,False,2026-05-28 08:24:38,한국,
2059815844285473097,메이투,"@yun417028 얼굴이랑 색감 보정은 메이투
머리카락 삭제 등 손 많이 가는 놈들은 포토샵으로 쇽삭 지워줍니다~ 
한번 저장하고 넘어가야 한다는 게 흠이지만 이게 젤 빠름",Thu May 28 01:55:41 +0000 2026,1745838895663890432,라미니스트 (a! 서울 6.27),rapi_ing_red,90,1,0,0,https://x.com/rapi_ing_red/status/2059815844285473097,ko,False,2026-05-28 08:24:38,한국,
2059789217220472922,메이투,메이투 3명까지 분철 돼서 연간으로 끊고 분철하면 일년에 만원이에요,Thu May 28 00:09:53 +0000 2026,1976194328344264709,마님,jookja4,712,0,0,0,https://x.com/jookja4/status/2059789217220472922,ko,False,2026-05-28 08:24:38,한국,
2059690534768378317,메이투,"나 상하이에서 왕홍 체험하고 와써••💗
어때?( o̴̶̷̥᷅ ⌓ o̴̶̷᷄)

(는 사실 집에서 메이투 ai기능 사용해뜸&gt;_&lt;) https://t.co/OpIYawKImV",Wed May 27 17:37:45 +0000 2026,2036750644346834944,정희원,heeehana596,55,0,0,0,https://x.com/heeehana596/status/2059690534768378317,ko,False,2026-05-28 08:24:38,한국,https://pbs.twimg.com/media/HJV9lnPaQAEU1Jm.jpg
2059614817112174828,메이투,@saebi02 뭐 사셨어요 이보토? 메이투?,Wed May 27 12:36:52 +0000 2026,1753520048550162432,0F77CE,0F77CE,93,0,0,1,https://x.com/0F77CE/status/2059614817112174828,ko,False,2026-05-28 08:24:38,한국,
2059608213428097041,메이투,오늘 옵치 메이투 영춘 인생 봉탕 푸랑 덕배 https://t.co/sziWoBc00p,Wed May 27 12:10:38 +0000 2026,1956380539738591232,봉탕,bongtang_,273,13,1,1,https://x.com/bongtang_/status/2059608213428097041,ko,False,2026-05-28 08:24:38,한국,https://pbs.twimg.com/media/HJUybyHaoAE0YWW.png
2059566310804300048,메이투,"᧔o᧓ 정보 트윗 ᧔o᧓

🎀 타오바오로 메이투 vip 아주아주아주 저렴하게 이용하는 법! 🎀

1일 약 370원
3일 약 500원
일주일 약 700원
한 달 약 2200원

한국에서 구매하면 한 달에 19,900원이에요 ! 🙀 https://t.co/bfkTW6mDG2",Wed May 27 09:24:08 +0000 2026,1510241015755468801,バラ🎀,vara_chan_,299268,2863,1079,3,https://x.com/vara_chan_/status/2059566310804300048,ko,False,2026-05-28 08:24:38,한국,https://pbs.twimg.com/media/HJUMpBubcAAnMWk.jpg
2059520442927665394,메이투,머릿속에 뭔 메이투 틱톡필터를 켜고 사시네ㅜㅜ하,Wed May 27 06:21:52 +0000 2026,1902968912544927746,김봉준,bongjunAOT,375,3,0,0,https://x.com/bongjunAOT/status/2059520442927665394,ko,False,2026-05-28 08:24:38,한국,
2059513412556931560,메이투,"@En_rique_e 미디어에 다다른사람이 사는데무슨
리크님 저희만나면
메이투 카메라 넘어로 뵈요,,🫶",Wed May 27 05:53:56 +0000 2026,1956267445620236290,러버✨,lo_over0_0,93,1,0,1,https://x.com/lo_over0_0/status/2059513412556931560,ko,False,2026-05-28 08:24:38,한국,
2059511943975813545,메이투,"@lo_over0_0 가공 박박박 
메이투: 양심있냐 닝겐?",Wed May 27 05:48:05 +0000 2026,2018686305149079552,엔리크,En_rique_e,124,0,0,1,https://x.com/En_rique_e/status/2059511943975813545,ko,False,2026-05-28 08:24:38,한국,
2059491962655539685,메이투,"메이투 카메라 너무 좋아서 이걸로만 사진찍을래
일카꺼져",Wed May 27 04:28:42 +0000 2026,2043334032843522048,ミャ,myamya_jjang,79,0,0,0,https://x.com/myamya_jjang/status/2059491962655539685,ko,False,2026-05-28 08:24:38,한국,
2059368068971950276,메이투,"@ 가을 부여잡기..메이투로 단풍놀이 다녀왔어요🍁

📍메이투 앱 → AI효과 → AI 아트 → 가을 낙엽 https://t.co/6syKPrnbzc",Tue May 26 20:16:23 +0000 2026,2041391672777441280,어진희,di_ndin29,117,0,0,0,https://x.com/di_ndin29/status/2059368068971950276,ko,False,2026-05-28 08:24:38,한국,https://pbs.twimg.com/media/HJRYTu-a8AANCby.jpg
2059244835908022470,메이투,@hae__pal3 메이투 결제하면 머가 조아요?????? 젤 맘에 드는 기능?,Tue May 26 12:06:42 +0000 2026,1972991281136861185,rosy,rosy_250930,129,0,0,1,https://x.com/rosy_250930/status/2059244835908022470,ko,False,2026-05-28 08:24:38,한국,
2059225339252138466,메이투,"@Ano_621a 아니 다시 보니 내가 너무 밤티야
메이투 결제하고 보정한 걸로 다시 올릴래ㅜㅜㅜㅜㅜ힝",Tue May 26 10:49:14 +0000 2026,1596598677963157504,지천 じてん🪽,JiCheon3,84,0,0,1,https://x.com/JiCheon3/status/2059225339252138466,ko,False,2026-05-28 08:24:38,한국,
2059209058411069654,메이투,"@ 가을 부여잡기..메이투로 단풍놀이 다녀왔어요🍁

📍메이투 앱 → AI효과 → AI 아트 → 가을 낙엽 https://t.co/rvx3wQTfmo",Tue May 26 09:44:32 +0000 2026,2030153040045690884,어진희,di_ndin161,102,0,0,0,https://x.com/di_ndin161/status/2059209058411069654,ko,False,2026-05-28 08:24:38,한국,https://pbs.twimg.com/media/HJPHsI5aoAAT9OQ.jpg
2059157270865567936,메이투,@sanni4361192 메이투 지우기 모드로 노가다 하고 경계 생기는 부분은 주름제거 모드로 살살 풀어주면서 반복하면 됩니다!,Tue May 26 06:18:45 +0000 2026,1967027954552369157,낙사데미지,Fall_damage_22,152,1,0,0,https://x.com/Fall_damage_22/status/2059157270865567936,ko,False,2026-05-28 08:24:38,한국,
2059127176033956338,메이투,"@g1vemepann 나도죽으러갈거임 
메이투&amp;틱톡 나를살리는존쟈들",Tue May 26 04:19:10 +0000 2026,2023055571189215232,요코 夜子,faithous_yoko,72,0,0,0,https://x.com/faithous_yoko/status/2059127176033956338,ko,False,2026-05-28 08:24:38,한국,
2059056948528709812,메이투,@_noah_cos 메이투 꽁짜기능이 잇고 유료기능이 따로잇서요!!!,Mon May 25 23:40:06 +0000 2026,1718685142594813952,엥,0w0Eng,107,0,0,1,https://x.com/0w0Eng/status/2059056948528709812,ko,False,2026-05-28 08:24:38,한국,
2058952768115933565,메이투,@iinooohym 메이투 보정중,Mon May 25 16:46:08 +0000 2026,2021128584056930305,알로하쩡,iloveholic_x,92,0,0,0,https://x.com/iloveholic_x/status/2058952768115933565,ko,False,2026-05-28 08:24:38,한국,
2058911817594961997,메이투,@inchoong_ 메이투 슬림으로 콧구멍줄이기해야함,Mon May 25 14:03:24 +0000 2026,1816107466691862530,소랑이,ssorang222,1380,12,4,1,https://x.com/ssorang222/status/2058911817594961997,ko,False,2026-05-28 08:24:38,한국,
2058895374413340903,메이투,"@chna0u0 메이투 + 이비스,,",Mon May 25 12:58:04 +0000 2026,1960632106180337665,효,H_yo1_x,112,3,0,0,https://x.com/H_yo1_x/status/2058895374413340903,ko,False,2026-05-28 08:24:38,한국,
2058895058980819305,메이투,아~~~ 메이투 ai 안돌려도 알아서 음방 직캠 썸넬같은 얼굴해주는 야구선수 억빠 드가자 https://t.co/6INGATsFu4,Mon May 25 12:56:49 +0000 2026,1247551489838419970,나한순,yuktanhee,123,0,0,0,https://x.com/yuktanhee/status/2058895058980819305,ko,False,2026-05-28 08:24:38,한국,
2058883793923244515,메이투,"안그래도 어제 스페에서 룽님이랑 더원피스 샹크스 악플 30분동안 다느라 웃겨 죽는줄 알았음 오고간대화: 팔이 너무 닭발같다, 뒷트임이 필요하다, 메이투 켜야함, 화이트태닝 당햇다, 슈주 홍합머리같다, 요리괴물 수염같다, 밀짚모자가 점점 봉긋하게 솟아오르고있다",Mon May 25 12:12:03 +0000 2026,1558752242089410560,수수,bukumiii,1194,4,4,1,https://x.com/bukumiii/status/2058883793923244515,ko,False,2026-05-28 08:24:38,한국,
2058873846133137908,메이투,@mumani_55 메이투 유료?,Mon May 25 11:32:31 +0000 2026,1967490045608448000,츠나,chna0u0,150,0,0,1,https://x.com/chna0u0/status/2058873846133137908,ko,False,2026-05-28 08:24:38,한국,
2058873771705135314,메이투,@chna0u0 메이투👍,Mon May 25 11:32:13 +0000 2026,1862195545189883905,무마니🫜,mumani_55,144,1,0,1,https://x.com/mumani_55/status/2058873771705135314,ko,False,2026-05-28 08:24:38,한국,
2058872679202275530,메이투,메이투 유료 조아 트친들?,Mon May 25 11:27:53 +0000 2026,2027660246945349632,레아(31일 스튜디오/6월 아코스타 토),rea_3901,169,3,0,1,https://x.com/rea_3901/status/2058872679202275530,ko,False,2026-05-28 08:24:38,한국,
2058872232613650651,메이투,@chna0u0 난 메이투!,Mon May 25 11:26:06 +0000 2026,1597231436175536128,나고,nago_3_3,163,1,0,1,https://x.com/nago_3_3/status/2058872232613650651,ko,False,2026-05-28 08:24:38,한국,
2058864811090530801,메이투,"@guleum_c 하얗고 밝은 조명 제 추구미예요 ㅜㅅㅜ🤍🤍
제 방은 침대랑 화장대랑 컴퓨터책상때매 공간이 넘 한정적이에요 흑흑.. 간접등이나 작은 조명 살 결심..!
저 메이투 유료 구독인데 돈 안아까워요 강츄드려욧 ദ്ദി₍ᐢ. ̫.ᐢ₎💗",Mon May 25 10:56:37 +0000 2026,1780844549377810432,치치ฅ🐾,Boss_chiichii,137,0,0,0,https://x.com/Boss_chiichii/status/2058864811090530801,ko,False,2026-05-28 08:24:38,한국,
2058859842832679397,메이투,"@Boss_chiichii 아 메이투!!! 깔아놓기만 햇는데 저두 함 써봐야겠어요 
제 사진 조명은... 사실 그냥 방 형광등만 켜둬서  여기저기서 찍어보구 젤 예뿐곳 지정석으로 정해서 찍구잇듭니다 ,,⁃ ⩊ ⁃,, 제 보정 예뿌게 봐쥬셔서 기분이 좋네요 감사합니당////♡",Mon May 25 10:36:52 +0000 2026,1964933809067143168,☁️,guleum_c,118,0,0,1,https://x.com/guleum_c/status/2058859842832679397,ko,False,2026-05-28 08:24:38,한국,
2058858570113024282,메이투,ㅁㅊ 메이투 보정같이하는 기능이 있었네,Mon May 25 10:31:49 +0000 2026,1953826729958813696,룽 | ルン,lyulung168884,129,4,0,0,https://x.com/lyulung168884/status/2058858570113024282,ko,False,2026-05-28 08:24:38,한국,
2058856763693400521,메이투,"@guleum_c 헉 예뿌게 봐주셔서 감사합니다🫣
전 구름님 보정이랑 조명이 너무 맘에 들어요💗
제가 찍을 땐 늘 조명에 한계가 있어서 보정으로 버무리는 편이에요 ㅠ.ㅠ 흑흑

요즘은 메이투 주로 쓰고 가끔 에픽도 쪼금 써요 헤헤//",Mon May 25 10:24:38 +0000 2026,1780844549377810432,치치ฅ🐾,Boss_chiichii,116,0,0,1,https://x.com/Boss_chiichii/status/2058856763693400521,ko,False,2026-05-28 08:24:38,한국,
2058787798648598652,메이투,@baddiekyu 오오옹 저도 메이투 써요!!,Mon May 25 05:50:36 +0000 2026,1306465058155765762,민우,0_Minwoo_0,74,0,0,1,https://x.com/0_Minwoo_0/status/2058787798648598652,ko,False,2026-05-28 08:24:38,한국,
2058764122016358517,메이투,메이투 좋내요 (이렇게 생긴 사람 없었음) https://t.co/fo9waaCok9,Mon May 25 04:16:31 +0000 2026,2002726353213562880,🌺산홍🌺,sanong_0v0,243,9,0,3,https://x.com/sanong_0v0/status/2058764122016358517,ko,False,2026-05-28 08:24:38,한국,https://pbs.twimg.com/media/HJIzDVja0AAMQnI.jpg
2058760311650554101,메이투,@0_Minwoo_0 저 메이투 써요,Mon May 25 04:01:22 +0000 2026,1935455899742781442,･ ˕ ･ 뀨 (트친소찾아왔어욤),baddiekyu,94,1,0,1,https://x.com/baddiekyu/status/2058760311650554101,ko,False,2026-05-28 08:24:38,한국,
2058713889689530448,메이투,"아.. 피부톤 빠짝 구워졌고 볼은 핑크에 얼굴 무슨 메이투 보정 100 때린 것처럼 생겨가지고 하트 날려주는거 ㅈㄴ 잘생겨서 진심 반함..

cr. https://t.co/Pi3mnBEBL4 https://t.co/tdzRT5iG6J",Mon May 25 00:56:55 +0000 2026,1966376308965031936,건빵,keonbread,6234,549,116,0,https://x.com/keonbread/status/2058713889689530448,ko,False,2026-05-28 08:24:38,한국,
2058684803621573067,메이투,메이투 좋은가요🤔🤔 많이 쓰시는 것 같아,Sun May 24 23:01:20 +0000 2026,2002726353213562880,🌺산홍🌺,sanong_0v0,107,1,0,1,https://x.com/sanong_0v0/status/2058684803621573067,ko,False,2026-05-28 08:24:38,한국,
2058574947593961538,메이투,메이투 질러서 해보고 싶던 ai효과 다 써보고 있는데 잘 산 듯 https://t.co/fdM5nvdQ6T,Sun May 24 15:44:48 +0000 2026,2045487872375934976,♱승천♱,raincandy_1004,70,9,0,1,https://x.com/raincandy_1004/status/2058574947593961538,ko,False,2026-05-28 08:24:38,한국,https://pbs.twimg.com/media/HJGG_8EbsAA1daR.jpg
2058570946928386517,메이투,고대꺼 무슨 메이투 대학축제 전광판 ai 돌린거같음,Sun May 24 15:28:54 +0000 2026,1952285433548918784,힘없는 예원이,imtiredssibal,235,0,0,0,https://x.com/imtiredssibal/status/2058570946928386517,ko,False,2026-05-28 08:24:38,한국,
2058567100965511673,메이투,혹시 메이투 연간 분철하실 분 계실까요.. 정말간절함,Sun May 24 15:13:37 +0000 2026,2033580370474717185,봉단,bd0zi,495,0,0,2,https://x.com/bd0zi/status/2058567100965511673,ko,False,2026-05-28 08:24:38,한국,
2058556846898831389,메이투,"메이투 아이폰 분철 구합니다
칼입금 가능해요
디엠이나 멘션 주세요🥹🩷",Sun May 24 14:32:53 +0000 2026,1424707679621025800,긍,youkina_1,196,1,0,1,https://x.com/youkina_1/status/2058556846898831389,ko,False,2026-05-28 08:24:38,한국,
2058551857128309152,메이투,사람은 메이투 자동 지우기로 지웠습니다 덕분에 영상 캐리어가 혼자 움직이네요 ㄷㄷ,Sun May 24 14:13:03 +0000 2026,1896862245466120192,라론 らろん,Lily_raron,192,0,0,0,https://x.com/Lily_raron/status/2058551857128309152,ko,False,2026-05-28 08:24:38,한국,
2058545602292822529,메이투,@hoChuuuuuuuu 아이폰 기본 갤러리 화질개선+메이투！,Sun May 24 13:48:12 +0000 2026,2015485847848841216,히치˖ ࣪⊹❤︎,nkixuu,129,0,0,1,https://x.com/nkixuu/status/2058545602292822529,ko,False,2026-05-28 08:24:38,한국,
2031372627118625010,meitu,@suuuruwu Meitu 치고는 퀄리티 높지 않아!?,Tue Mar 10 14:12:30 +0000 2026,2023037356740431873,milk,milksugar_c2,98,1,0,1,https://x.com/milksugar_c2/status/2031372627118625010,ko,False,2026-05-28 08:24:25,한국,
2058214440617828644,메이투,메이투 3시간 공장 가동이다,Sat May 23 15:52:17 +0000 2026,1703614608756654080,하루,yakunaguri,197,2,0,0,https://x.com/yakunaguri/status/2058214440617828644,ko,False,2026-05-28 06:16:50,한국,
2058409811071705588,메이투,"와 진짜로 와...............
메이투 보정 1시간 갈겨도 이 미녀의 발톱만큼도 안 될 거 같음... 진짜그냥ai처럼생기셧네",Sun May 24 04:48:37 +0000 2026,2036005917431599104,루!,lu4176638138332,1227,0,1,0,https://x.com/lu4176638138332/status/2058409811071705588,ko,False,2026-05-28 06:16:50,한국,
2058491331811622912,메이투,"벚꽃도 클리어 !!🫶🏻
여긴,, 또 이렇게 찍어야 한대요📸

빛이 애매해서 사진이 다 어둡게 나왔는데,,,!
메이투 앱으로 살림 ㅎㅎ
완전 뽀용해,,,☺️

📍메이투 앱 - 사진 - 필터 - 벚꽃🌸 https://t.co/6J31xX8Fzw",Sun May 24 10:12:33 +0000 2026,2041345043764563968,구사자 (김정아) 🇰🇷,94_j_a690,137,0,0,0,https://x.com/94_j_a690/status/2058491331811622912,ko,False,2026-05-28 06:16:50,한국,https://pbs.twimg.com/media/HJE660bbEAAXYxy.jpg
2058514926164164670,메이투,아니 메이투 보정이 중남으로 설정되어잇어서 ㅋㅋ .. 어쩐지 남자처럼 나오더라,Sun May 24 11:46:18 +0000 2026,2004643692746080259,xixi,mythiiiii__,152,2,0,0,https://x.com/mythiiiii__/status/2058514926164164670,ko,False,2026-05-28 06:16:50,한국,
2058180806510784618,메이투,@sooyeon_JS31 다음에 만나면 제가 메이투 강의 해드릴게요 후후...,Sat May 23 13:38:38 +0000 2026,1178576185917263872,횬니🍥🐟갠봇님와줘,yimaoyou,60,0,0,1,https://x.com/yimaoyou/status/2058180806510784618,ko,False,2026-05-28 06:16:50,한국,
2048392977194852821,뷰티캠,"01 예쁜 사진 만드는 방법 #쏘왓팁
&gt;손글씨로 사진 꾸미기

저는 뷰티캠 필터 사용했는데
쉽고 귀여워서 모든 사진에 
손글씨 넣기 시작했어요 짱귀여움 https://t.co/Lhj27spfyf",Sun Apr 26 13:25:17 +0000 2026,1171164503934824450,Sowhat,sowhat__j,31350,245,42,2,https://x.com/sowhat__j/status/2048392977194852821,ko,False,2026-05-18 04:30:54,한국,https://pbs.twimg.com/media/HG1ajgRacAAmTrR.jpg
2055146226908278934,뷰티캠,"#광고

★  뷰티캠-포토샵-리터치-헤어 ★ 
똥손도 가능하다 !

하트 앞머리 도전 ₊⁺♡₊⁺ 

바로 사용하기
[https://t.co/pVIfthWiwD]

#뷰티캠 #AI헤어 https://t.co/tx1o7AGd37",Fri May 15 04:40:17 +0000 2026,1826595680330420225,감자,20_v_e,8435,21,1,1,https://x.com/20_v_e/status/2055146226908278934,ko,False,2026-05-18 04:30:54,한국,https://pbs.twimg.com/media/HIVYl3VawAAbMV4.jpg
2056007396707979658,메이투,누가 이 남자한테서 메이투 좀 뺏어봐 https://t.co/2hgEpYcOjs,Sun May 17 13:42:16 +0000 2026,1753097532924899328,그있,714530__,33,2,0,0,https://x.com/714530__/status/2056007396707979658,ko,False,2026-05-18 04:30:37,한국,https://pbs.twimg.com/media/HIhn0-Ja8AAXyBs.jpg
2055297381554606313,메이투,@w79e97j 진짜 메이투 보정100 먹인것 같이 생겼네,Fri May 15 14:40:55 +0000 2026,1942101269616992256,련,ygggsp,71,1,0,1,https://x.com/ygggsp/status/2055297381554606313,ko,False,2026-05-18 04:30:37,한국,
2055259527801602485,메이투,"@Hingumon 이게 뭔지 물으신다면
대답해드리는게 인지상정
메이투 최신 유행 ai생성입니다 https://t.co/6WsZRPgE1l",Fri May 15 12:10:30 +0000 2026,1698301493479448576,개멍이,dogman_cos,95,1,0,1,https://x.com/dogman_cos/status/2055259527801602485,ko,False,2026-05-18 04:30:37,한국,
2055955271848202648,메이투,내가 아무리 AI보정필터 쓰고 메이투 에픽 공장 돌려봐도 무보정 천연 엄성현님은 어림도 없다 이 말이다 https://t.co/3ezGV6UGqx,Sun May 17 10:15:09 +0000 2026,1852792020999581696,kogi ✷,3kogi21,247,6,0,0,https://x.com/3kogi21/status/2055955271848202648,ko,False,2026-05-18 04:30:37,한국,https://pbs.twimg.com/media/HIg4a67bAAA4IAr.jpg
2055953093083476062,메이투,"여친 얼굴 개~작아서
나 메이투 성형외과 다녀옴 https://t.co/1C1brdEhLG",Sun May 17 10:06:29 +0000 2026,1775441389532463104,아방 애옹,7ang14__,5684,131,0,0,https://x.com/7ang14__/status/2055953093083476062,ko,False,2026-05-18 04:30:37,한국,https://pbs.twimg.com/media/HIg2cMJbMAAk5YH.jpg
2055866727066636731,메이투,메이투 ㄱㅊ나,Sun May 17 04:23:18 +0000 2026,1637449137858940933,정지3회각태,allday_merona,50,0,0,0,https://x.com/allday_merona/status/2055866727066636731,ko,False,2026-05-18 04:30:37,한국,
2055660166402691281,메이투,메이투 직캠 ai 돌렷는데 누구세요 https://t.co/dplIFRB5UD,Sat May 16 14:42:30 +0000 2026,1888513008995106818,💗🪽..,romancewillbe,153,0,0,0,https://x.com/romancewillbe/status/2055660166402691281,ko,False,2026-05-18 04:30:37,한국,
2055996506248008010,메이투,메이투 만만세! https://t.co/0FbYm79mUB,Sun May 17 12:59:00 +0000 2026,1799145519253692419,뿌,1ettuce_me,77,4,0,0,https://x.com/1ettuce_me/status/2055996506248008010,ko,False,2026-05-18 04:30:37,한국,https://pbs.twimg.com/media/HIhd6viasAANsZ8.jpg
2055651939527110762,메이투,@lemoonomde 하 나 기계치라 메이투 슬림으로 하나하나 빚어냄.. 소다가르침 필요해요,Sat May 16 14:09:49 +0000 2026,1933603969227763715,쥬,6lessed9irl,293,0,0,1,https://x.com/6lessed9irl/status/2055651939527110762,ko,False,2026-05-18 04:30:37,한국,
2055659650801148048,메이투,@6lessed9irl 메이투 ♡ 나,Sat May 16 14:40:27 +0000 2026,1854112669068062720,tutu,kittyhoneydew,138,0,0,1,https://x.com/kittyhoneydew/status/2055659650801148048,ko,False,2026-05-18 04:30:37,한국,
2055591797595009068,메이투,메이투 사랑해요… https://t.co/ySwiXXebb3,Sat May 16 10:10:50 +0000 2026,1941081744876400640,화월,xha1wol22,106,1,0,0,https://x.com/xha1wol22/status/2055591797595009068,ko,False,2026-05-18 04:30:37,한국,https://pbs.twimg.com/media/HIbt1hMa4AEoOxX.jpg
2055300674695602506,메이투,@0h_my_L0V3 다같이 숙소에서 한시간동안 메이투 깎는 시간 가짐,Fri May 15 14:54:01 +0000 2026,1887073223558463488,벼리,g1vemepann,96,0,0,1,https://x.com/g1vemepann/status/2055300674695602506,ko,False,2026-05-18 04:30:37,한국,
2055321268602450426,메이투,@rrang__2 아니근데 이거 왤케 메이투(?)ai돌린 중남사진같음 ㅈㄴ웃기누,Fri May 15 16:15:51 +0000 2026,1799074422680350720,😐,Rickyisshe,130,0,0,1,https://x.com/Rickyisshe/status/2055321268602450426,ko,False,2026-05-18 04:30:37,한국,
2055472455045833187,메이투,와 메이투 진짜 사기다,Sat May 16 02:16:36 +0000 2026,2005115518580391938,신해공,_d01lar,49,0,0,0,https://x.com/_d01lar/status/2055472455045833187,ko,False,2026-05-18 04:30:37,한국,
2055280173508182168,메이투,"나 메이투 보정 100 100 100 100 때려도
케이주만큼 안 이뻐서 막 케이주 사랑해..
미쳣어 나 지금",Fri May 15 13:32:33 +0000 2026,1994044805471772672,정숙이,wantmore223,119,0,0,0,https://x.com/wantmore223/status/2055280173508182168,ko,False,2026-05-18 04:30:37,한국,
2055594203015729378,메이투,김도훈 너 메이투 없이도 이렇게 생긴거 진짜 축하해… https://t.co/SUKW0lA6Zk,Sat May 16 10:20:23 +0000 2026,1993251477524299777,mode.,dhxmode,7578,223,36,0,https://x.com/dhxmode/status/2055594203015729378,ko,False,2026-05-18 04:30:37,한국,https://pbs.twimg.com/media/HIbwBzhaIAAUd_v.jpg
2055639232593731894,메이투,"⚠️ 메이투
예하님이랑 톡하다가 메이투 돌렸었는데 안닮은 건 둘째치고 왼쪽오른쪽으로 정신사납게구는게 진짜 한지같애서 그냥 웃겻음 https://t.co/qXbH7G23NA",Sat May 16 13:19:19 +0000 2026,1948224827497857024,최명혜,_choi_light,871,85,8,0,https://x.com/_choi_light/status/2055639232593731894,ko,False,2026-05-18 04:30:37,한국,https://pbs.twimg.com/media/HIcY_BAawAAxPBC.jpg
2055641938058162216,메이투,@shinseongkyung_ 아니 예하님은 그대로 나오셧어요 저희 메이투 돌린거 진자 보물창고마냥 들여다봐요,Sat May 16 13:30:04 +0000 2026,1948224827497857024,최명혜,_choi_light,56,0,0,1,https://x.com/_choi_light/status/2055641938058162216,ko,False,2026-05-18 04:30:37,한국,
2055525377221787802,메이투,메이투 저도 입덕직캠 만들고 싶은데 .. 유료가 아니라 만들지를 못해요 😭😭 .. 으어엉,Sat May 16 05:46:54 +0000 2026,1962439442574299136,CHE_RU | 체루,liajin_0,238,3,0,0,https://x.com/liajin_0/status/2055525377221787802,ko,False,2026-05-18 04:30:37,한국,
2056015217197490444,메이투,라엘이 추천으로 메이투 깔아보고 입을 옮길 수 있다는 사실에 개쳐놀람 입을 가운데정렬 할 수 있다는 존나 혁신,Sun May 17 14:13:21 +0000 2026,1819313198895714304,미남수용소,i_like_minam__,891,0,0,0,https://x.com/i_like_minam__/status/2056015217197490444,ko,False,2026-05-18 04:30:37,한국,
2056007718088147183,메이투,메이투 프리미엄 끝나서 이제 사진 못올립니다…,Sun May 17 13:43:33 +0000 2026,2015773229517033472,리콩이,rikxong,306,9,0,0,https://x.com/rikxong/status/2056007718088147183,ko,False,2026-05-18 04:30:37,한국,
2056051138873696546,메이투,"어 이거 그 
틱놀인데.... 
메이투 ai화질복구 돌렸더니 ㅈㅉ 에아이됨
긁덕글적
너무 웃기고 불미라서 올립니다 

전                                    후 https://t.co/EY1epTTnDX",Sun May 17 16:36:05 +0000 2026,1840406762790477824,뮤미,mumi_cos,105,13,0,0,https://x.com/mumi_cos/status/2056051138873696546,ko,False,2026-05-18 04:30:37,한국,
2055248553686286348,메이투,@wus8e_7 이거 메이투 ai효과에 있어요 한번 해보시죠,Fri May 15 11:26:54 +0000 2026,1839939888558551042,짜불,angry_max1000,94,1,0,1,https://x.com/angry_max1000/status/2055248553686286348,ko,False,2026-05-18 04:30:37,한국,
2055115553329868985,메이투,"@hiricacos 메이투 &gt;&gt; 편집 &gt;&gt; AI 효과 &gt;&gt; 크레파스입니덧

최근 트위터 야구장 짤들이랑 같은 란이에여!",Fri May 15 02:38:24 +0000 2026,1671055561037852672,Oki,Oki0918,187,1,0,1,https://x.com/Oki0918/status/2055115553329868985,ko,False,2026-05-18 04:30:37,한국,
2056198159920201855,메이투,@azisong1207 메이투 ㄱㄱ,Mon May 18 02:20:18 +0000 2026,1883449898097655808,ユーロ,821atoru,34,0,0,0,https://x.com/821atoru/status/2056198159920201855,ko,False,2026-05-18 04:30:37,한국,
2055182943069585466,메이투,@beeping01 나중에는 메이투 어플 직접 따라찍기만 해봐도 재밌겠는데요 ㅋㅋㅋㅋㅋㅋㅋ,Fri May 15 07:06:11 +0000 2026,2017602269211213825,Anson (앤슨),Ansongraphy,58,0,0,0,https://x.com/Ansongraphy/status/2055182943069585466,ko,False,2026-05-18 04:30:37,한국,
2055213316944040050,메이투,"메이투로 쉽고 간단하게 벚꽃 구경☺️ 게다가 무료라는 거 ㅎㅎ

사용 방법: 메이투 앱 - 사진 - AI효과(봄벚꽃) - 벚꽃엔딩 https://t.co/SUE2pTgDPP",Fri May 15 09:06:53 +0000 2026,2040928328836628480,보윰,boyuum131,92,0,0,0,https://x.com/boyuum131/status/2055213316944040050,ko,False,2026-05-18 04:30:37,한국,https://pbs.twimg.com/media/HIWVlW4bAAAeIRd.jpg
2055216312281129287,메이투,진지하게 이목구비통 온다 왜 다들 메이투 100처럼 생긴거지? https://t.co/yNdcA4l7Wn,Fri May 15 09:18:47 +0000 2026,2006787047495970817,혜빈,dearnagano,855,12,0,0,https://x.com/dearnagano/status/2055216312281129287,ko,False,2026-05-18 04:30:37,한국,
2055216867502112912,메이투,코스한 모습이 평소 모습이면 좋겠다 시간 날때마다 메이투 필터 보는중... https://t.co/oLVKSJgh6j,Fri May 15 09:20:59 +0000 2026,1839939888558551042,짜불,angry_max1000,1398,44,4,5,https://x.com/angry_max1000/status/2055216867502112912,ko,False,2026-05-18 04:30:37,한국,https://pbs.twimg.com/media/HIWY2N5bEAAKHTK.jpg
2055233594134872289,메이투,메이투 무료 체험판 다 써서 챗지피티에게 부탁한 사람 https://t.co/XQTsDVQ3r1,Fri May 15 10:27:27 +0000 2026,1166513872490004480,백시호 BEAKXIHO,BEAKXIHO_COS,385,38,1,1,https://x.com/BEAKXIHO_COS/status/2055233594134872289,ko,False,2026-05-18 04:30:37,한국,https://pbs.twimg.com/media/HIWoDrHaoAADwvn.jpg
2055236119902712124,메이투,@seong_0_ 메이투 결제하길 잘한듯(?),Fri May 15 10:37:30 +0000 2026,1839939888558551042,짜불,angry_max1000,51,0,0,1,https://x.com/angry_max1000/status/2055236119902712124,ko,False,2026-05-18 04:30:37,한국,
2055236711257686372,메이투,메이투 유료결제해서 맘껏 보정하고 있는데 이거 되게 비포애프터 충격적이고 웃기고 재밌네요,Fri May 15 10:39:51 +0000 2026,1978389394773233664,영령,Lingling_oxo,102,3,0,0,https://x.com/Lingling_oxo/status/2055236711257686372,ko,False,2026-05-18 04:30:37,한국,
2055171604284620803,메이투,@Ansongraphy 요새 메이투 어플 폼 좋더라구요….👍,Fri May 15 06:21:08 +0000 2026,2011590889307799552,(5플엑 토)삐용💘,beeping01,97,1,0,1,https://x.com/beeping01/status/2055171604284620803,ko,False,2026-05-18 04:30:37,한국,
2055159475317985330,메이투,"아니 나도 입덕 머시기 하고 싶은데
메이투 구독을 안함
돈이ㅜ없음

고민이다
사실 돈은 잇음
걍 고민인거임",Fri May 15 05:32:56 +0000 2026,1902723538001498113,능백,neungbaeg14143,148,3,0,0,https://x.com/neungbaeg14143/status/2055159475317985330,ko,False,2026-05-18 04:30:37,한국,
2055089417015251333,메이투,리바이나 마이키 입덕직캠 돌려보고 싶은데 이거 하나 돌리자고 메이투 vip 하긴 너무 아까운데,Fri May 15 00:54:33 +0000 2026,1975860803464314880,예하)9코페일욜 팀코 모집중,shinseongkyung_,168,1,0,1,https://x.com/shinseongkyung_/status/2055089417015251333,ko,False,2026-05-18 04:30:37,한국,
2055134541824836060,메이투,@gi36108 오우 저는 메이투 없으면 시체인걸료😶‍🌫️😶‍🌫️😂😂,Fri May 15 03:53:51 +0000 2026,1741795746410811392,루곰,gomdal_aries03,60,2,0,0,https://x.com/gomdal_aries03/status/2055134541824836060,ko,False,2026-05-18 04:30:37,한국,
2055225051293839505,메이투,@seong_0_ 다른것도 있어요 메이투 짱인듯 https://t.co/CMCb367GpP,Fri May 15 09:53:31 +0000 2026,1839939888558551042,짜불,angry_max1000,110,4,0,1,https://x.com/angry_max1000/status/2055225051293839505,ko,False,2026-05-18 04:30:37,한국,https://pbs.twimg.com/media/HIWgSdvbgAERuhx.jpg
2055096768665362754,메이투,@apple1nspring 메이투 AI에용!! 얼른 올려주세여 꺄💕,Fri May 15 01:23:46 +0000 2026,1488959403273318400,덧셈 SEM,__Plus__C,128,0,0,1,https://x.com/__Plus__C/status/2055096768665362754,ko,False,2026-05-18 04:30:37,한국,
2054928470590075084,메이투,메이투 세상에서 살게요 https://t.co/pkEtXvJfoR,Thu May 14 14:15:00 +0000 2026,1883961983311175681,사모,SAMoo_cos,68,2,0,0,https://x.com/SAMoo_cos/status/2054928470590075084,ko,False,2026-05-18 04:30:37,한국,https://pbs.twimg.com/media/HISSjdsa4AAYD8b.jpg
2056227197866901988,메이투,@Gari0703 저는 소다랑 메이투 써요&gt;&lt;~~,Mon May 18 04:15:41 +0000 2026,2015781432741040128,혀누🍎,hyun_n_woo,13,0,0,0,https://x.com/hyun_n_woo/status/2056227197866901988,ko,False,2026-05-18 04:30:37,한국,
2055261754431844404,메이투,뻥임 메이투 신기능 나왔더라고용,Fri May 15 12:19:21 +0000 2026,999677621666439169,가비니,gabiny_,162,0,0,0,https://x.com/gabiny_/status/2055261754431844404,ko,False,2026-05-18 04:30:37,한국,
2055256754259390651,메이투,"아이돌 무대 메이투 유료였구나...
하려고 들어가기 전까지 몰랏넹",Fri May 15 11:59:29 +0000 2026,1684162990227222529,히히,ayasemayoi_hihi,211,2,0,1,https://x.com/ayasemayoi_hihi/status/2055256754259390651,ko,False,2026-05-18 04:30:37,한국,
2055090139605709100,메이투,@apple1nspring 메이투 ai에욧!! 어플 중단에 있는 스페셜기능 클릭하면 나와용,Fri May 15 00:57:25 +0000 2026,1597231436175536128,나고,nago_3_3,173,0,0,1,https://x.com/nago_3_3/status/2055090139605709100,ko,False,2026-05-18 04:30:37,한국,
2055137397919424847,메이투,@beryhimitz 메이투 유료추,Fri May 15 04:05:12 +0000 2026,2047015859378630656,사요나라사시미,sayonarasashimi,61,0,0,1,https://x.com/sayonarasashimi/status/2055137397919424847,ko,False,2026-05-18 04:30:37,한국,
2054924699529028095,메이투,누가봐도 메이투 깔인데;;,Thu May 14 14:00:01 +0000 2026,978092706416140289,나닷치,renadatchi,120,0,0,0,https://x.com/renadatchi/status/2054924699529028095,ko,False,2026-05-18 04:30:37,한국,
2054934598262587599,메이투,@KyeonH ㄹㅇ 메이투 좋아요,Thu May 14 14:39:21 +0000 2026,1671055561037852672,Oki,Oki0918,73,0,0,0,https://x.com/Oki0918/status/2054934598262587599,ko,False,2026-05-18 04:30:37,한국,
2054938020256903349,메이투,아니 쌤들 메이투 유료 결제 해서 하는 거엿슨...??? 몰 랐 어.... 젠장 세라로 돌리려고 햇는데....,Thu May 14 14:52:57 +0000 2026,2008086715890806784,별이,staraaa27272000,196,5,0,1,https://x.com/staraaa27272000/status/2054938020256903349,ko,False,2026-05-18 04:30:37,한국,
2054949332458283325,메이투,나만 메이투 직캠 못하지ㅋㅋㅋㅋㅋㅋㅋㅋㅋㅋㅋㅋㅋㅋㅋㅋㅋㅋㅋㅋㅋㅋㅋㅋㅋㅋㅋㅋㅋㅋㅋㅋㅋㅋㅋㅋㅋㅋㅋㅋㅋㅋ,Thu May 14 15:37:54 +0000 2026,2048226729085583361,主ノ,ny044k,384,4,0,1,https://x.com/ny044k/status/2054949332458283325,ko,False,2026-05-18 04:30:37,한국,
2054979944598700116,메이투,@cursedbok 무려 제 직찍입니다 이젠 보지도 못하는 ㄷㄷ 메이투 70% 후면 후레시 은은하게 찍었다네요;,Thu May 14 17:39:33 +0000 2026,1697452136748269568,in,acceS2_denied,73,0,0,1,https://x.com/acceS2_denied/status/2054979944598700116,ko,False,2026-05-18 04:30:37,한국,
2055059080692285867,메이투,"⚠️메이투 AI
와 진짜 한 백번쯤 돌리니까 겨우 나와서 감격적이라 이름도 씀 https://t.co/LU93jSCAFi",Thu May 14 22:54:00 +0000 2026,1948224827497857024,최명혜,_choi_light,811,38,3,1,https://x.com/_choi_light/status/2055059080692285867,ko,False,2026-05-18 04:30:37,한국,https://pbs.twimg.com/media/HIUJVobaoAAPojE.jpg
2013878572294021505,meitu,@chicagocaffeine meitu 사용했어요 ㅎㅎ,Wed Jan 21 07:37:22 +0000 2026,1160156185284112384,butter,johnsuhgood,415,1,0,0,https://x.com/johnsuhgood/status/2013878572294021505,ko,False,2026-05-18 04:30:23,한국,
2012162542064357863,meitu,"@amesansanboi 어디 외주돌려서들 많이 할걸요 셀프보정 한 번 만져보시길 추천이요 evoto, meitu 요즘 워낙 잘나와서 진심 내가하는게 백배천배 나아요 사설보정 죄다 개쓰레기 퀄리티...",Fri Jan 16 13:58:28 +0000 2026,1368553129826869255,림,limmdaily,88,0,0,1,https://x.com/limmdaily/status/2012162542064357863,ko,False,2026-05-18 04:30:23,한국,
2014938066881020418,meitu,"저는 가끔 샤오홍슈 연운판에서 핫한 프롬프트 보면 재미삼아 돌려보거나 (ex meitu 눈싸움 3컷 이런거) 비계에서만 혼자 놉니다 그것도 NG이시분들은 저를 버려주세요….
Ai 실사화 돌려서 그걸로 연성을 하거나 교류를 하거나 공개된 장소에 전시하거나 하지는 않는데 어제 웅성웅성했던거 같아서 혹시 몰라 지뢰 피하시라구 말함… 🥹",Sat Jan 24 05:47:25 +0000 2026,1763506402516217856,햄따,hyom_is,227,0,0,0,https://x.com/hyom_is/status/2014938066881020418,ko,False,2026-05-18 04:30:23,한국,
2046513264146960851,meitu,"@crave_ho 아니에요 ㅋㅋㅋㅋ 저는 대만 사람이에요!🤣  
평소 트위터에서는 GPT랑 Papago로 번역해서 쓰고 있어요✌️

사진은 먼저 Meitu(미투) 앱으로 기본 보정을 하고 필터나 꾸미기를 추가한 다음  
포토샵으로 더 세세하게 색감 보정을 해요~  
밖에서 찍은 사진이면 뒤쪽 과정은 생략하기도 해요",Tue Apr 21 08:55:59 +0000 2026,2938399250,🎀冰瑚💛,rosemooninsnow,44,0,0,1,https://x.com/rosemooninsnow/status/2046513264146960851,ko,False,2026-05-18 04:30:23,한국,
2054924259517243638,메이투,"가장 많이 사용하는것이
틱톡 기본카메라 -&gt; 메이투 후보정이예요😁

최근에 올라온 푸 전신 사진들은 갤럭시 기본카메라에 후보정했습니다..😚
https://t.co/6S6g9zZyvN",Thu May 14 13:58:16 +0000 2026,2040693904195166209,이요,iyo0_o,210,2,0,0,https://x.com/iyo0_o/status/2054924259517243638,ko,False,2026-05-18 00:06:38,한국,
2054920332319080696,메이투,@Lunatic_D__ 메이투 드가서 스페셜기능 버튼으로 들어가서 하셨어요??,Thu May 14 13:42:40 +0000 2026,859007157940793344,✨️에어✨️Air,O2_Aircos,65,0,0,0,https://x.com/O2_Aircos/status/2054920332319080696,ko,False,2026-05-18 00:06:38,한국,
2052744910634434579,뷰티캠,"#광고

★  뷰티캠-포토샵-리터치-헤어 ★ 

똥손도 가능하다 !
와투케 느낌으로 깻잎머리 도전 ✩ ° ｡⋆⸜ 🎧✮ 

바로 사용하기
[https://t.co/pVIfthWiwD]

#뷰티캠 #AI헤어 @beautycam_kr https://t.co/wpoWjLSyhS",Fri May 08 13:38:19 +0000 2026,1826595680330420225,감자,20_v_e,10567,24,2,1,https://x.com/20_v_e/status/2052744910634434579,ko,False,2026-05-14 03:32:40,한국,https://pbs.twimg.com/media/HHzQnWabIAAjxV1.jpg
2054462332173242825,메이투,"메이투 메이튜 meitu 연간 분철 자리 구합니다!! 아이폰 연간 구독권 쉐어 프리미엄 프로 
들어가고 싶어요ㅜㅜ",Wed May 13 07:22:44 +0000 2026,1340604615293685763,۫,dlwogussoshk,70,0,0,0,https://x.com/dlwogussoshk/status/2054462332173242825,ko,False,2026-05-14 03:32:24,한국,
2054734861244715127,메이투,메이투 유료인가용 ??,Thu May 14 01:25:40 +0000 2026,2014878654355144712,🍒 슈링 🍒,sh00_ring,28,0,0,1,https://x.com/sh00_ring/status/2054734861244715127,ko,False,2026-05-14 03:32:24,한국,
2054730945115414861,메이투,@seong_0_ 메이투 너무 편해요,Thu May 14 01:10:07 +0000 2026,1839939888558551042,짜불,angry_max1000,14,2,0,1,https://x.com/angry_max1000/status/2054730945115414861,ko,False,2026-05-14 03:32:24,한국,
2054514847048663224,메이투,@sxgpgye0 그니까요 다들 눈이 짱 커짐... 메이투 눈 크기 보정 30정도 한것 같고,Wed May 13 10:51:25 +0000 2026,1997256977832103937,슈슈,tatatatam0n,13,0,0,0,https://x.com/tatatatam0n/status/2054514847048663224,ko,False,2026-05-14 03:32:24,한국,
2054560836283445379,메이투,"메이투 유료 vip+ 
분철할 눈나 구합니다!!!

연간 1인 15,800원 
선착순 2분 구할게요

🌅🌅😍🥺🥵🫳🏻💨💨💌💌💌",Wed May 13 13:54:09 +0000 2026,1683715415023980544,a,piecaec,33,0,0,0,https://x.com/piecaec/status/2054560836283445379,ko,False,2026-05-14 03:32:24,한국,
2054727161605763489,메이투,요즘 메이투 성능 좋다 야,Thu May 14 00:55:04 +0000 2026,1815001723033051136,삐,p_phewcos,81,2,0,1,https://x.com/p_phewcos/status/2054727161605763489,ko,False,2026-05-14 03:32:24,한국,
2054758039438401971,메이투,"@Avel47290919 저도 가끔 메이투 쓰다가 가끔 
기본카메라 비춰질때마다 현타가 오더라구요 ㅋㅋㅋ메이투에 적응해버린사람인지라 ㅋㅋㅋ ㅠㅠ",Thu May 14 02:57:46 +0000 2026,1357172540725030912,요또,youuu156,5,1,0,0,https://x.com/youuu156/status/2054758039438401971,ko,False,2026-05-14 03:32:24,한국,
2054151300217209110,메이투,@ziralsimhada 하그니까요... 메이투 얼굴 필요업는데..,Tue May 12 10:46:48 +0000 2026,1559781719838195712,가인,herhtufwd,71,0,0,1,https://x.com/herhtufwd/status/2054151300217209110,ko,False,2026-05-14 03:32:24,한국,
2054201265442460103,메이투,메이투♡나 https://t.co/WIJ9aRPYWX,Tue May 12 14:05:21 +0000 2026,1861486427537838080,당고,Dongg0z,266,16,0,5,https://x.com/Dongg0z/status/2054201265442460103,ko,False,2026-05-14 03:32:24,한국,https://pbs.twimg.com/media/HIH9KXha0AAO5rQ.jpg
2054448140183589113,메이투,@ilmnmli_mm 그니까 카메라에 보정에 ai효과에 이것저것 유용하더라 메이투 계속씁시다,Wed May 13 06:26:21 +0000 2026,1343020331175329797,🌟은하수별사탕🌟,Eunbyul_COS__,28,0,0,0,https://x.com/Eunbyul_COS__/status/2054448140183589113,ko,False,2026-05-14 03:32:24,한국,
2054593918847898022,메이투,@kcixmx1031 메이투 어플인데 사진 주시면 제가 대신 돌려드리는것두 가능해용!,Wed May 13 16:05:37 +0000 2026,1049521953747263488,노랑,onlycreating_Y,8,1,0,1,https://x.com/onlycreating_Y/status/2054593918847898022,ko,False,2026-05-14 03:32:24,한국,
2054562238342836546,메이투,"최근에 트친 되신 분이라서 많은 교류를 한 적이 없어서
친해지고 싶은 분입니다
일단 제가 이 분 게시물 본게 코스보단
요즘 유행하는 메이투 야구장 사진? 영상? 이였어요 ㅋㅋㅋ
근데 어떤 코스를 하시든 잘 어울리시겠다는 느낌이 들었어요 🧐",Wed May 13 13:59:44 +0000 2026,2032993846196580352,라인 (LINE),LinePhoto_X,61,0,0,0,https://x.com/LinePhoto_X/status/2054562238342836546,ko,False,2026-05-14 03:32:24,한국,
2054479951446024502,메이투,아니 가면갈수록 메이투 너무 신기한 기능이 많아지고...예전엔 막 한쪽 눈 사라지고 이랬던 것 같은데..이젠.. 좀 사람같이나옴...🤤,Wed May 13 08:32:45 +0000 2026,2017583919391195136,𝗖𝗛𝗨²,chuuuu_2ing,87,4,0,0,https://x.com/chuuuu_2ing/status/2054479951446024502,ko,False,2026-05-14 03:32:24,한국,
2054483147065278908,메이투,"인간이 셀카 변천사
일카(2025)
틱톡(2026)
메이투(2026)",Wed May 13 08:45:27 +0000 2026,2022916694759608328,인간(5일페 토),masso77777_,248,26,0,0,https://x.com/masso77777_/status/2054483147065278908,ko,False,2026-05-14 03:32:24,한국,
2054485763652530682,메이투,"아니 메이투 다들 결제하고 쓰시는거에요?
헐 아니 저걸 결제…
너무너무 다들 부자이신 듯",Wed May 13 08:55:51 +0000 2026,2024700438545850368,이름,eream_grape,45,1,0,0,https://x.com/eream_grape/status/2054485763652530682,ko,False,2026-05-14 03:32:24,한국,
2054496759624405005,메이투,"예전에 메이투 유행했을 때 만든
로크랑 레이디 마샴이 너무
감동적(?) 이라서 가져옴

진짜 부활해주면 안될까요 https://t.co/9kRhXSKqV7",Wed May 13 09:39:32 +0000 2026,1354443932545912838,먼디릿디,MUNDY_DAEPA,1201,15,3,0,https://x.com/MUNDY_DAEPA/status/2054496759624405005,ko,False,2026-05-14 03:32:24,한국,https://pbs.twimg.com/media/HIMJ6dAa8AALXJ1.jpg
2054470858866086323,메이투,@2806_sork 메이투〰️메이투〰️,Wed May 13 07:56:37 +0000 2026,1988959847170408449,🎀,inawishyoumerry,73,0,0,0,https://x.com/inawishyoumerry/status/2054470858866086323,ko,False,2026-05-14 03:32:24,한국,
2054537502502048064,메이투,@gomdal_aries03 메이투 필터 가지고 놀기 재밌어요,Wed May 13 12:21:26 +0000 2026,1839939888558551042,짜불,angry_max1000,40,1,0,1,https://x.com/angry_max1000/status/2054537502502048064,ko,False,2026-05-14 03:32:24,한국,
2054538450918109321,메이투,여러분 메이투 새로운 필터 나왔는데 진짜 이뻐요!!! 손글씨체 필터 해보시길👍 https://t.co/OcER3CieeF,Wed May 13 12:25:12 +0000 2026,1839939888558551042,짜불,angry_max1000,1588,54,2,0,https://x.com/angry_max1000/status/2054538450918109321,ko,False,2026-05-14 03:32:24,한국,https://pbs.twimg.com/media/HIMv0n_aQAAg0Je.jpg
2054538755646930971,메이투,"@angry_max1000 이것도 한번도 해본 적이 없는......😳 
요새 탐라에 자주 보이는 귀여운 크레파스 그림 이것도 메이투 필터였나요",Wed May 13 12:26:25 +0000 2026,1741795746410811392,루곰,gomdal_aries03,30,2,0,1,https://x.com/gomdal_aries03/status/2054538755646930971,ko,False,2026-05-14 03:32:24,한국,
2054540873803903131,메이투,@yellemm950 메이투 계정 공유도 가능?,Wed May 13 12:34:50 +0000 2026,816082574615289856,궁극의오야지치,Oyajichyluv,34,0,0,1,https://x.com/Oyajichyluv/status/2054540873803903131,ko,False,2026-05-14 03:32:24,한국,
2054447899120189465,메이투,@Eunbyul_COS__ ㅋㅋㅋㅋㅋㅋㅋ얘네가 확실히 잘 말아주긴함ㅌㅋㅋㅋㅋ 나원래 유라이크였는데 메이투 정착해버렷어... 먼치킨이야,Wed May 13 06:25:23 +0000 2026,1902515636615704581,까마귀 ᐵ,ilmnmli_mm,30,1,0,1,https://x.com/ilmnmli_mm/status/2054447899120189465,ko,False,2026-05-14 03:32:24,한국,
2054086544789733772,메이투,엄마한테 메이투 보정 돌린 셀카 보냈더니 왕조현이냐고 놀림 하,Tue May 12 06:29:30 +0000 2026,2033351260620091392,mato,motocycle2424,43,0,0,0,https://x.com/motocycle2424/status/2054086544789733772,ko,False,2026-05-14 03:32:24,한국,
2054083386982195545,메이투,@botch2052 요즘 메이투 좋네여 ㅋ컼,Tue May 12 06:16:57 +0000 2026,1813979490680451072,수찬,suchaniii,49,1,0,0,https://x.com/suchaniii/status/2054083386982195545,ko,False,2026-05-14 03:32:24,한국,
2054096764681244907,메이투,"뭐지 이사진 홍승한 메이투 보정 100해놓은거같음
눈이엄청커 https://t.co/Kn3gdMLcUI",Tue May 12 07:10:06 +0000 2026,1887909898010435584,쩍목,ofcalvros,156,2,0,0,https://x.com/ofcalvros/status/2054096764681244907,ko,False,2026-05-14 03:32:24,한국,https://pbs.twimg.com/media/HIGeHtTbEAAcydH.jpg
2054100569690931436,메이투,"저같경 걍 한번돌리고 이보토 메이투 돌립니다
제가 코스프레 보정 커미션주라,,,어플도 유료플랜을 써서
ㄱㅊ으시면 대리보정도 도와드릴수잇음",Tue May 12 07:25:13 +0000 2026,1697987923243831296,연공계,songbino94831,106,0,0,0,https://x.com/songbino94831/status/2054100569690931436,ko,False,2026-05-14 03:32:24,한국,
2054087740908765418,메이투,"근데진짜이해안되네
메이투 3분할 사진은 ㅈㄴ재밋게즐겨놓고
왜?",Tue May 12 06:34:15 +0000 2026,2040483066318315520,헌정,ddhqf1,3248,13,0,1,https://x.com/ddhqf1/status/2054087740908765418,ko,False,2026-05-14 03:32:24,한국,
2054387965120704694,메이투,@ObbaOppa 메이투,Wed May 13 02:27:14 +0000 2026,2005109316454641664,15 | 5코페 토,15hanao,52,0,0,1,https://x.com/15hanao/status/2054387965120704694,ko,False,2026-05-14 03:32:24,한국,
2054172634003464636,메이투,영재 카메라에 혹시 메이투 필터 걸려있었나요?,Tue May 12 12:11:35 +0000 2026,1998931083384205312,적토마,awkwardhello42,174,2,1,0,https://x.com/awkwardhello42/status/2054172634003464636,ko,False,2026-05-14 03:32:24,한국,
2054421196062838801,메이투,다들 직캠?? 그거 만들던데 어떻게 함.ㅡ? 설마 또 메이투...??? 프리미엄아니라서 에이아이 못돌리는데ㅡ샤갈,Wed May 13 04:39:17 +0000 2026,2028326964633944065,喝,Noteric72,76,2,0,0,https://x.com/Noteric72/status/2054421196062838801,ko,False,2026-05-14 03:32:24,한국,
2054389995558068495,메이투,@15hanao 메이투...? 설치해봐야겟다,Wed May 13 02:35:18 +0000 2026,2023981305596383232,오라버니,ObbaOppa,46,1,0,1,https://x.com/ObbaOppa/status/2054389995558068495,ko,False,2026-05-14 03:32:24,한국,
2054447006391861441,메이투,@ilmnmli_mm 그래서 메이투 못끊어 나 vip자나,Wed May 13 06:21:50 +0000 2026,1343020331175329797,🌟은하수별사탕🌟,Eunbyul_COS__,38,0,0,1,https://x.com/Eunbyul_COS__/status/2054447006391861441,ko,False,2026-05-14 03:32:24,한국,
2054224701707501792,메이투,"그냥 메이투 눈100얼굴100 이렇게 생기심
입술 바르지도 않았는데 빨간 남자 ㅈㄴ가능을 외치고",Tue May 12 15:38:29 +0000 2026,1788804738961805312,ppoppi 𑁍ࠬܓ,chaejhsky,572,13,2,0,https://x.com/chaejhsky/status/2054224701707501792,ko,False,2026-05-14 03:32:24,한국,
2054218505843843179,메이투,@cryingmeoww 저는 메이투 텍스트 편집효과 써요! 간단하고 효과도 확실해서 추천드립니다❤︎,Tue May 12 15:13:51 +0000 2026,2045151336505954304,니세,nsxxn6,70,1,0,1,https://x.com/nsxxn6/status/2054218505843843179,ko,False,2026-05-14 03:32:24,한국,
2054194391586426998,메이투,남들 메이투로 야구볼 때 프로게이머 돌려봣는데 진짜 게임 외길 인생 걸어온거같이 나옴 메이투 돌릴때마다 하는 생각이지만 저렇게 생기고 싶다 진짜 https://t.co/tbaqTw7rxI,Tue May 12 13:38:02 +0000 2026,1948224827497857024,최명혜,_choi_light,288,22,0,2,https://x.com/_choi_light/status/2054194391586426998,ko,False,2026-05-14 03:32:24,한국,https://pbs.twimg.com/media/HIH26STaMAArSi1.jpg
2054143638968610852,메이투,"메이투 유료결제 없이도 몇회까지는 ai생성 돌아갈걸요?! 저도 원래하던 보정커미션 때문에 크레딧 이슈는 있는지라,, , ,,
대신 좀 ㅂㄹ인가싶어서 유기한 B컷들 드립니다 https://t.co/t3XnNgcElZ",Tue May 12 10:16:22 +0000 2026,1697987923243831296,연공계,songbino94831,128,2,0,0,https://x.com/songbino94831/status/2054143638968610852,ko,False,2026-05-14 03:32:24,한국,https://pbs.twimg.com/media/HIHIvxnaQAAtu_q.jpg
2054119817465213222,메이투,@FoamMa95 역시 메이투 대단했습니다😃! 내가 내가아니야,Tue May 12 08:41:42 +0000 2026,1389879206,Tatsuka,Tatsuka__cos,32,0,0,0,https://x.com/Tatsuka__cos/status/2054119817465213222,ko,False,2026-05-14 03:32:24,한국,
2054730491514023957,메이투,"@G19711299 근데 메이투 생각보다 원본이랑 차이 크게 안 나던데
본인만 차이 크대요",Thu May 14 01:08:18 +0000 2026,2011579583301398528,시야,domistamer,14,0,0,1,https://x.com/domistamer/status/2054730491514023957,ko,False,2026-05-14 03:32:24,한국,
2054586121011818940,메이투,"@Chike_cos 저 같은 경우에는 보정 정도는 신경 안쓰는데
촬영 데이터 정보 날아가는거랑 메이투 쓰는건 조금 마음이 아파요😢",Wed May 13 15:34:38 +0000 2026,1695759985966505984,📷쩡쓰,Pic_Jungs,286,0,0,0,https://x.com/Pic_Jungs/status/2054586121011818940,ko,False,2026-05-14 03:32:24,한국,
2054618950743548056,메이투,"@LeaGoN_134 한시간? 정도요
아니 근데 저거 보정하면서 더 선명하게 그라데이션 넣은거라 실물은 저케 안생겼어요 
메이투 최고♡ https://t.co/1DZagILl8M",Wed May 13 17:45:05 +0000 2026,1528753915503976449,몽땅맨,M64080978,29,1,0,1,https://x.com/M64080978/status/2054618950743548056,ko,False,2026-05-14 03:32:24,한국,https://pbs.twimg.com/media/HIN5DGBa0AA_arw.jpg
2054589009045885247,메이투,메이투 ai돌려보다가 쭝혁이 프게버전도 만듬(개이득 https://t.co/qKJQquBQ60,Wed May 13 15:46:06 +0000 2026,945090084390387712,누하,nuha_cos,103,2,0,1,https://x.com/nuha_cos/status/2054589009045885247,ko,False,2026-05-14 03:32:24,한국,https://pbs.twimg.com/media/HINd0MobYAAOO9Q.jpg
2054116054578938294,메이투,"나 저거 돌리고
실제로 이런 남자가 날 만나줄리없잖아시발!!!
외치고 메이투 나감",Tue May 12 08:26:45 +0000 2026,1889590950676275202,yumi,butternotmelt,55,0,0,0,https://x.com/butternotmelt/status/2054116054578938294,ko,False,2026-05-14 03:32:24,한국,
2054114938516627742,메이투,@reisa_papa 팝짱 고마운데스왕ㅋㅋㅋ 메이투 ai가 만든 인조얼굴이긴 하지만..!!,Tue May 12 08:22:19 +0000 2026,2429798684,"아스테 (5일페,플엑)",aste_0w0,44,1,0,1,https://x.com/aste_0w0/status/2054114938516627742,ko,False,2026-05-14 03:32:24,한국,
2054102555815563593,메이투,@UEO_akari 메이투 없어도 이뻐,Tue May 12 07:33:07 +0000 2026,1711031637725827072,민수,gominsu431060,53,0,0,1,https://x.com/gominsu431060/status/2054102555815563593,ko,False,2026-05-14 03:32:24,한국,
2054098383686766870,메이투,@sxx0_a 메이투!,Tue May 12 07:16:32 +0000 2026,1788528309741244416,양송이쨈 5콮(양일),yangsongi154424,27,1,0,1,https://x.com/yangsongi154424/status/2054098383686766870,ko,False,2026-05-14 03:32:24,한국,
2054578676822630760,메이투,@z0ex_ 저두 넘 맘에들어서 바꿀 생각이 안들어요! !! 저희둘로 잘 나온.. 메이투 한바가지인데..,Wed May 13 15:05:03 +0000 2026,1948224827497857024,최명혜,_choi_light,23,0,0,1,https://x.com/_choi_light/status/2054578676822630760,ko,False,2026-05-14 03:32:24,한국,
2054095504708075672,메이투,"구글 제미나이에게 캐사진 보내고 실사화 요청(인종 정도는 지정해주시면 좋습니다, 1번사진)

메이투로 생각하는 느낌에 맞춰 보정하기 (2번사진)

이후 메이투 ai생성 기능에 2번 사진으로 이것저것 넣으시면 사람처럼 뽑아줍니다 (3~4) https://t.co/jbfyfOQyg6",Tue May 12 07:05:06 +0000 2026,1697987923243831296,연공계,songbino94831,276,1,0,0,https://x.com/songbino94831/status/2054095504708075672,ko,False,2026-05-14 03:32:24,한국,https://pbs.twimg.com/media/HIGc96BbcAAeYcl.jpg
2054089597739729385,메이투,미안한데 난 그것도 안했다 3분할 사진도 인스타 스토리 했음ㅋㅋㅋ 메이투 첨에 유행할 때 함 해봤다가 내 얼굴도 아니고 예쁘다 한들 내가 좋아하는 내 얼굴도 아니고 기괴하게만 느껴져서 현타 느끼고 바로 지움,Tue May 12 06:41:37 +0000 2026,501561989,파개,wlswlszara7,343,0,0,1,https://x.com/wlswlszara7/status/2054089597739729385,ko,False,2026-05-14 03:32:24,한국,
2054600530677440995,메이투,"@saehyeon0126 헐... 요즘다 메이투 하나봐요 슬쩍 써봐야겠다
고마어요....♡",Wed May 13 16:31:53 +0000 2026,2026536474817212416,무결,kcixmx1031,31,1,0,0,https://x.com/kcixmx1031/status/2054600530677440995,ko,False,2026-05-14 03:32:24,한국,
2054446617122795810,메이투,@Eunbyul_COS__ 진쟈 메이투 이모저모 많이있다,Wed May 13 06:20:17 +0000 2026,1902515636615704581,까마귀 ᐵ,ilmnmli_mm,47,1,0,1,https://x.com/ilmnmli_mm/status/2054446617122795810,ko,False,2026-05-14 03:32:24,한국,
2054036901703950357,메이투,오사라기로 야구 메이투 https://t.co/eApjJT3z4A,Tue May 12 03:12:14 +0000 2026,1573916638327410688,SAEHWA,MkJsne8HsmeKa,89,9,1,1,https://x.com/MkJsne8HsmeKa/status/2054036901703950357,ko,False,2026-05-14 00:05:35,한국,https://pbs.twimg.com/media/HIFnrUlbcAAXjgc.jpg
2054013798445711516,메이투,"에이아이로 이렇게 돌리는거 기괴함
새로운 사회현상 ㄷ;
나오는거보면 다 메이투 보정으로
절여져가지고 지얼굴도 아니던데",Tue May 12 01:40:25 +0000 2026,2040372486693601280,짬지말랑이,FirstLadyPoosay,165,4,0,0,https://x.com/FirstLadyPoosay/status/2054013798445711516,ko,False,2026-05-14 00:05:35,한국,
2053970933434703908,메이투,"@nxru1i 보정의힘~ 메이투,틱톡개갱추함",Mon May 11 22:50:06 +0000 2026,1962462358217150464,네네🐔치킨,iwonmm,26,0,0,0,https://x.com/iwonmm/status/2053970933434703908,ko,False,2026-05-14 00:05:35,한국,
2053993854102311247,메이투,"요즘…메이투 신기 ….우와….

#코스어 
#코스어_𝕏친소 
#코스프레 
#코스어_𝕏트친소  
#勝利の女神NIKKE
#勝利女神妮姬 
#NIKKE 
#NIKKEcosplay https://t.co/DZuBjPOSd7",Tue May 12 00:21:10 +0000 2026,1828262113309233152,abc (포포) (5월 토 플액&일 일페 ),abc_cc0102,541,24,0,1,https://x.com/abc_cc0102/status/2053993854102311247,ko,False,2026-05-14 00:05:35,한국,https://pbs.twimg.com/media/HIFAhaRb0AEChiv.jpg
2053961946324439442,메이투,근데 이사람 프로필에다가 스노우 필터 메이투 이런거 쓴거야? ㅠㅠㅋㅋㅋ,Mon May 11 22:14:23 +0000 2026,786732185562779648,癡情和尚,namunamunannan,870,1,2,0,https://x.com/namunamunannan/status/2053961946324439442,ko,False,2026-05-14 00:05:35,한국,
2053034933682422011,메이투,@Who_is_Ch4in 아 지피티가 더 퀄이 좋네요 메이투 너무 부자연스러운...ㅋㅋㅋㅋ...,Sat May 09 08:50:46 +0000 2026,1219562395569250304,치즈모찌,illustrious_32,89,0,0,1,https://x.com/illustrious_32/status/2053034933682422011,ko,False,2026-05-11 04:23:09,한국,
2053114048489926907,메이투,@hat_dogy17 메이투 AI 편집으로 할 수 있어요!!!!!!,Sat May 09 14:05:08 +0000 2026,1784804059247230976,괨이,bagseongyu62920,57,1,0,0,https://x.com/bagseongyu62920/status/2053114048489926907,ko,False,2026-05-11 04:23:09,한국,
2053341276368687488,메이투,@psyduck_yy 헉 AI였어요? 너무 자연스러워서 요즘 유행하는 메이투 야구 생중계AI인지 전혀 몰랐어요 호달달달달달🫨🫨🫨,Sun May 10 05:08:04 +0000 2026,1853997970443952128,minooong/미눙,mo_goory,64,0,0,1,https://x.com/mo_goory/status/2053341276368687488,ko,False,2026-05-11 04:23:09,한국,
2053157697168834813,메이투,@guppung 아니 그니까 ㅅㅂ 난 왜 한남인 건데 메이투 개새끼야 아시발틧터에올리지도못해,Sat May 09 16:58:35 +0000 2026,1667584509246844929,태수 아카이브,xotn_die,47,0,0,1,https://x.com/xotn_die/status/2053157697168834813,ko,False,2026-05-11 04:23:09,한국,
2053377497350447222,메이투,마음에 드는 메이투 https://t.co/0gvWxEp6dA,Sun May 10 07:31:59 +0000 2026,1982425280674484224,아이(あい) 5월 16일 코코페 코베니,honey_bear_520,131,6,0,0,https://x.com/honey_bear_520/status/2053377497350447222,ko,False,2026-05-11 04:23:09,한국,https://pbs.twimg.com/media/HH8P849bYAAN9bg.jpg
2053454319064879512,메이투,@SERAPHIC0517 메이투 라는 어플 깔고 광고 보면 하루두개 무료로 크레용 필터 쓸수 있는걸로 알아요!!,Sun May 10 12:37:15 +0000 2026,1120072344418914306,수셍,kiss_the_b1ade,60,0,0,0,https://x.com/kiss_the_b1ade/status/2053454319064879512,ko,False,2026-05-11 04:23:09,한국,
2053667528136892709,메이투,@lovechoulily 메이투 편해요!🥹,Mon May 11 02:44:28 +0000 2026,1832805936450383872,𝙃𝙐𝙒𝘼𝙔𝙐후와유ふわゆ🕊,huwayu_cos_0,233,0,0,0,https://x.com/huwayu_cos_0/status/2053667528136892709,ko,False,2026-05-11 04:23:09,한국,
2053634249694302373,메이투,"메이투 분철합니다
애플 아이폰 ios
한자리 남았어용
5/9 결제했습니다
1년 연간 결제 (인당 16000원)

디엠 안보면 맘찍, 멘션 부탁드립니다 https://t.co/XDv8v1LWkY",Mon May 11 00:32:14 +0000 2026,1616869885380026368,베츄,kacheu15,20,0,0,0,https://x.com/kacheu15/status/2053634249694302373,ko,False,2026-05-11 04:23:09,한국,https://pbs.twimg.com/media/HH_5dxxb0AEOg2R.jpg
2053512372778889353,메이투,어깨가 너무 좁아서 복근이 걍 메이투 컨투어 기능같어,Sun May 10 16:27:56 +0000 2026,1769902718192402433,재기연,hanamdiehae,20,0,0,0,https://x.com/hanamdiehae/status/2053512372778889353,ko,False,2026-05-11 04:23:09,한국,
2053130592053866894,메이투,@mctobb1 메이투,Sat May 09 15:10:53 +0000 2026,2002338130129793033,뭉,wxedxs_,73,0,0,1,https://x.com/wxedxs_/status/2053130592053866894,ko,False,2026-05-11 04:23:09,한국,
2053020526642372622,메이투,메이투 모자이크 나만 안보이나ㅜㅠ,Sat May 09 07:53:31 +0000 2026,1996428923668934656,복치,ohvclvriona1343,239,12,0,0,https://x.com/ohvclvriona1343/status/2053020526642372622,ko,False,2026-05-11 04:23:09,한국,
2053512164112204144,메이투,"메이투 뭐임....
언제 저렇게 발전함
얼마나 많은 사람들을 학습한것이냐",Sun May 10 16:27:06 +0000 2026,2005576044976513024,Mei,Mei_cos10,131,1,0,0,https://x.com/Mei_cos10/status/2053512164112204144,ko,False,2026-05-11 04:23:09,한국,
2052773285226791044,메이투,"@nothingno126 메이투-크래용
메이투-사진-ai효과-크래용",Fri May 08 15:31:04 +0000 2026,1586379001639370752,Bluelime,Bluelime923,76,1,0,1,https://x.com/Bluelime923/status/2052773285226791044,ko,False,2026-05-11 04:23:09,한국,
2052764363262664793,메이투,"아 얘네 메이투 썻넼ㅋ
구라치지마 진짜 니들 메이투로
몸매 보정 했잖아.. 빨리 맞다고 해..
제발 맞다고 하라고 진짜……. https://t.co/mfytfnMl9k",Fri May 08 14:55:37 +0000 2026,2030344054895222784,계랄이,gyerariiii,129,4,0,0,https://x.com/gyerariiii/status/2052764363262664793,ko,False,2026-05-11 04:23:09,한국,https://pbs.twimg.com/media/HHziTj5awAAeJvY.jpg
2052756181459075128,메이투,"메이투 템플릿 어디갓냐고..
자동 업뎃 꺼놔야 하나..🫠",Fri May 08 14:23:06 +0000 2026,1562657185770795008,크린🌿5플엑 토·일,Naufrag_um,136,1,0,0,https://x.com/Naufrag_um/status/2052756181459075128,ko,False,2026-05-11 04:23:09,한국,
2052778842272772249,메이투,@H_luci_07 메이투!,Fri May 08 15:53:09 +0000 2026,1166513872490004480,백시호 BEAKXIHO,BEAKXIHO_COS,376,1,0,0,https://x.com/BEAKXIHO_COS/status/2052778842272772249,ko,False,2026-05-11 04:23:09,한국,
2052752187848343618,메이투,아니 메이투 템플릿기능 ㅇㄷ갔나여….아시는분……….,Fri May 08 14:07:14 +0000 2026,1935752070012997632,코지,c02zy,1736,10,0,1,https://x.com/c02zy/status/2052752187848343618,ko,False,2026-05-11 04:23:09,한국,
2052897090284777740,메이투,@marineford05 메이투 어플에서 만들수있어용,Fri May 08 23:43:01 +0000 2026,1343020331175329797,🌟은하수별사탕🌟,Eunbyul_COS__,72,1,0,1,https://x.com/Eunbyul_COS__/status/2052897090284777740,ko,False,2026-05-11 04:23:09,한국,
2053121868245434394,메이투,@eneru365 메이투 라이브!! ㅋㅋㅋㅋㅋ,Sat May 09 14:36:13 +0000 2026,1984640601326043148,방짜バンチャ | 플엑 토,bangjja_,51,0,0,0,https://x.com/bangjja_/status/2053121868245434394,ko,False,2026-05-11 04:23:09,한국,
2052764789622051058,메이투,"너는 무슨 남자애가
메이투 15분동안 집중보정해야 생기는
여리여리손목을 가지고있니… https://t.co/G5jO5kbyyn",Fri May 08 14:57:19 +0000 2026,2047768553278095360,bbi ..,bbi_chunrang,417,12,0,0,https://x.com/bbi_chunrang/status/2052764789622051058,ko,False,2026-05-11 04:23:09,한국,https://pbs.twimg.com/media/HHzisZsaEAAFZ6u.jpg
2052809519852560758,메이투,@kugnee 웅 메이투,Fri May 08 17:55:03 +0000 2026,1592148507284340736,N!N4,3TUNZ,73,0,0,0,https://x.com/3TUNZ/status/2052809519852560758,ko,False,2026-05-11 04:23:09,한국,
2053300162882425199,메이투,@jarivium4080 헤헤 기얍지기얍지!!! 메이투 크레파스 필터 넘 기야버서 인장햇더ㅎㅎㅎ,Sun May 10 02:24:41 +0000 2026,1759638117072707584,에스💐,dolmeng_s,40,0,0,0,https://x.com/dolmeng_s/status/2053300162882425199,ko,False,2026-05-11 04:23:09,한국,
2053484748979470636,메이투,@Hunyanyaii 난 메이투 써도 개밤티임,Sun May 10 14:38:10 +0000 2026,1957857132185022464,소녀(상태: 평엔다짐),girl_xxx10,16,0,0,0,https://x.com/girl_xxx10/status/2053484748979470636,ko,False,2026-05-11 04:23:09,한국,
2053347221656264970,메이투,온리유 지금 메이투 보정100 얼굴이라 너무 당황함 왜이리 잘생겻노!!!!!!!!!!!!!!!!!!!!!! https://t.co/7MXyhIIvUS,Sun May 10 05:31:41 +0000 2026,1913606198575939584,김치찌개,2o04o405,142,6,0,0,https://x.com/2o04o405/status/2053347221656264970,ko,False,2026-05-11 04:23:09,한국,https://pbs.twimg.com/media/HH70alsbEAAuAem.jpg
2052971760879096067,메이투,"메이투 아이폰 분철합니다
2명 구해요
오늘 5/9 시작해서 27/06/09까지 이용가능
편하게 디엠주세요
인당 16000원 https://t.co/lM2wlUDVm4",Sat May 09 04:39:44 +0000 2026,3324176240,텅장,fex_ce,222,0,0,2,https://x.com/fex_ce/status/2052971760879096067,ko,False,2026-05-11 04:23:09,한국,https://pbs.twimg.com/media/HH2e7vibMAEbY2l.jpg
2052780609316307190,메이투,@Kazuku_1263 그거 메이투 기본 화면에서 콜라주 옆에 전체 누르구 추천에서 에이아이 그룹사진 밑에 에이아이 효과 들어가서 크레파스 찾으면 됨,Fri May 08 16:00:10 +0000 2026,1845417074912526336,"뉴리야 / 플엑 토,일",Nyu1iya_,112,1,0,0,https://x.com/Nyu1iya_/status/2052780609316307190,ko,False,2026-05-11 04:23:09,한국,
2052902995650863515,메이투,@Resyflom_904 메이투 ai필터에 크레파스 있어요!,Sat May 09 00:06:29 +0000 2026,1987741723427315712,미즈,mijeu3152,58,1,0,0,https://x.com/mijeu3152/status/2052902995650863515,ko,False,2026-05-11 04:23:09,한국,
2052748076604182938,메이투,@Gdanjjjj 메이투 ai효과에서 크레파스!!,Fri May 08 13:50:54 +0000 2026,1845417074912526336,"뉴리야 / 플엑 토,일",Nyu1iya_,80,1,0,0,https://x.com/Nyu1iya_/status/2052748076604182938,ko,False,2026-05-11 04:23:09,한국,
2053019944485548087,메이투,"메이투 분철합니다
애플 아이폰 ios
한자리 남았어용
오늘(5/9) 결제했습니다
1년 연간 결제 (인당 16000원) https://t.co/ayNuKCDR7W",Sat May 09 07:51:12 +0000 2026,1616869885380026368,베츄,kacheu15,230,1,0,0,https://x.com/kacheu15/status/2053019944485548087,ko,False,2026-05-11 04:23:09,한국,https://pbs.twimg.com/media/HH3KweDa4AAJrxY.jpg
2053054969503453374,메이투,@sika77502214 메이투!,Sat May 09 10:10:23 +0000 2026,1824630491045302272,레이,lei_cos110502,60,1,0,0,https://x.com/lei_cos110502/status/2053054969503453374,ko,False,2026-05-11 04:23:09,한국,
2053058750089777387,메이투,메이투 진짜 신기하네요🫪 https://t.co/KUz61T9bV8,Sat May 09 10:25:24 +0000 2026,1898430545027330048,킁cos,EtcKunn77503,753,56,1,2,https://x.com/EtcKunn77503/status/2053058750089777387,ko,False,2026-05-11 04:23:09,한국,https://pbs.twimg.com/media/HH3uDQBa4AAmsVI.jpg
2052929876500619461,메이투,@fffiary 엉 메이투 좋드라〰,Sat May 09 01:53:18 +0000 2026,766127602415366144,🌍,29_zigu,77,0,0,0,https://x.com/29_zigu/status/2052929876500619461,ko,False,2026-05-11 04:23:09,한국,
2052989181228642804,메이투,"@youbiru_chan 탐넘 죄송합니다
메이투&gt;AI효과에 있어요!",Sat May 09 05:48:58 +0000 2026,1919185369096196096,뉴현,Newhyeon001,107,0,0,0,https://x.com/Newhyeon001/status/2052989181228642804,ko,False,2026-05-11 04:23:09,한국,
2053149208878940554,메이투,야구장ai 메이투 깔기 귀찮아서 안함 스노우 빨리 들여와,Sat May 09 16:24:51 +0000 2026,1781647163208175616,고랭(🐋),Go_raeB,82,2,0,0,https://x.com/Go_raeB/status/2053149208878940554,ko,False,2026-05-11 04:23:09,한국,
2053096758599881072,메이투,메이투 직관짤 토우지로도 만들고 싶은데 개못생기게 만들거나 사람으로 인식을 안 함… 고인은 사람으로도 안 치는거냐,Sat May 09 12:56:26 +0000 2026,2044594973170126848,폼폼,milkfoam31,73,3,0,1,https://x.com/milkfoam31/status/2053096758599881072,ko,False,2026-05-11 04:23:09,한국,
2053102425272467615,메이투,@jjjj888881234 @wonplete 메이투 ai효과 들어가시면 지금 무료에요🙆‍♂️ 즉시 ㄱㄱ,Sat May 09 13:18:57 +0000 2026,1958967555751911425,하진 HaJin,menbung12811,84,1,0,0,https://x.com/menbung12811/status/2053102425272467615,ko,False,2026-05-11 04:23:09,한국,
2053056960497676428,메이투,@NewR_noir 요건 메이투!,Sat May 09 10:18:17 +0000 2026,991669113222184961,달빈,dalbin_cos,58,0,0,1,https://x.com/dalbin_cos/status/2053056960497676428,ko,False,2026-05-11 04:23:09,한국,
2053300558140956741,메이투,@ing_woo_ 메이투. 들어갇는데. 돈 내라. 하내요. 💢,Sun May 10 02:26:16 +0000 2026,1760695215185379328,냐밍ニャミン,nyamingya,45,1,0,1,https://x.com/nyamingya/status/2053300558140956741,ko,False,2026-05-11 04:23:09,한국,
2052747248820461721,메이투,@Link_eagleee 메이투 깔기 귀찮아서 미코 보정할때 같이 하려구요,Fri May 08 13:47:36 +0000 2026,1770945371977715712,쀅⛩️🍡,nyung1209,52,1,0,0,https://x.com/nyung1209/status/2052747248820461721,ko,False,2026-05-11 04:23:09,한국,
2053288096146583877,메이투,"@ThisIsYeony 연이야
메이투 어때?? 괜찮은 앱이야?",Sun May 10 01:36:45 +0000 2026,1928957604283428865,🍋 Délice de Lemon,Lemon_Delice,40,0,0,1,https://x.com/Lemon_Delice/status/2053288096146583877,ko,False,2026-05-11 04:23:09,한국,
2053101807879254024,메이투,"[광고] @meitu_kr 
화질낮은 사진 살리는 꿀팁💡

멀어서 자글자글하게 저화질이던 콘서트사진
메이투로 화질복원하기

💡메이투 앱 - HD화질 - HD/울트라 HD 선택 https://t.co/6HqL4tLGEz",Sat May 09 13:16:30 +0000 2026,1967969435857096704,eonie,eonie_o,2057,6,1,0,https://x.com/eonie_o/status/2053101807879254024,ko,False,2026-05-11 04:23:09,한국,https://pbs.twimg.com/media/HH4VNbiaEAAUnyO.jpg
2053452102962438331,메이투,"돗치가 스키?
하나는 틱톡 필터 하나는 메이투 ㅎㅎ https://t.co/HqGc2JA4TY",Sun May 10 12:28:27 +0000 2026,2008086715890806784,별이/5코페 토,staraaa27272000,248,12,0,0,https://x.com/staraaa27272000/status/2053452102962438331,ko,False,2026-05-11 04:23:09,한국,https://pbs.twimg.com/media/HH9Tzg7bgAA6rLU.jpg
2053130688283783534,메이투,@wxedxs_ 메이투 바로 깔러간다.,Sat May 09 15:11:16 +0000 2026,2007817201181728768,마늘젴,mctobb1,59,0,0,0,https://x.com/mctobb1/status/2053130688283783534,ko,False,2026-05-11 04:23:09,한국,
2052945856870129890,메이투,@Avel47290919 메이투!!,Sat May 09 02:56:48 +0000 2026,1828270253148905472,도아,_doaaaaaaaah,278,0,0,1,https://x.com/_doaaaaaaaah/status/2052945856870129890,ko,False,2026-05-11 04:23:09,한국,
2053184346681663726,메이투,메이투 유행하는 야구중계 AI로 카이 실사화함 https://t.co/LaBmmsmxNr,Sat May 09 18:44:29 +0000 2026,1081126749457461248,🔧몽🌙✨,M0ng_20,70,0,0,0,https://x.com/M0ng_20/status/2053184346681663726,ko,False,2026-05-11 04:23:09,한국,https://pbs.twimg.com/media/HH5gR-sbsAArk3S.jpg
2053422586210738402,메이투,@ilmnmli_mm 아ㅋㅋ 메이투… 그자식 악연인데 하 도전!!ㅠㅜ,Sun May 10 10:31:09 +0000 2026,1858120409419599872,제비뱍새,Jeb2_BakHy,28,0,0,0,https://x.com/Jeb2_BakHy/status/2053422586210738402,ko,False,2026-05-11 04:23:09,한국,
2053415557391913226,메이투,@mmong_0915 헤헤헤 메이투!!!!!!,Sun May 10 10:03:14 +0000 2026,1909235612659613696,소하,sxha_cosplay,30,1,0,0,https://x.com/sxha_cosplay/status/2053415557391913226,ko,False,2026-05-11 04:23:09,한국,
2053679819645489662,메이투,@stylight_seoan 딱히 프롬프트 없이 보정해봐만 했는데 절케 뽑아주더라구여 크흡... 메이투 조명 보정보다 잘해주는거 같구,Mon May 11 03:33:19 +0000 2026,1848884928530026496,코렐,sulsul159,9,0,0,1,https://x.com/sulsul159/status/2053679819645489662,ko,False,2026-05-11 04:23:09,한국,
2053008722503602622,메이투,스파키오 메이투 돌렸는데　왜 달비한짝어디갔고 누구세요!!!!@@!!!!! https://t.co/AoGRouFNb6,Sat May 09 07:06:37 +0000 2026,1988274880337637378,세렌_せれん/✨️가발세팅커미션✨️,serendipia_27_0,320,14,0,1,https://x.com/serendipia_27_0/status/2053008722503602622,ko,False,2026-05-11 04:23:09,한국,https://pbs.twimg.com/media/HH3AjaLbMAA3xSo.jpg
2050841928246460666,meitu,"메이투 meitu vip 분철 합니다!
갤럭시) 1년 12,670원
두분 구해요

아직 결제 전, 한분만 모여도 바로 결제하고 공유드려요!

쉐어 공유 1년권 가입 12개월

https://t.co/mc3u2ezTHd",Sun May 03 07:36:33 +0000 2026,821684947459051521,리벨,bellyfish1427,444,0,0,2,https://x.com/bellyfish1427/status/2050841928246460666,ko,False,2026-05-11 04:22:54,한국,
2041224903639322741,meitu,"ios 아이폰 메이투 Meitu
유료 분철 쉐어 하실 분

38000/3=12,666.667

연 12600원으로 하실 두 분 구해봅니당
멘션 혹은 DM 주세요 https://t.co/yVPfUYw0X9",Mon Apr 06 18:41:55 +0000 2026,1760880569645445120,쪼록,Jiniouspark,1078,2,0,3,https://x.com/Jiniouspark/status/2041224903639322741,ko,False,2026-05-11 04:22:54,한국,https://pbs.twimg.com/media/HFPjOs7asAA25EE.jpg
2023291907955478701,meitu,"메이투 1년 분철하실 분 구합니다!
최대 3기기라서 1인당 16000원 이예요
Ios이용하시는 분만 와주세요🙇🏻‍♀️
#meitu

https://t.co/SdRLV39bai",Mon Feb 16 07:02:36 +0000 2026,1990962752039583744,sizu,nami_1929393,604,0,0,0,https://x.com/nami_1929393/status/2023291907955478701,ko,False,2026-05-11 04:22:54,한국,
2052736470767768051,meitu,meitu 분철 방법 아시는 분 ~~..,Fri May 08 13:04:47 +0000 2026,1932347261029330944,.,ohmygasstove,15,0,0,0,https://x.com/ohmygasstove/status/2052736470767768051,ko,False,2026-05-11 04:22:54,한국,
2042989897662025762,meitu,"meitu 메이투 메이튜 연간권 분철 쉐어
결제 완료했고 한 명 더 모집해요 
인당 14300원 디엠주세요 ! https://t.co/0SzAEvxd2s",Sat Apr 11 15:35:23 +0000 2026,926349748361035777,혜,eurocomi2,68,0,0,0,https://x.com/eurocomi2/status/2042989897662025762,ko,False,2026-05-11 04:22:54,한국,https://pbs.twimg.com/media/HFooevuakAMRD1v.jpg
2043096118897319971,meitu,"meitu 메이투 메이튜 연간권 분철 쉐어
결제 완료했고 한 명 더 모집해요 
인당 14300원 디엠주세요 ! https://t.co/E4JtLuBCgD",Sat Apr 11 22:37:28 +0000 2026,926349748361035777,혜,eurocomi2,103,0,0,0,https://x.com/eurocomi2/status/2043096118897319971,ko,False,2026-05-11 04:22:54,한국,https://pbs.twimg.com/media/HFqJFjJasAAe7aS.jpg
2025117014151545166,meitu,"가끔 편집 앱 뭐 쓰냐고 묻는 사람들이 있어서 생각난 김에 얘기하자면

Photo Edit : Photomator, Meitu
Video Edit : CapCut
(모두 연간 구독으로 Pro 사용

원래 사진 편집은 LightRoom 사용하다 기기들이 다 Apple인 거 보고 아는 작가님이 Photomator 추천해 줘서 바꿨는데 괜찮은 듯 https://t.co/NCWhElmZZT",Sat Feb 21 07:54:55 +0000 2026,1647431718956331008,ᴢᴇʀᴏᴍᴀᴋɪ,zeromakii,224,0,0,0,https://x.com/zeromakii/status/2025117014151545166,ko,False,2026-05-11 04:22:54,한국,https://pbs.twimg.com/media/HBqmqocbgAQZdgm.jpg
2043261413473546488,meitu,"meitu 메이투 메이튜 연간권 분철 쉐어
결제 완료했고 한 명 더 모집해요 
인당 14300원 디엠주세요 ! https://t.co/Ttax4DXKJD",Sun Apr 12 09:34:17 +0000 2026,926349748361035777,혜,eurocomi2,318,0,0,2,https://x.com/eurocomi2/status/2043261413473546488,ko,False,2026-05-11 04:22:54,한국,https://pbs.twimg.com/media/HFsfbOUa4AA1nU9.jpg
2045648367049748718,meitu,ㅅㅊㅇ) 메이투 meitu 프리미엄 vip 프로 분철 쉐어,Sat Apr 18 23:39:11 +0000 2026,1532308571807182854,♡,imdududun,664,0,0,0,https://x.com/imdududun/status/2045648367049748718,ko,False,2026-05-11 04:22:54,한국,
2048222522324439415,meitu,"메이투 분철팟 들어가고싶어요! 아이폰 유저입니다
ㅅㅊㅇ) Meitu 메이투 분철 공유 쉐어 팟 구독 vip",Sun Apr 26 02:07:58 +0000 2026,1932347261029330944,.,ohmygasstove,510,0,0,1,https://x.com/ohmygasstove/status/2048222522324439415,ko,False,2026-05-11 04:22:54,한국,
2045191679867764910,meitu,"meitu 메이투 메이튜 vip 분철 공유 쉐어 (갤럭시)
1년 인당 16000원 (27/4/18까지)
2인 모집합니다 !

https://t.co/B4M3PCFdc9 https://t.co/R7cgQjm9mX",Fri Apr 17 17:24:28 +0000 2026,1471499081746771968,훔,hmm_187,921,0,0,2,https://x.com/hmm_187/status/2045191679867764910,ko,False,2026-05-11 04:22:54,한국,https://pbs.twimg.com/media/HGH6_sgawAAzNDn.jpg
2027782338382598446,meitu,"메이투 vip 1년 분철팟 끼워주실 분 구해요!!
아님 제가 해도 되는데 방법 몰라서 분철 방법 알려주실분
계정 3개까지 공유 가능하다고 해서 2명 더 들어와주세요 마감시 삭제
https://t.co/myrvCeAts7
메이투분철 meitu",Sat Feb 28 16:25:58 +0000 2026,2027744631656722432,거래,rjfo887766,667,0,0,2,https://x.com/rjfo887766/status/2027782338382598446,ko,False,2026-05-11 04:22:54,한국,
2050460929628983592,meitu,"우렁 꼬미니 임티🖤🤍🤎
.
.
#이모티콘 #meitu #강아지 #말티즈 #치와와 https://t.co/Mz4zlHdHB6",Sat May 02 06:22:36 +0000 2026,1438494615334653958,우렁이,baobabapartment,94,0,0,0,https://x.com/baobabapartment/status/2050460929628983592,ko,False,2026-05-11 04:22:54,한국,https://pbs.twimg.com/media/HHSx676asAABKZC.jpg
2044656454616187189,meitu,Meitu 메이투 분철 공유 쉐어 팟 구독 vip,Thu Apr 16 05:57:41 +0000 2026,1482349677941260289,nwesrrt,dcvoiip,475,0,0,0,https://x.com/dcvoiip/status/2044656454616187189,ko,False,2026-05-11 04:22:54,한국,
2050823533140513161,meitu,@sv4t8hinlzmco 저는 meitu 라는 앱으로 만들었어요 ෆ 앱 깔구 콜라주 들어가셔서 원하는 사진 고르시면 돼요 .ᐟ,Sun May 03 06:23:27 +0000 2026,2014710599998177281,みゆき,m1heiw_,240,1,0,1,https://x.com/m1heiw_/status/2050823533140513161,ko,False,2026-05-11 04:22:54,한국,
2052709248828915968,meitu,"meitu 메이투 메이튜 vip 분철 공유 쉐어 (아이폰)
1년 인당 16000원 (27/6/8까지)
2인 모집합니다!

메이투분철 260508
https://t.co/aW8S1vQkkM",Fri May 08 11:16:37 +0000 2026,1932347261029330944,.,ohmygasstove,229,0,0,1,https://x.com/ohmygasstove/status/2052709248828915968,ko,False,2026-05-11 04:22:54,한국,
2052740738174345418,메이투,@peng_cos 메이투 어플에 ai가 있어용!!,Fri May 08 13:21:44 +0000 2026,1604776851595210753,빛나,miko__nn,64,1,0,1,https://x.com/miko__nn/status/2052740738174345418,ko,False,2026-05-11 00:06:00,한국,
2052744381380391343,메이투,@Jeok_jae 엇 바로 메이투 깔러 가볼게😏😏,Fri May 08 13:36:13 +0000 2026,1675333220655849473,라임(ライム),lime_596,40,0,0,0,https://x.com/lime_596/status/2052744381380391343,ko,False,2026-05-11 00:06:00,한국,
2052734330598989877,메이투,감사하시다 덕분에 내 메이투 얼굴이 내 본판이라고 느껴짐,Fri May 08 12:56:17 +0000 2026,1679702373516840966,서단영,seodanyeong,289,1,0,0,https://x.com/seodanyeong/status/2052734330598989877,ko,False,2026-05-11 00:06:00,한국,
2052740517222641681,메이투,@Garlic_33 머 요즘 유행하는 메이투 크레파스 필터라 하옵니다,Fri May 08 13:20:52 +0000 2026,1582556378052587520,땡글만🐁,maojinping1,56,1,0,1,https://x.com/maojinping1/status/2052740517222641681,ko,False,2026-05-11 00:06:00,한국,
2052048618878894227,메이투,@_Photo_Dust_ 라룸 이보토 유라이크 메이투 👀👀👀👀👀👀,Wed May 06 15:31:30 +0000 2026,1230329299552501760,토끼,littlerabit9709,103,1,0,1,https://x.com/littlerabit9709/status/2052048618878894227,ko,False,2026-05-07 02:57:05,한국,
2051277651936186782,메이투,"@bd0zi 메이투 감사합니다.. 
봉단님이 제 최애인 거 아시죠🤤🫶🏻",Mon May 04 12:27:57 +0000 2026,1237336933732200448,오브,0fforb,54,1,0,1,https://x.com/0fforb/status/2051277651936186782,ko,False,2026-05-07 02:57:05,한국,
2051282038171545915,메이투,나도 .. 태규 눈이 너무 조아. .내가 계속 말하지만 태규 눈이 진짜진짜 신기하게 생겼거덩여 . . . 눈꼬리 자체가 옆으로 가늘고 긴데 전체적으로 보면 또 동그래. .  눈꺼풀도 무쌍같은데 자세히보면 메이투 쌍꺼풀 효과 20퍼 정도의 말도안되게 얇고 흐린 선이 자리잡혀있음 . . 너무신기해  https://t.co/YQSnshnjN0,Mon May 04 12:45:23 +0000 2026,1562713532516691968,용말,_dragonpony,1184,16,0,0,https://x.com/_dragonpony/status/2051282038171545915,ko,False,2026-05-07 02:57:05,한국,
2051503683477872718,메이투,"@AHY0N_ 안녕하세요 초면에 멘션 남깁니다~
메이투 어플 - 콜라주 - 편집 - 심리스 
클릭하면 원하시는것처럼 블러처리 됩니다! https://t.co/pxRYMkLq6u",Tue May 05 03:26:07 +0000 2026,1522296731819413507,영후,zerohu00,199,1,0,1,https://x.com/zerohu00/status/2051503683477872718,ko,False,2026-05-07 02:57:05,한국,https://pbs.twimg.com/media/HHhnud9agAA7N82.jpg
2051673916268327019,메이투,근데 이건 진짜 산통온다 어케 애기 눈이 왕방울만하지 내가 지금 메이투 눈보정100때려도 저 눈 안나옴 https://t.co/rw3rj5PPgQ,Tue May 05 14:42:34 +0000 2026,1994601036762546176,꾸,ovmku,45,0,0,0,https://x.com/ovmku/status/2051673916268327019,ko,False,2026-05-07 02:57:05,한국,https://pbs.twimg.com/media/HHkCjV4asAAT_Pv.jpg
2051656993413505103,메이투,"자 위시 포토이즘 꿀팁들어갑니디
메이투 필터- CCD플래시 ㄱㄱ 
와이거진짜같다 가능합니다
근데그냥 사쿠야가 진짜같이 말아줘서
울움마 사쿠 내친구인줄알음 https://t.co/Ue0S8xOZM6",Tue May 05 13:35:19 +0000 2026,1835734046519037952,ㄘױꩢ,ps2chi,323,0,0,0,https://x.com/ps2chi/status/2051656993413505103,ko,False,2026-05-07 02:57:05,한국,https://pbs.twimg.com/media/HHjzKQwbQAAV-X2.jpg
2051985826356355471,메이투,"사진보정 다들 메이투 소다 이런걸로하던데 난 그런거쓸줄몰라서 걍 클립스튜디오로 함 (실화임)
아니 클튜에 매년 거금 내고잇는데 걍 클튜로하고말지ㅉ",Wed May 06 11:21:59 +0000 2026,1813851323072466944,낭비,nangbi77,171,2,0,0,https://x.com/nangbi77/status/2051985826356355471,ko,False,2026-05-07 02:57:05,한국,
2051323350019108882,메이투,"2025년 안녕 🌅･ᴗ･̥̥̥ 연말 마무리 행복하게 해요 ! ♡ ◟̊◞̊ ♡
추운날에는 2026년 일출 집에서 편히 찍쟈 ,,🤍
너무 예쁘쟈나,,? 다들 해보세요 쨩 만족임 🫶🏻
-
-

기능 경로: 메이투-헤어-앞머리-윤기 머릿결 https://t.co/Um4PgxQOqZ",Mon May 04 15:29:33 +0000 2026,2038998277354323968,오 지은,gini_s2_236,66,0,0,0,https://x.com/gini_s2_236/status/2051323350019108882,ko,False,2026-05-07 02:57:05,한국,https://pbs.twimg.com/media/HHfDrc-bwAApuur.jpg
2052010229676863672,메이투,메이투 집어치우고 다들 지피티 돌리세요... https://t.co/Z5N1UpK2Pn,Wed May 06 12:58:57 +0000 2026,2036308114052706304,엄신,Eom1WF,432,16,0,5,https://x.com/Eom1WF/status/2052010229676863672,ko,False,2026-05-07 02:57:05,한국,https://pbs.twimg.com/media/HHo0aNZaUAAWvR_.jpg
2051311554537357360,메이투,"@Gguggudiary 저 보정 안만지는곳이 없어요...
메이투, Kumoo, 어도비 정품 다 유료 결제하고
본전 뽑아먹으려고 꼬박꼬박 싹다 갈아엎습니다ㅋㅋㅋㅋㅋ",Mon May 04 14:42:40 +0000 2026,1116671999781167104,대독 (플엑 토일),Link_eagleee,82,0,0,1,https://x.com/Link_eagleee/status/2051311554537357360,ko,False,2026-05-07 02:57:05,한국,
2052041231828676891,메이투,"메이투 아이폰 분철 구합니다
디엠 주세요!!!",Wed May 06 15:02:09 +0000 2026,1981245571160821762,두다닥쿵,dudadagkun89272,24,0,0,0,https://x.com/dudadagkun89272/status/2052041231828676891,ko,False,2026-05-07 02:57:05,한국,
2052049406372073637,메이투,"@perhour_127 녹푸밈. 새벽 다꾸에 맛을 아시겠죠, 이제 자주 올려주시는 거에요 나의 밤 다꾸 메이투…///😻😻😻",Wed May 06 15:34:38 +0000 2026,2018617973750333441,Nya♡ིྀ,nnyaaajjan,58,0,0,0,https://x.com/nnyaaajjan/status/2052049406372073637,ko,False,2026-05-07 02:57:05,한국,
2051696585332121602,메이투,그나저나 누가 메이투 돌렸나 https://t.co/QY3pIS89X6,Tue May 05 16:12:39 +0000 2026,1747312590542585856,ꜱᴀᴋ🏁,boxsake,675,13,6,0,https://x.com/boxsake/status/2051696585332121602,ko,False,2026-05-07 02:57:05,한국,
2051117533714063766,메이투,"요즘 메이투 보정이 너무 편해서 행사 촬영 모조리 거부하고 그냥 친구들이랑만 사진 찍게 됨 ㅠ ㅠㅠ 포토샵이 어렵고.. 귀찮아지다 🥹
(트친분들의 촬영은 언제나 환영입니다🫶)",Mon May 04 01:51:42 +0000 2026,820811599401189376,윤세현🐇,SIHWA_cos,213,10,0,1,https://x.com/SIHWA_cos/status/2051117533714063766,ko,False,2026-05-07 02:57:05,한국,
2052212534330232961,메이투,"메이투 깔아볼까..
뭔가 재미있는 필터가 많은 것 같아",Thu May 07 02:22:51 +0000 2026,1555829402189328384,타니타니,imtanitan,38,1,0,0,https://x.com/imtanitan/status/2052212534330232961,ko,False,2026-05-07 02:57:05,한국,
2052188304213414013,메이투,아니 ㅅㅂ 원래 잘생긴애들얼굴을 무슨 메이투 브이라인60 입꼬리40해놧음 뭔; https://t.co/HTO7ihlJu8,Thu May 07 00:46:34 +0000 2026,1968644499074166784,로봇과학자엄준식,ummeomeom21,118,0,0,0,https://x.com/ummeomeom21/status/2052188304213414013,ko,False,2026-05-07 02:57:05,한국,
2051965252376682567,메이투,"감사합니다💕
보통 메이투+이보토 같이 사용하고 그러고도 맘에 안들면,,, 포토샵으로 더 만져요😂 https://t.co/l96e7aBYJJ",Wed May 06 10:00:14 +0000 2026,1633292104414949376,ZERØ,zero__ozz,87,3,0,0,https://x.com/zero__ozz/status/2051965252376682567,ko,False,2026-05-07 02:57:05,한국,
2051740916407578868,메이투,"메이투 아이폰 분철 끼워주실 분 구해요..
즉입가능합니다!!",Tue May 05 19:08:48 +0000 2026,2048486064046952448,miss,miss9gir,75,0,0,0,https://x.com/miss9gir/status/2051740916407578868,ko,False,2026-05-07 02:57:05,한국,
2051531458532331853,메이투,"선우 존아귀여워ㅁㅊ
초딩때는 스노우 필터
중고딩때는 메이투 필터로 찍은거
존나 그 시절 학생같아서 개웃기고 공감됨",Tue May 05 05:16:29 +0000 2026,1920837482243125250,봉자,Bongjaim,128,0,0,0,https://x.com/Bongjaim/status/2051531458532331853,ko,False,2026-05-07 02:57:05,한국,
2051312478953550118,메이투,"저만 알려고 했는데
저처럼 메이투 유료 아닌 트친들을 위해 공유합니다//

틱톡에서 사진 예뿌게 찍고
지피티에 들어가서
“ 잔머리 정리 및 자연스러운 후레시 효과를 넣어줄래? ”
라고 하면 예쁜 사진을 저장할 수 있습니다!!

*사진이 살짝 바뀔 수 있으니 다른건 절대 바꾸지 말라고 당부해야해요! https://t.co/LrKEJd7a12",Mon May 04 14:46:21 +0000 2026,1610042980320292864,모치,mochi_chewy_,606,17,0,0,https://x.com/mochi_chewy_/status/2051312478953550118,ko,False,2026-05-07 02:57:05,한국,https://pbs.twimg.com/media/HHe502zbUAAsg0B.jpg
2051283944591827020,메이투,@sizu_ir 후훗.. 저도 메이투 다운받았습니다😎😎,Mon May 04 12:52:58 +0000 2026,2009260521745469440,바보,babobaboa,131,1,0,1,https://x.com/babobaboa/status/2051283944591827020,ko,False,2026-05-07 02:57:05,한국,
2051252748122051059,메이투,"꿍에서 귀 왤케 뭉개져있냐고 ai코스냐고 싸불먹은 꿈꿈 
메이투 지우기로피어싱지워서 그런겁니다",Mon May 04 10:49:00 +0000 2026,1959936945855094784,김영철,guo1988392,55,3,0,0,https://x.com/guo1988392/status/2051252748122051059,ko,False,2026-05-07 02:57:05,한국,
2051603547620573564,메이투,메이투 vip없어서 걍 핸폰 노트북으로 찍고 오려냄 https://t.co/nwkjZwJANF,Tue May 05 10:02:57 +0000 2026,2009226618364108800,강호봉,isala195432,471,14,0,0,https://x.com/isala195432/status/2051603547620573564,ko,False,2026-05-07 02:57:05,한국,https://pbs.twimg.com/media/HHjCjf6bMAA1JHR.jpg
2051807950193496384,메이투,료가군 메이투 영상 같다 https://t.co/stZW48sS41,Tue May 05 23:35:10 +0000 2026,1360717624682811393,bori,boripop,376,1,0,1,https://x.com/boripop/status/2051807950193496384,ko,False,2026-05-07 02:57:05,한국,https://pbs.twimg.com/media/HHl8dS1a4AABwbo.jpg
2051668857396580521,메이투,@whitenight_pic 역시 메이투 인기가 제일 많나보군뇨...,Tue May 05 14:22:28 +0000 2026,1641699697705484291,재은,jae_eun0711,56,1,0,0,https://x.com/jae_eun0711/status/2051668857396580521,ko,False,2026-05-07 02:57:05,한국,
2051282222226026685,메이투,@babobaboa 메이투!!,Mon May 04 12:46:07 +0000 2026,2011665793235501057,시즈,sizu_ir,145,1,0,1,https://x.com/sizu_ir/status/2051282222226026685,ko,False,2026-05-07 02:57:05,한국,
2051145791029567575,메이투,혹시 저랑 메이투 공구? 뭐라하지 같이 하실분 구해요🥺,Mon May 04 03:43:59 +0000 2026,2045869687414915072,얀 | 트친소,YeonYuu722,169,2,0,1,https://x.com/YeonYuu722/status/2051145791029567575,ko,False,2026-05-07 02:57:05,한국,
2050968020659609910,메이투,수코 넘 즐거웠어요 ㅠㅠ 행사를 이렇게까지 늦게 가고 늦게 퇴근할 수 있구나를 느꼈던… 집 근처 행사라는 건 조은 거구나… (사실 그렇게 근처는 또 아님) 양일 다!! 많은 분들이 사진 찍어 주셔서 넘 감사했어요 리턴 바라시면 디엠 한 번만 부탁드립니당 메이투 브이아이피 권력 보여드릴게여 ㅋ,Sun May 03 15:57:35 +0000 2026,1588877659794464769,으난이 ㅠ,eo3_qy,730,7,0,1,https://x.com/eo3_qy/status/2050968020659609910,ko,False,2026-05-07 02:57:05,한국,
2051577420134879710,메이투,준재 ㅈㄴ예쁨 메이투 보정 100때린급,Tue May 05 08:19:08 +0000 2026,1767874006215274496,riz ²⁹,ssg_riz,322,2,0,0,https://x.com/ssg_riz/status/2051577420134879710,ko,False,2026-05-07 02:57:05,한국,
2050951132458193204,메이투,"@luckyniikii 개웃곀ㅋㅋㅋㅋㅋㅋㅋㅋㅋㅋㅋ
나도 틧터 인스타 다 지움
근데 메이투 이게 존느게 많이 나가더만;;
내가이걸지웟다면 훈선을 찍옷겟지?씨벨?",Sun May 03 14:50:29 +0000 2026,1974750393474433024,꼬질이,Makesomenosssie,51,0,0,1,https://x.com/Makesomenosssie/status/2050951132458193204,ko,False,2026-05-07 02:57:05,한국,
2051299975813054768,메이투,@babobaboa 메이투 씁니다!!,Mon May 04 13:56:40 +0000 2026,1985239661468676096,ZEN,jen_ililuy,135,1,0,1,https://x.com/jen_ililuy/status/2051299975813054768,ko,False,2026-05-07 02:57:05,한국,
2051297857630834716,메이투,"@Ielha014 으아악
으아아악
전 전 보정코스어입니다 메이투 어도비가 없으면 살아갈 수 없어요,,,,하지만
모두악단이되..,,,.!!!",Mon May 04 13:48:15 +0000 2026,2031125431676710915,도준,dojun_pd,51,1,0,0,https://x.com/dojun_pd/status/2051297857630834716,ko,False,2026-05-07 02:57:05,한국,
2051600843066286527,메이투,메이투 공구하실분,Tue May 05 09:52:12 +0000 2026,2009226618364108800,강호봉,isala195432,174,1,0,0,https://x.com/isala195432/status/2051600843066286527,ko,False,2026-05-07 02:57:05,한국,
2051183246541758948,메이투,"오늘 화장하고 나갔다 온 김에 볼,콧등,턱끝에 블러셔 왕창 얹어봤는데 이정도는 얹어야 오른쪽 메이투 후면에서 색이 올라오는구나...실제로는 왼쪽에서 좀 더 진한 느낌이라 거의 화상 입은 것처럼 보이는데 오른쪽은 그저 뽀용......새삼 아이돌들 얼마나 메컵 진하게 할까 싶었다 https://t.co/T4FdjswPo1",Mon May 04 06:12:49 +0000 2026,1984561555451826176,졔옹,zyeahohn,445,2,0,0,https://x.com/zyeahohn/status/2051183246541758948,ko,False,2026-05-07 02:57:05,한국,https://pbs.twimg.com/media/HHdENMJbIAA0t-q.jpg
2051305089546215482,메이투,@babobaboa 메이투 짱 좋아요🥹기능이 스노우보다 더 많아서 정교하게 보정 할 수 잇서요!!!,Mon May 04 14:16:59 +0000 2026,1985239661468676096,ZEN,jen_ililuy,53,1,0,0,https://x.com/jen_ililuy/status/2051305089546215482,ko,False,2026-05-07 02:57:05,한국,
2051597419977257001,메이투,"승한실물후기

실물 미남 카메라 진짜 개같은점이
볼빵빵으로 나옴 &lt;&lt; 이것도 넘귀인데
정면에서 봤을 때 얼굴형이 메이투 턱보정 100으로 해둔거같이 ㅈㄴ갸름…",Tue May 05 09:38:36 +0000 2026,1961589445188358148,&@,xnghanop,284,3,0,0,https://x.com/xnghanop/status/2051597419977257001,ko,False,2026-05-07 02:57:05,한국,
2051294047269163483,메이투,저만 지금 메이투 헤어 그리는 기능 오류 나나요🥹,Mon May 04 13:33:06 +0000 2026,1243111919650664449,새나 SAENA セナ,__COSAENA,255,1,0,0,https://x.com/__COSAENA/status/2051294047269163483,ko,False,2026-05-07 02:57:05,한국,
2051708498245984389,메이투,"와 이 메이투 토끼 필터
서누랑 같은 세대라는걸 실감함",Tue May 05 16:59:59 +0000 2026,1530582066488049664,DUBU,luvzs2o,80,0,0,0,https://x.com/luvzs2o/status/2051708498245984389,ko,False,2026-05-07 02:57:05,한국,
2051112073351053664,메이투,@dnjstnddlwhgdk 사랑해요 메이투 고마워요 메이투,Mon May 04 01:30:00 +0000 2026,2050599705001025536,김긍소이,rrmd624,35,0,0,0,https://x.com/rrmd624/status/2051112073351053664,ko,False,2026-05-07 02:57:05,한국,
2051276369322266924,메이투,@babobaboa 메이투로 해요! 다들 메이투 많이 쓰시더라구용!!,Mon May 04 12:22:51 +0000 2026,1691089680203489280,리케 / ㅌㅊㅅ,ricke_xnx,172,1,0,1,https://x.com/ricke_xnx/status/2051276369322266924,ko,False,2026-05-07 02:57:05,한국,
2051636364215746960,메이투,"제가 하는 편집은 아이폰+메이투 유료면 ㄹㅇ 딸깍 수준으로 다 할 수 있는것들이라🥹 콜라주, 영상 편집두 저처럼 폰으로 가볍게 빨리 하시고 싶으심 메이투 유료 넘넘 추천이에요!",Tue May 05 12:13:21 +0000 2026,1643207542393151488,𝑳𝑨𝑻𝑻𝑬,latterocher,537,6,0,0,https://x.com/latterocher/status/2051636364215746960,ko,False,2026-05-07 02:57:05,한국,
2051204717267898507,메이투,"리턴 하나씩 해결해나가고 잇사와요 대학졸업준비+교수님 면담+메로출근+그외 상업촬영+외주등등…. 불쌍한저를 봐주시옵고….기다려주시면 감사하겟습니다🥲💗

( 최대한 빨리드리고 싶어서 메이투 일년프리미엄 삿서요… 🥹 항상 찍어주셔서 감사해요 ) https://t.co/XqltOXjqUz",Mon May 04 07:38:08 +0000 2026,1948087520803328001,사키,saki_bak,513,29,0,2,https://x.com/saki_bak/status/2051204717267898507,ko,False,2026-05-07 02:57:05,한국,https://pbs.twimg.com/media/HHdX0LtaoAAtfK2.jpg
2051267680435626394,메이투,"@chigiri_wife 메이투 나이스..🙌🏻
혹시 이번 부코 오시나요? 아직 완전 확정은 아닌데!!
오랜만에 만나 뵙고 싶어요..🫶🏻",Mon May 04 11:48:20 +0000 2026,1237336933732200448,오브,0fforb,82,1,0,1,https://x.com/0fforb/status/2051267680435626394,ko,False,2026-05-07 02:57:05,한국,
2051234960863043948,메이투,@ieungeung_cos 립은 데킬라 마시다 지워져서 메이투 딸기 립 썼어 자기야~^^,Mon May 04 09:38:19 +0000 2026,1842851653021741056,슈타,SteinsAnime,88,0,0,1,https://x.com/SteinsAnime/status/2051234960863043948,ko,False,2026-05-07 02:57:05,한국,
2051651569666691230,메이투,@sewxwithj 나 메이투 프리미엄인데 셀카보내봐 해줄게 ㅋ,Tue May 05 13:13:46 +0000 2026,2038649872220299264,훈구,honinane,79,0,0,1,https://x.com/honinane/status/2051651569666691230,ko,False,2026-05-07 02:57:05,한국,
2051889774978548213,메이투,수업 메이투 https://t.co/MLrxaVR4Wo,Wed May 06 05:00:19 +0000 2026,1675062843996246016,들찬どぅるちゃん,deulchan1010,36,1,0,0,https://x.com/deulchan1010/status/2051889774978548213,ko,False,2026-05-07 02:57:05,한국,https://pbs.twimg.com/media/HHnG4F9bYAA8PLb.jpg
2052218910527877144,메이투,@coer318 메이투 싹 다 실패하고 드디어 성공햇어!!!😙,Thu May 07 02:48:11 +0000 2026,2036308114052706304,엄신,Eom1WF,1,0,0,0,https://x.com/Eom1WF/status/2052218910527877144,ko,False,2026-05-07 02:57:05,한국,
2051305651809481155,메이투,@jae_eun0711 메이투 많이들 쓰시더라구요!,Mon May 04 14:19:13 +0000 2026,2032862991243448320,백야,whitenight_pic,95,1,0,1,https://x.com/whitenight_pic/status/2051305651809481155,ko,False,2026-05-07 02:57:05,한국,
2051352875142664502,메이투,@6cUCWI 메이투,Mon May 04 17:26:52 +0000 2026,1722306264183754752,히요땅,swwuuo88,64,0,0,1,https://x.com/swwuuo88/status/2051352875142664502,ko,False,2026-05-07 02:57:05,한국,
2016802298186338448,meitu,"메이투 1년 분철하실 분 구해요!
최대 3대 기기라서 1인당 16000원입니다! 두 분 구해요

#meitu 

https://t.co/RScEPgOVLg",Thu Jan 29 09:15:12 +0000 2026,1531242386978111489,학식요정,leelaquma,552,0,0,1,https://x.com/leelaquma/status/2016802298186338448,ko,False,2026-05-07 02:56:42,한국,
2050945422710198484,메이투,@iyo__0120 메이투 성형외과 단골이라,Sun May 03 14:27:48 +0000 2026,1882431721288904704,꽁,6uikxa26,93,1,0,0,https://x.com/6uikxa26/status/2050945422710198484,ko,False,2026-05-07 00:05:57,한국,
2050924409867981016,메이투,"한 명도 빠짐없이
메이투 보정100 때려넣은 것 같이 생김 https://t.co/enuGtQCJk3",Sun May 03 13:04:18 +0000 2026,1927383628780023809,sono..,sono_page,442,10,1,0,https://x.com/sono_page/status/2050924409867981016,ko,False,2026-05-07 00:05:57,한국,https://pbs.twimg.com/media/HHZY4GBagAAST6f.jpg
2050924471960355044,메이투,메이투 필터를끼고 중안부 축소 메이크업을한 남자,Sun May 03 13:04:33 +0000 2026,1896945650631401472,num,numsugi,104,0,0,0,https://x.com/numsugi/status/2050924471960355044,ko,False,2026-05-07 00:05:57,한국,
2042819331621540069,뷰티캠,"어둡고 칙칙한 셀카에 플래시를 켜주심.....뷰티캠 감사합니다 땡큐...✨
#인천 #일상 https://t.co/HUrGRA0zi2",Sat Apr 11 04:17:37 +0000 2026,2032704802711547904,유영,mac_0027,162,0,0,1,https://x.com/mac_0027/status/2042819331621540069,ko,False,2026-05-04 04:06:57,한국,https://pbs.twimg.com/media/HFmNWyObUAAyKQu.jpg
2049767021248921885,메이투,기카 아니면 메이투 카메라 중에 아이폰 모드로 많이 찍어요! https://t.co/ErQZBdMwEb,Thu Apr 30 08:25:15 +0000 2026,1796064125111734272,노애,1ovepinkhair,333,7,0,0,https://x.com/1ovepinkhair/status/2049767021248921885,ko,False,2026-05-04 04:06:41,한국,
2050227510319947796,메이투,하 왜 메이투 적용된 얼굴로는 못사는거임,Fri May 01 14:55:04 +0000 2026,1996506249391960065,히히히ㅣ히히힛,hihihiihih35494,34,0,0,0,https://x.com/hihihiihih35494/status/2050227510319947796,ko,False,2026-05-04 04:06:41,한국,
2049817791688331419,메이투,"메이투…이거 되게 좋은데?
이게…나…?
ㄴ…왜 사진이 없어?
ㄴㄴ부끄러워",Thu Apr 30 11:46:59 +0000 2026,1976588001762570240,에버트(코스텔로는 없음)(5/5까지 로그아웃),Inverted1999,152,5,0,0,https://x.com/Inverted1999/status/2049817791688331419,ko,False,2026-05-04 04:06:41,한국,
2050402980013449572,메이투,"수코 출근!
메이투 이거 뭐임..? 딴 사람인데? https://t.co/7N9iWYEK0Z",Sat May 02 02:32:19 +0000 2026,1983799565787754496,로지📸🍃5부코/사진사,rozy_photo,312,10,0,1,https://x.com/rozy_photo/status/2050402980013449572,ko,False,2026-05-04 04:06:41,한국,https://pbs.twimg.com/media/HHR-WN0bQAAHGQU.jpg
2050648893873102951,메이투,"메이투로 새해 일출 미리보기 ☼･゜ﾟ･:.

-기능 : 메이투-헤어-앞머리-윤기 머릿결 https://t.co/4elkfanQfq",Sat May 02 18:49:30 +0000 2026,2030153040045690884,어진희,di_ndin161,92,0,0,0,https://x.com/di_ndin161/status/2050648893873102951,ko,False,2026-05-04 04:06:41,한국,https://pbs.twimg.com/media/HHVeQ6TasAAuog6.jpg
2049899950000033893,메이투,제 인생에서 가장 제 맘대로 할 수 있는 것은 메이투 보정 뿐이란 말입니다,Thu Apr 30 17:13:28 +0000 2026,1865329094981824512,rung,rungzichan,247,5,2,0,https://x.com/rungzichan/status/2049899950000033893,ko,False,2026-05-04 04:06:41,한국,
2050169468954042621,메이투,"메이투 분철팟 들어가고싶어요! 아이폰 유저입니다!!
모집하시는 분 있으면 멘션/디엠 주세요🥹🥹",Fri May 01 11:04:26 +0000 2026,2011091207481659393,앙,olio_oi,88,0,0,1,https://x.com/olio_oi/status/2050169468954042621,ko,False,2026-05-04 04:06:41,한국,
2050905014747779386,메이투,@zziping3 그룹명: 메이투,Sun May 03 11:47:14 +0000 2026,2050599705001025536,김긍소이,rrmd624,24,0,0,1,https://x.com/rrmd624/status/2050905014747779386,ko,False,2026-05-04 04:06:41,한국,
2050916385744986548,메이투,@namnammungmung 메이드 바이 메이투,Sun May 03 12:32:25 +0000 2026,1522820202592931840,쿨쿨,1ovmeplz,50,0,0,0,https://x.com/1ovmeplz/status/2050916385744986548,ko,False,2026-05-04 04:06:41,한국,
2050853436942635158,메이투,난 메이투 보정 돌려야지만 나오는 납작배와 이목구비를 정국님은 순수체급으로 갖고있는거 ㄴㅁ부러워 https://t.co/PeGFC4XKTk,Sun May 03 08:22:17 +0000 2026,265224487,깽이,JK_TOKKI_,1557,108,18,0,https://x.com/JK_TOKKI_/status/2050853436942635158,ko,False,2026-05-04 04:06:41,한국,
2050248616212881783,메이투,@ELfIZSL1yoV4ETo 메이투 제 2번째 부모님입니다,Fri May 01 16:18:56 +0000 2026,2036756669527650304,포푸림,populim295033,46,1,0,0,https://x.com/populim295033/status/2050248616212881783,ko,False,2026-05-04 04:06:41,한국,
2049751925349118209,메이투,강민이가 메이투 켜서 피부 밀고 잇는 게 더 황당하고 웃음나올거같은데도대체왜보정을하라는거임ㅜㅜ,Thu Apr 30 07:25:16 +0000 2026,1953069243941175302,heart!!,heartbbiee,2187,9,4,1,https://x.com/heartbbiee/status/2049751925349118209,ko,False,2026-05-04 04:06:41,한국,
2050921005871407520,메이투,@nabi__017 원본 사진이 더 좋네요..  메이투 말하는건가요?,Sun May 03 12:50:46 +0000 2026,1432627217608044547,Arloh알로⚡️,JAKEGLH,67,1,0,0,https://x.com/JAKEGLH/status/2050921005871407520,ko,False,2026-05-04 04:06:41,한국,
2049886633353503208,메이투,메이투 메이크업 100돌린거 아님? https://t.co/4jwUHYMAJA,Thu Apr 30 16:20:33 +0000 2026,1957406952436498432,쿄삼이,hshshh99,477,14,0,0,https://x.com/hshshh99/status/2049886633353503208,ko,False,2026-05-04 04:06:41,한국,https://pbs.twimg.com/media/HHKpBxCbYAMLtdR.jpg
2050530111469097003,메이투,"뭐임.... 회춘했는데
소다에서 시온이오빠한테 메이투 애픽 전수받음? https://t.co/B3rMVJjSUT",Sat May 02 10:57:30 +0000 2026,1946988742964842496,군필여중생,474ds,294,0,0,0,https://x.com/474ds/status/2050530111469097003,ko,False,2026-05-04 04:06:41,한국,https://pbs.twimg.com/media/HHTyQ_5boAEsCt8.jpg
2051114287272493166,메이투,"메이투 아이폰 분철 구합니다
디엠 주세요!!",Mon May 04 01:38:48 +0000 2026,1981245571160821762,두다닥쿵,dudadagkun89272,7,0,0,0,https://x.com/dudadagkun89272/status/2051114287272493166,ko,False,2026-05-04 04:06:41,한국,
2049990433967940030,메이투,"여행가서 사진이나 이쁘게 찍어야지.
메이투 on",Thu Apr 30 23:13:01 +0000 2026,1922818675125755904,✟ジヒドロコデイン✟,methpatrol,171,19,0,0,https://x.com/methpatrol/status/2049990433967940030,ko,False,2026-05-04 04:06:41,한국,
2050265062292832455,메이투,메이투 플래시 효과 썼더니 여친이 중티 난다 해서 그냥 안 쓴 버전 올렸다 근데 난 후자가 예뻐보여 퓨 https://t.co/bus1YtFai8,Fri May 01 17:24:17 +0000 2026,2042186058646142976,Kodama,sakafruto,1245,10,0,0,https://x.com/sakafruto/status/2050265062292832455,ko,False,2026-05-04 04:06:41,한국,https://pbs.twimg.com/media/HHQBNIiacAAuZjx.jpg
2050787101160177857,메이투,@m3_x0a 다들 메이투 ㅊㅊ 해줘서 써보고 있는데 ㅈㄴ 어렵다 목아,Sun May 03 03:58:41 +0000 2026,1554082014386884610,또야,ttoya084122,62,0,0,0,https://x.com/ttoya084122/status/2050787101160177857,ko,False,2026-05-04 04:06:41,한국,
2050515081738571855,메이투,"카메라는 실행하고싶은데
네일,장갑때문에 터치가 안돼서 불편하신분 팁

설정 - 측면버튼(전원 버튼) - 두번누르기 - ON

기본카메라 싫으시면 하단
애플리케이션 눌러서 스노우,메이투 변경

⭐️측면 볼륨버튼 누르면 찰칵 https://t.co/ikomR9fP7r",Sat May 02 09:57:46 +0000 2026,782404231609274368,KBS 기백성,K_white_castle,909,9,1,1,https://x.com/K_white_castle/status/2050515081738571855,ko,False,2026-05-04 04:06:41,한국,https://pbs.twimg.com/media/HHTklwOawAA5NIP.jpg
2050571100657270960,메이투,@A_mentaldisease 다들 메이투 쓰는구먼,Sat May 02 13:40:22 +0000 2026,1554082014386884610,또야,ttoya084122,37,0,0,0,https://x.com/ttoya084122/status/2050571100657270960,ko,False,2026-05-04 04:06:41,한국,
2050284891410153717,메이투,"혹시 탐라에 메이투 유료 아이폰 분철 하시는분.?
껴주실분 ㅠㅠ 탐넘도 됩니다",Fri May 01 18:43:05 +0000 2026,1488084577230807040,오덕페이트,ianbboong,315,0,0,2,https://x.com/ianbboong/status/2050284891410153717,ko,False,2026-05-04 04:06:41,한국,
2050538867993071896,메이투,메이투 알람 뭐임 ㅋㅋㅋㅋㅋㅋㅋㅋㅋㅋㅋ뀨발 https://t.co/Ij9qeQd8Km,Sat May 02 11:32:17 +0000 2026,1378488350252822529,토리,ttorrrriz,135,3,0,0,https://x.com/ttorrrriz/status/2050538867993071896,ko,False,2026-05-04 04:06:41,한국,https://pbs.twimg.com/media/HHT6OrjaMAASsz7.jpg
2050834220235563388,메이투,"메이투로 새해 일출 미리보기 ☼･゜ﾟ･:.

-기능 : 메이투-헤어-앞머리-윤기 머릿결 https://t.co/SDEU5UGOKH",Sun May 03 07:05:55 +0000 2026,2041391672777441280,어진희,di_ndin29,47,0,0,0,https://x.com/di_ndin29/status/2050834220235563388,ko,False,2026-05-04 04:06:41,한국,https://pbs.twimg.com/media/HHYG0XCbQAAsSW9.jpg
2050500780956979390,메이투,"메이투 분철 구합니다 (아이폰)
칼입금 가능 디엠 or 멘션 오픈카톡 부탁드려요",Sat May 02 09:00:57 +0000 2026,1400287726025396227,໊,walkonwat2r,110,0,0,0,https://x.com/walkonwat2r/status/2050500780956979390,ko,False,2026-05-04 04:06:41,한국,
2050564081208496173,메이투,와 아담옵 메이투 보정 100한거같이생겻냐 https://t.co/eNELIcSjnC,Sat May 02 13:12:29 +0000 2026,1978069229825097728,먄먄 e ^e ♡,ja6dtw,85,1,0,0,https://x.com/ja6dtw/status/2050564081208496173,ko,False,2026-05-04 04:06:41,한국,https://pbs.twimg.com/media/HHURKUvakAAOlmK.jpg
2050967690513441139,메이투,@Kare8g 메이투 없으면 살 수 없는 여성 2,Sun May 03 15:56:17 +0000 2026,1965921493935636480,뽀,wekznm,51,1,0,0,https://x.com/wekznm/status/2050967690513441139,ko,False,2026-05-04 04:06:41,한국,
2050451898134921647,메이투,"@moumuong8 그것은
이비스 메이투 이비스의 보정 과정을 거쳤기 때문",Sat May 02 05:46:42 +0000 2026,1438401049300135938,ㅌㅊㅅ 키위,OrangeKiwi1212,64,0,0,0,https://x.com/OrangeKiwi1212/status/2050451898134921647,ko,False,2026-05-04 04:06:41,한국,
2050967636318757275,메이투,@wekznm 메이투 없으면 살 수 없는 여성 1,Sun May 03 15:56:04 +0000 2026,2038093855304962048,Kare,Kare8g,41,0,0,1,https://x.com/Kare8g/status/2050967636318757275,ko,False,2026-05-04 04:06:41,한국,
2050829486393081865,메이투,"메이투 분철 구합니다 아이폰
디엠 주세요!!!!",Sun May 03 06:47:06 +0000 2026,1835701135249960960,감정없는싸이코햄스터,sakuuS2,85,0,0,0,https://x.com/sakuuS2/status/2050829486393081865,ko,False,2026-05-04 04:06:41,한국,
2050217590958752023,메이투,메이투 ai손글씨 기능 완전 귀여워✨ https://t.co/nLwb61ct1W,Fri May 01 14:15:39 +0000 2026,1364103311071137793,シロミ/시로미,siromi0,399,17,1,0,https://x.com/siromi0/status/2050217590958752023,ko,False,2026-05-04 04:06:41,한국,https://pbs.twimg.com/media/HHPWB7RakAEJn-6.jpg
2050524437477511533,메이투,@nzgxsx 이거 저는 메이투 돌렷어요 ㅋ헤헷,Sat May 02 10:34:57 +0000 2026,1959815156227350528,콩햄지,hamzibean,53,1,0,1,https://x.com/hamzibean/status/2050524437477511533,ko,False,2026-05-04 04:06:41,한국,
2050067897146581054,메이투,"갸루의 맛을 알아버린 것 같음 (ꕤ ᐢ⸝⸝ ⸝⸝ᐢ)
눈썹/속눈썹 = made by. 메이투 https://t.co/9FSFKdtxEz",Fri May 01 04:20:49 +0000 2026,1827865492134227968,지요,iuz0xv,1035,25,9,0,https://x.com/iuz0xv/status/2050067897146581054,ko,False,2026-05-04 04:06:41,한국,https://pbs.twimg.com/media/HHNN417bYAA6DiQ.jpg
2050506611442254009,메이투,한진이 이런 얼빡 1인칭 시점에서도 눈 크기 메이투 100같고 피부 반짝거리는거 이런 남자들만 아이돌 하자 https://t.co/awRPWBq69g,Sat May 02 09:24:07 +0000 2026,1749623759382978561,ʙᴜɴɴʏ🍀,bunny_tws,576,39,12,0,https://x.com/bunny_tws/status/2050506611442254009,ko,False,2026-05-04 04:06:41,한국,
2050573489204240751,메이투,메이투 브이아이피의 권력 보여 주께 ☺️☺️,Sat May 02 13:49:52 +0000 2026,1588877659794464769,으난이 ㅠ,eo3_qy,134,2,0,0,https://x.com/eo3_qy/status/2050573489204240751,ko,False,2026-05-04 04:06:41,한국,
2050119214393127229,메이투,"근로자의 날이라서 또 뿌탈을 못함....
뿌리에게 잠식당할거같다
메이투 날 살려조",Fri May 01 07:44:44 +0000 2026,1874293362976804864,みよ,myokiii_,48,2,0,0,https://x.com/myokiii_/status/2050119214393127229,ko,False,2026-05-04 04:06:41,한국,
2050186422481817811,메이투,메이투 잡티제거로 지운듯,Fri May 01 12:11:48 +0000 2026,1830495239557234688,류웅이,aaa1415118,251,0,0,0,https://x.com/aaa1415118/status/2050186422481817811,ko,False,2026-05-04 04:06:41,한국,
2050071592030625887,메이투,이거 아마 그때 한참 ai돌린거 말씀하시는거 같은데그거 메이투 한참 유행할때요 그거 말고는 목도리 딱히 없거든용 https://t.co/FWoGmDyJix,Fri May 01 04:35:30 +0000 2026,3270060678,염이어휴,I80808_W,1728,0,0,0,https://x.com/I80808_W/status/2050071592030625887,ko,False,2026-05-04 04:06:41,한국,
2050967116468396468,메이투,"@wekznm 오오
(메이투 들어가서 머리작게 100)",Sun May 03 15:54:00 +0000 2026,2038093855304962048,Kare,Kare8g,45,0,0,1,https://x.com/Kare8g/status/2050967116468396468,ko,False,2026-05-04 04:06:41,한국,
2050781135349899644,메이투,@ttoya084122 무줙건 메이투,Sun May 03 03:34:58 +0000 2026,1855588509652021248,목이,m3_x0a,137,0,0,1,https://x.com/m3_x0a/status/2050781135349899644,ko,False,2026-05-04 04:06:41,한국,
2050489023530172857,메이투,"호호
유행 지난 벚꽃 ㅠ
최근에 메이투 vip 구매를 해서 해보앗서요. https://t.co/0QVLIBMVES",Sat May 02 08:14:14 +0000 2026,1598704459244150784,토노사맨 (5부코 양일),lololo___l,96,1,0,0,https://x.com/lololo___l/status/2050489023530172857,ko,False,2026-05-04 04:06:41,한국,https://pbs.twimg.com/media/HHTM5pjaUAEtWO1.jpg
2044017771898659319,meitu,"meitu 메이투 메이튜 vip 분철 공유 쉐어
아이폰 3명팟 2자리 참여하실 분 구해요!
1년 인당 12700
https://t.co/1TXeNkJ99v",Tue Apr 14 11:39:47 +0000 2026,1801232959812653056,໊,tkdwja12255351,704,0,0,1,https://x.com/tkdwja12255351/status/2044017771898659319,ko,False,2026-05-04 04:06:26,한국,
2049615713518624948,메이투,성모랑 사진찍었을 때 이래서 눈물흘리면서 메이투 대가리줄이기 +30 함 https://t.co/mdHH2aSkC1,Wed Apr 29 22:24:00 +0000 2026,1696739491745353728,ill,mOrang_ill,248,3,0,0,https://x.com/mOrang_ill/status/2049615713518624948,ko,False,2026-05-04 00:05:46,한국,https://pbs.twimg.com/media/HHBx2s3bIAAgPlZ.jpg
2049704432628338816,메이투,최우식 ㅅㅌㅊ인 이유 : 현실에는 저런 오밀조밀이 없고 다들 메이투 문지르기마냥 확대되어있는 분모자같음,Thu Apr 30 04:16:33 +0000 2026,1373393379145392133,치치(상태:모태돼지),realIoveisme,188,1,0,1,https://x.com/realIoveisme/status/2049704432628338816,ko,False,2026-05-04 00:05:46,한국,
2049547499644617037,메이투,메이투 희승이광고 나올때까지 들어갈거임,Wed Apr 29 17:52:57 +0000 2026,1995263635640463360,FoO,heedeunii,307,1,0,0,https://x.com/heedeunii/status/2049547499644617037,ko,False,2026-05-04 00:05:46,한국,
2049731752915267885,메이투,오늘 좀 서두르느라 ㅃㅣ아 섀팔 애플 블러쉬 오른쪽 위랑 왼쪽 아래 섞어서 급하게 애교살 그리고 나갔는데 거울 보니까 애교살 영롱하니 예뻐서 집 와서 사진 찍어봤는디 폰카로는 잘 안 담기네ㅠㅠ(메이투 후면 플래시/갤23기카 후면 플래시) https://t.co/sh2Y7sPDTm,Thu Apr 30 06:05:06 +0000 2026,1984561555451826176,졔옹,zyeahohn,345,2,0,0,https://x.com/zyeahohn/status/2049731752915267885,ko,False,2026-05-04 00:05:46,한국,https://pbs.twimg.com/media/HHIcKszbUAANGIu.jpg
2037513825323503885,뷰티캠,"#광고 🤘🏾올봄에 핀터감성사진 건지는 tip ✨

한강 황금시간대(=해질녘)나 주말에 가면 사람 미어터져서 이뽀니 사진 건지기 힘든거 아시죠 공기까지 아름다운계절에 인생샷 잔뜩 건지는법 = 마음껏 착착착착 찍고 행인 및 밤티배경을 전부 지운다!!! 뷰티캠 ai지우개 기능 버튼 한번 클릭하면 싹지워줌!!!✨

힘들게 사람 없는 스팟.. 각도 찾느라 고생하지말구 마음껏 원하는 배경으로 찍은 다음에 손쉽게 편집하세요 사진 예쁘게 찍는법 종종 물어보시는데 예쁜 사진에서 가장 중요한건 앵글안에 필요한것만 딱 정돈되어 있는겁니다 못생긴게 없어야함!!! 명심하시고 싹 지우시길 ♡

#행인제거 #뷰티캠 #벚꽃사진 @beautycam_kr",Fri Mar 27 12:55:25 +0000 2026,1488207747145293825,영심,wwwmylifecom,31444,139,18,0,https://x.com/wwwmylifecom/status/2037513825323503885,ko,False,2026-04-30 02:59:51,한국,https://pbs.twimg.com/media/HEa0BWPbwAAT9si.jpg
2038217846921232562,뷰티캠,"뷰티캠 괜찮네 (근데 간혹 이상한게 나오긴함)
#VRChat #Shinra3D #beautycam https://t.co/HZv0LQ9xtU",Sun Mar 29 11:32:57 +0000 2026,1500417938825756675,이상한나라의 앤리스,annlice418,192,10,0,1,https://x.com/annlice418/status/2038217846921232562,ko,False,2026-04-30 02:59:51,한국,https://pbs.twimg.com/media/HEk0VJQaUAAzQKf.jpg
2038445689311756688,뷰티캠,"#광고

봄바람 살랑이는 날씨,
뷰티캠 하나로 감성 충전 완료 🌸

뷰티캠에 구비된 DSLR 필터와 
필름 카메라 필터로 일상 사진을 찍어보았는데

어떤 구조로 어떤 장소에서 찍든 보정 없이도 
무드 있게 나와서 사진 찍는 게 즐거운 요즘이랍니다🎵

특히 DSLR 필터는 색감이 깊이 있어서 풍경 사진에 딱이고,
필카 필터는 일상의 빈티지한 감성을 살려주니 
취향에 맞게 사용하기 너무 좋아요 📷✨

#뷰티캠 #DSLR #필카
⠀",Mon Mar 30 02:38:19 +0000 2026,1289544819933503488,petite,luzrosadafairy,2719,30,10,1,https://x.com/luzrosadafairy/status/2038445689311756688,ko,False,2026-04-30 02:59:51,한국,https://pbs.twimg.com/media/HEoDgG4aQAAGXJP.jpg
2037811190081216720,뷰티캠,"[ 포토샵 &gt; 편집 &gt; AI 지우개 &gt; 자동 &gt; 행인 ]

눌러만 주면 끝! 알아서 깔끔하게 지워줘요 
이번 벚꽃 시즌에 다들 인생샷 건지시길 🫶🏻

#뷰티캠 #행인제거 #벚꽃사진",Sat Mar 28 08:37:03 +0000 2026,1744195919334277120,dorim,imdorimidori,4304,7,0,0,https://x.com/imdorimidori/status/2037811190081216720,ko,False,2026-04-30 02:59:51,한국,
2038166440893936127,뷰티캠,"#광고 평범한 사진도 영화속 한 장면처럼 만들어주는 
필카 감성 듬뿍 담은 필터 추천 ꕁ

📌 뷰티캠 &gt; DSLR &gt; X100V

#뷰티캠 #DSLR #필카 https://t.co/ahWRMC36WH",Sun Mar 29 08:08:41 +0000 2026,1545418326716719104,벼ㄹ!,duelree,6149,75,5,1,https://x.com/duelree/status/2038166440893936127,ko,False,2026-04-30 02:59:51,한국,https://pbs.twimg.com/media/HEkFkkGaUAA6vFM.jpg
2037834214557843837,뷰티캠,"#광고 지나가는 행인분이 신경 쓰이는 밤티 사진…
뷰티캠 ai 지우개로 지우면 끗!!입니다
너무 편함 🧘🏻‍♀️🧘🏻‍♀️

#뷰티캠 #행인제거 #벚꽃사진 https://t.co/Tfium9olda",Sat Mar 28 10:08:32 +0000 2026,1454428732395909121,ob,susehouse,8365,14,2,0,https://x.com/susehouse/status/2037834214557843837,ko,False,2026-04-30 02:59:51,한국,https://pbs.twimg.com/media/HEfXam4akAA5-sl.jpg
2038518381989802425,뷰티캠,"#광고 

뷰티캠 어플로 필카,디카 느낌 낼 수 있음.. 플래시 키고 찍으면 느낌 나고 예쁘게 나옴 ..다들 써보시라요

디카 없어서 써보고 싶엇는데 폰으로 디카 느낌 낼 수 있어서 넘 좋아요 

취향대로 색감 조정 하면서 찍는걸 추천!! 저는 zv-1 ,GRd 사용 했습니다 ! 

#뷰티캠 #DSLR #필카 https://t.co/rR28HyYIDm",Mon Mar 30 07:27:10 +0000 2026,1227916196474802176,໊,sootranger,5721,17,3,0,https://x.com/sootranger/status/2038518381989802425,ko,False,2026-04-30 02:59:51,한국,https://pbs.twimg.com/media/HEpFp8LaoAA57mU.jpg
2038227142212030891,뷰티캠,"디저트에도 봄이 찾아왔어요 (ᐡ ⸝⸝- ̫ -ᐡ)ﾉ
카페 분위기 제대로 담고 왔어요 💛..🫰🏻

DSLR - G7X3R 캠으로 찍었는데 갤러리에 사진 확인했다가 너무너무너무 예뻐서 진심으로 깜짝 놀랐어요 👩🏻‍❤️‍💋‍👩🏻🫧

타래로 제가 어떻게 적용했는지 보여드릴게요 !!

#광고 #뷰티캠 #DSLR #필카 https://t.co/iYn00k5Kf5",Sun Mar 29 12:09:53 +0000 2026,1479517696199106562,mᴜ,iswarmday,12365,48,7,1,https://x.com/iswarmday/status/2038227142212030891,ko,False,2026-04-30 02:59:51,한국,https://pbs.twimg.com/media/HEk8xaHaQAAcRaC.jpg
2049122898804461862,메이투,"후드집업 컨셉으로 찍은 포토이즘 후드 색 차이나는거 지피티 돌리면 자연스럽게 해주니깐 돌려보세요.ᐟ.ᐟ
인스타에서 메이투 후레시 기능 넣는 거 보고 추가했는데 잘나옴 https://t.co/UOD2qRrEHp",Tue Apr 28 13:45:44 +0000 2026,1623683285305131009,거눅거눅,gunwook_0202,416,1,0,0,https://x.com/gunwook_0202/status/2049122898804461862,ko,False,2026-04-30 02:59:34,한국,https://pbs.twimg.com/media/HG_yaf6awAEm1pa.jpg
2049330186416775544,메이투,"철 지난 메이투 한복.

뭐야 누구세요? https://t.co/j24EwLkXYv",Wed Apr 29 03:29:25 +0000 2026,1268837501474488321,GREY,grey_05_,627,37,2,11,https://x.com/grey_05_/status/2049330186416775544,ko,False,2026-04-30 02:59:34,한국,https://pbs.twimg.com/media/HHCu8ccbYAALdTU.jpg
2048443584979099828,메이투,얘들아 걱정마 난 메이투 vip야,Sun Apr 26 16:46:23 +0000 2026,2013910787266686976,와쿠와쿠,QED_dx,567,1,0,0,https://x.com/QED_dx/status/2048443584979099828,ko,False,2026-04-30 02:59:34,한국,
2047949612246507908,메이투,메이투 효과 엄청 올린 얼굴 뭐임 https://t.co/BxEPwbgQEs,Sat Apr 25 08:03:31 +0000 2026,1598208430145036288,pado.. (영훈사랑해요),wave2hoon,2404,74,8,0,https://x.com/wave2hoon/status/2047949612246507908,ko,False,2026-04-30 02:59:34,한국,https://pbs.twimg.com/media/HGvHUPPbYAAa38t.jpg
2049393608999190699,메이투,@eseichip 헉 메이투 스티커 예쁜거잇나요?!?! 보고오껭여 💕💕🫰🏻,Wed Apr 29 07:41:26 +0000 2026,2011283640790237184,"또이또이 (상태:공주,お姫様)",on1yone_r1t,65,1,0,0,https://x.com/on1yone_r1t/status/2049393608999190699,ko,False,2026-04-30 02:59:34,한국,
2048467324156653721,메이투,하~~~~~ 니 메이투 처음쓰냐???,Sun Apr 26 18:20:43 +0000 2026,1988094992729214976,깃쫄깃쫄,gahuahua_,35845,237,23,0,https://x.com/gahuahua_/status/2048467324156653721,ko,False,2026-04-30 02:59:34,한국,
2049158925707293141,메이투,@olial0330 당황하면  메이투 보정+100 한  눈크기로 꿈뻑거리는 남자아이 &lt;  표백제로 감춰진 암비둘기의  펨돔본능을 일깨우기에 제격,Tue Apr 28 16:08:54 +0000 2026,2019463580245192706,토추,tokimoya,532,1,1,1,https://x.com/tokimoya/status/2049158925707293141,ko,False,2026-04-30 02:59:34,한국,
2049365725870215294,메이투,"메이투로 새해 일출 미리보기 ☼･゜ﾟ･:.

-기능 : 메이투-헤어-앞머리-윤기 머릿결 https://t.co/qK1p5eF43g",Wed Apr 29 05:50:39 +0000 2026,2036792598438834176,어진희,MeganMille76081,36,0,0,0,https://x.com/MeganMille76081/status/2049365725870215294,ko,False,2026-04-30 02:59:34,한국,https://pbs.twimg.com/media/HHDPOm3bcAAFf0a.jpg
2048728309970956474,메이투,증권앱 셋로그 인스타에서본카메라어플들 청약홈 내집다오 다이소 메이투 엠넷플러스(쌰갈),Mon Apr 27 11:37:47 +0000 2026,1655943040379547648,룽bbi。。。(՞ •̀֊•́՞)ฅ.ᐟ.ᐟ,lgriehd,241,0,0,0,https://x.com/lgriehd/status/2048728309970956474,ko,False,2026-04-30 02:59:34,한국,
2048255340127604761,메이투,"@djfieiw 여기서 살만 추가하면되,
나 무려 메이투 프리미엄 플러스 이용자(ㅅㅂ)",Sun Apr 26 04:18:22 +0000 2026,1959815156227350528,아기햄지 콩떡이(상태:=^._.^=),hamzibean,52,0,0,0,https://x.com/hamzibean/status/2048255340127604761,ko,False,2026-04-30 02:59:34,한국,
2049424675667878011,메이투,"눈에 메이투 필터 씌워서 보세요
보정까지 내 얼굴이니까 그런 줄 알거라",Wed Apr 29 09:44:53 +0000 2026,1244678067177439232,🐰블랑🐰,blang_o0o,196,5,0,0,https://x.com/blang_o0o/status/2049424675667878011,ko,False,2026-04-30 02:59:34,한국,
2049431311245529126,메이투,"누가 한남래퍼한테
메이투,에픽피부보정을알려준건데 https://t.co/SLj5YbhpoJ",Wed Apr 29 10:11:15 +0000 2026,2035978354013376512,찐찌버거,c1psf,3859,394,44,0,https://x.com/c1psf/status/2049431311245529126,ko,False,2026-04-30 02:59:34,한국,https://pbs.twimg.com/media/HHEK6esaIAEj5Ho.jpg
2049392847183614284,메이투,황변이시발ㅋㅋ액정에 오줌싼줄알았음; 판매 사진은 메이투 쿨톤여신💕필터 낀 것처럼 하얘서 다른 상품 보낸줄알았네 하...,Wed Apr 29 07:38:25 +0000 2026,1671006005113798656,코미,kokomiimnida,46,0,0,0,https://x.com/kokomiimnida/status/2049392847183614284,ko,False,2026-04-30 02:59:34,한국,
2048070730081005605,메이투,@goyo_____ 고요님 독서 메이투 포도 따로 잇잔아요.,Sat Apr 25 16:04:48 +0000 2026,1894070419495555073,햇☼,ssun___2,93,0,0,0,https://x.com/ssun___2/status/2048070730081005605,ko,False,2026-04-30 02:59:34,한국,
2048740423506841919,메이투,메이투 보정은 정말 사기야 https://t.co/i0Zn6LToEt,Mon Apr 27 12:25:55 +0000 2026,1984953812239667200,과잉/5수코 일,ieun120336,106,5,0,0,https://x.com/ieun120336/status/2048740423506841919,ko,False,2026-04-30 02:59:34,한국,
2048056051820646719,메이투,"오늘의 과제 메이투 포도 🍇

#햇솜 
#뇨로롱_뇨롱포도 https://t.co/UTL4fEJnOI",Sat Apr 25 15:06:28 +0000 2026,1894070419495555073,햇☼,ssun___2,1088,63,2,4,https://x.com/ssun___2/status/2048056051820646719,ko,False,2026-04-30 02:59:34,한국,https://pbs.twimg.com/media/HGwoH1-aQAAPhDA.jpg
2049146460667801870,메이투,사실 이것도 보정 안햇어 메이투 최고,Tue Apr 28 15:19:22 +0000 2026,1485245347886632963,유토,yutoto_you,163,1,0,0,https://x.com/yutoto_you/status/2049146460667801870,ko,False,2026-04-30 02:59:34,한국,
2048609369500397737,메이투,@Soooongza 메이투 처음쓰나 ㅈㄴ웃 여친한테 망신살 옮은듯,Mon Apr 27 03:45:09 +0000 2026,1984720443417509890,개살구,j_jooo2149490,45,0,0,0,https://x.com/j_jooo2149490/status/2048609369500397737,ko,False,2026-04-30 02:59:34,한국,
2049406970659246178,메이투,"""발칙한 후궁"" vs ""참한 후궁"" ㅋㅋㅋㅋㅋ

이제,,, 상하이 안가도 방구석에서
체험 가능 🤍

근데 메이투 진짜 유행 빠루다,,,👍🏻 https://t.co/lxucVrB3tR",Wed Apr 29 08:34:32 +0000 2026,2041345043764563968,구사자 (김정아) 🇰🇷,94_j_a690,33,0,0,0,https://x.com/94_j_a690/status/2049406970659246178,ko,False,2026-04-30 02:59:34,한국,https://pbs.twimg.com/media/HHD0vssbMAEbG3X.jpg
2049035695185170855,메이투,"감사해요 🥺🫰 
기본 아이폰 색보정 + 메이투 + Remini로 하고 있습니다!! ♡ https://t.co/FAOzr5AdwE",Tue Apr 28 07:59:13 +0000 2026,2021585826279530497,puppy..,Iuvwink,461,0,0,0,https://x.com/Iuvwink/status/2049035695185170855,ko,False,2026-04-30 02:59:34,한국,
2049209648969097318,메이투,"메이투로 새해 일출 미리보기 ☼･゜ﾟ･:.

-기능 : 메이투-헤어-앞머리-윤기 머릿결 https://t.co/B3DULcizbH",Tue Apr 28 19:30:27 +0000 2026,2026691711469236231,어진희,ClaireAdam36221,42,0,0,0,https://x.com/ClaireAdam36221/status/2049209648969097318,ko,False,2026-04-30 02:59:34,한국,https://pbs.twimg.com/media/HHBBRjXb0AAPZTP.jpg
2048382669743145400,메이투,나 메이투 헛으로 쓰고있었네,Sun Apr 26 12:44:20 +0000 2026,1671853430770630658,낮연(밀린 보정 끝나면 돌아옴 접률⬇️),_mint_g_s,67,1,0,0,https://x.com/_mint_g_s/status/2048382669743145400,ko,False,2026-04-30 02:59:34,한국,
2048346233971114464,메이투,"⚠️코스어들 보정 꿀팁 알려드립니다! #RT

가끔 가발때문에 한쪽눈이 가려서 보정하기 어려울때가있는데 저는 그럴때 '메이투' 보정앱
지우개-&gt;복구 탭에 가서 눈을 가져옵니다(?)

설명보다는 동영상 보시는게 더 이해가 가실거에요!요거는 무료입니다!! 우리 예쁘게 보정해봐요😊 https://t.co/vWHoPkCpoA",Sun Apr 26 10:19:33 +0000 2026,1760685467132203008,𝑁𝑂𝑅𝐼,Noriia_,142467,2146,191,2,https://x.com/Noriia_/status/2048346233971114464,ko,False,2026-04-30 02:59:34,한국,
2048619890563764230,메이투,"- 필라이즈 (다이어트할때 도움돼서 추천받음)
- 렌블링 (요새 순정만화느낌 축고정렌즈 유행인데 여기 많이 팔아서
- 메이투 (셀카찍고 보정하는앱인데 외모정병있는분들 다쓰는듯)
- 데일리샷 (럼주 픽업하려고 깔았는데 거의잘안씀)
- 캐치테이블 (요새 맛집가려면 필수)
- 테이블링 (이것도)",Mon Apr 27 04:26:58 +0000 2026,1313699379014897664,재찐,OOO31965812,4533,7,1,0,https://x.com/OOO31965812/status/2048619890563764230,ko,False,2026-04-30 02:59:34,한국,
2048383476840452390,메이투,메이투 보정이 ㅈㅉ 웃기네,Sun Apr 26 12:47:32 +0000 2026,1986326480725680130,손잡이,reigning_day,40,0,0,0,https://x.com/reigning_day/status/2048383476840452390,ko,False,2026-04-30 02:59:34,한국,
2048925087445967283,메이투,@Haewooggg1 메이투 영혼의 단짝임,Tue Apr 28 00:39:42 +0000 2026,2030621287291461632,나나,kittyncloud,25,0,0,1,https://x.com/kittyncloud/status/2048925087445967283,ko,False,2026-04-30 02:59:34,한국,
2048783010150142167,메이투,"@ 가을 부여잡기..메이투로 단풍놀이 다녀왔어요🍁

📍메이투 앱 → AI효과 → AI 아트 → 가을 낙엽 https://t.co/aiA7jCBt14",Mon Apr 27 15:15:08 +0000 2026,2030153040045690884,어진희,di_ndin161,78,0,0,0,https://x.com/di_ndin161/status/2048783010150142167,ko,False,2026-04-30 02:59:34,한국,https://pbs.twimg.com/media/HG69QPAawAAz3j6.jpg
2048348410005401958,메이투,@Noriia_ 노리님 메이투 광고 받은줄,Sun Apr 26 10:28:12 +0000 2026,1677336057627439105,도랭🦔,doraeng305,3933,0,0,1,https://x.com/doraeng305/status/2048348410005401958,ko,False,2026-04-30 02:59:34,한국,
2048367577743921163,메이투,스노우 메이투 에픽 허무의 존재,Sun Apr 26 11:44:22 +0000 2026,1298258578067750913,에바,lululalaheee,239,0,0,0,https://x.com/lululalaheee/status/2048367577743921163,ko,False,2026-04-30 02:59:34,한국,
2049455137899602425,메이투,스샷 보정 메이투 필터급으로 하던 시절 발견 https://t.co/o1eHVErC5s,Wed Apr 29 11:45:56 +0000 2026,1906746290488352773,고흐시안,goghtian,58,0,0,0,https://x.com/goghtian/status/2049455137899602425,ko,False,2026-04-30 02:59:34,한국,https://pbs.twimg.com/media/HHEgfFxagAE7GFE.jpg
2049060803375153645,메이투,메이투 보정 100씩 먹인것 같은 얼굴. 이게 재능이지 https://t.co/HQ7zq0eVuc,Tue Apr 28 09:38:59 +0000 2026,2005014500848926720,별이♡,fandungyi,76,2,0,0,https://x.com/fandungyi/status/2049060803375153645,ko,False,2026-04-30 02:59:34,한국,https://pbs.twimg.com/media/HG-58I6bMAAhCjE.jpg
2049510554474303898,메이투,@CNOSIA0 오늘의 MVP: 메이투 AI,Wed Apr 29 15:26:08 +0000 2026,1268837501474488321,GREY,grey_05_,27,1,0,0,https://x.com/grey_05_/status/2049510554474303898,ko,False,2026-04-30 02:59:34,한국,
2048740542281142580,메이투,@june_kyuuu ㄲㅋㄱㅋㅋㅋㅋㅋㄱㅋㅋㅋㄱ 메이투 잘 가려지나여??? 아직은 스노우가 편해서 스노우만 쓰고 있긴한대,Mon Apr 27 12:26:23 +0000 2026,2002727993098276864,송양,bappiggy33,27,0,0,1,https://x.com/bappiggy33/status/2048740542281142580,ko,False,2026-04-30 02:59:34,한국,
2049397986472734943,메이투,"중국 어플에서 희승이 Simcare 溪木源 광고 나오는 중이래 😭 전부 다 다른 어플들임 …

(메이투, 도우반, 하이픽, 넷이즈 뮤직, Cece, K-drama tv, 치수이 뮤직, zyh365, yixiaoyuan, 12306 — 중국 철도 예매 앱)

#EVANxSIMCARE
#에반 #EVAN #희승 #HEESEUNG https://t.co/9yOtI9m7pp",Wed Apr 29 07:58:50 +0000 2026,1520635647924785152,m!ya,xeeszme,10588,553,248,1,https://x.com/xeeszme/status/2049397986472734943,ko,False,2026-04-30 02:59:34,한국,https://pbs.twimg.com/media/HHDsmqxaIAAan5G.jpg
2048061104291738059,메이투,@LKkiwi1 뺑이쳤어 에이아이 고문하고 메이투 고문하고,Sat Apr 25 15:26:33 +0000 2026,1806641671846989824,마러,wuhbswe,419,3,0,1,https://x.com/wuhbswe/status/2048061104291738059,ko,False,2026-04-30 02:59:34,한국,
2048324180614242436,메이투,"메이투 vip 분철팟 공유 들어가고싶어요ㅠㅠㅠㅠ! 아이폰 입니다!!!
Meitu 메이투 메이튜 분철 계정공유 쉐어 팟 구독 vip",Sun Apr 26 08:51:55 +0000 2026,1172732237902532608,fffroi,evolxatsnom,196,0,0,1,https://x.com/evolxatsnom/status/2048324180614242436,ko,False,2026-04-30 02:59:34,한국,
2048419174264000950,메이투,카메라에 메이투 세팅한거 아니면 말않됨,Sun Apr 26 15:09:23 +0000 2026,1530552655776743425,B스타,garmacollector,213,5,0,0,https://x.com/garmacollector/status/2048419174264000950,ko,False,2026-04-30 02:59:34,한국,
2048755614944473209,메이투,@hYeoni_09x 지피티 메이투 야르렁,Mon Apr 27 13:26:17 +0000 2026,2010215893599666176,설운,Seol_Woon10929,52,1,0,1,https://x.com/Seol_Woon10929/status/2048755614944473209,ko,False,2026-04-30 02:59:34,한국,
2048847338261914013,메이투,"작년 삿포로 사진 빈티지맛으로 다시 살려줌🤍🌨️
언능 다시 보내쥬세요 hehe
눈 오는 날 감성에 찰떡이라서 첫사랑 조작 가능ㅋㅎ

메이투 - ai효과 - 효과 - CCD https://t.co/HgB71eUfft",Mon Apr 27 19:30:45 +0000 2026,2039033129537609728,이 하린,bemy_rin982,49,0,0,0,https://x.com/bemy_rin982/status/2048847338261914013,ko,False,2026-04-30 02:59:34,한국,https://pbs.twimg.com/media/HG73wb6aoAABdd6.jpg
2049103877618962562,메이투,"확실히 점점 예뻐지긴하네
메이투 쓴것처럼",Tue Apr 28 12:30:09 +0000 2026,1025765041809674240,귀가 긴 토끼,ekqnfk,125,0,0,0,https://x.com/ekqnfk/status/2049103877618962562,ko,False,2026-04-30 02:59:34,한국,
2048804881289674874,메이투,야다모에카 메이투 소다앱 압수,Mon Apr 27 16:42:03 +0000 2026,1981376710018027521,하하하하하,haha93892,19,0,0,0,https://x.com/haha93892/status/2048804881289674874,ko,False,2026-04-30 02:59:34,한국,
2048348543342235714,메이투,"@doraeng305 그러고싶다 메이투 너무 비싸요
가끔 이런거 알려주면 조아하시는분들잇음",Sun Apr 26 10:28:43 +0000 2026,1760685467132203008,𝑁𝑂𝑅𝐼,Noriia_,3658,0,0,0,https://x.com/Noriia_/status/2048348543342235714,ko,False,2026-04-30 02:59:34,한국,
2048416846924349726,메이투,"메이투 분철 들어가고싶습니다!
모집하시는 분 있으면 멘션/디엠 주세요 🥺",Sun Apr 26 15:00:08 +0000 2026,1888989311183527936,레몬벌,annerladw666,75,0,0,0,https://x.com/annerladw666/status/2048416846924349726,ko,False,2026-04-30 02:59:34,한국,
2048750194628641245,메이투,"맥이는 건지 뭔진 몰르겟지만
메이투 프리미엄 플러스 쓰고 잇슴당 ㅎ ;; https://t.co/zPDGKA8zmh",Mon Apr 27 13:04:44 +0000 2026,1959815156227350528,아기햄지 콩떡이(상태:=^._.^=),hamzibean,595,24,0,1,https://x.com/hamzibean/status/2048750194628641245,ko,False,2026-04-30 02:59:34,한국,https://pbs.twimg.com/media/HG6fcO3bwAEkh-n.jpg
2047927611113009277,메이투,메이투 배경 지우기? 써봤는데 먼가가... 먼가...,Sat Apr 25 06:36:05 +0000 2026,1914544163095502850,♡ᩚ,2iwymf,86,0,0,0,https://x.com/2iwymf/status/2047927611113009277,ko,False,2026-04-30 02:59:34,한국,
2049387623857430823,메이투,메이투 정기결제 때림,Wed Apr 29 07:17:39 +0000 2026,1839657528457900032,nxmiii,namiiii_1010,178,12,0,0,https://x.com/namiiii_1010/status/2049387623857430823,ko,False,2026-04-30 02:59:34,한국,
2049030125002633256,메이투,아니 이게 기사사진이라고? 구라치지마 진짜 메이투 두번 돌린 비주얼이라고 지금 https://t.co/QxuhAAmA20,Tue Apr 28 07:37:05 +0000 2026,725710587108319232,도기,ejrgn_10,58,2,0,0,https://x.com/ejrgn_10/status/2049030125002633256,ko,False,2026-04-30 02:59:34,한국,https://pbs.twimg.com/media/HG-eByvaEAAyz6O.jpg
1933136656728784901,meitu,"휴대폰에 Meitu 있단거잖아.
나진짜이게제일공포네",Thu Jun 12 12:17:49 +0000 2025,1787440144242577408,교녀녀,mmmmgreatm,456,0,0,1,https://x.com/mmmmgreatm/status/1933136656728784901,ko,False,2026-04-30 02:59:19,한국,
1955881668344209562,meitu,Meitu premium 알아? ㅋㅋㅋ,Thu Aug 14 06:38:22 +0000 2025,280027847,𖾕𖾝𛲕𖾟,mwyrfn,28,0,0,0,https://x.com/mwyrfn/status/1955881668344209562,ko,False,2026-04-30 02:59:19,한국,
1927312459716530264,meitu,"@kotarou1014 Meitu, EPIK 두 가지를 유료버전으로 사용합니다☺️💕",Tue May 27 10:34:32 +0000 2025,795302775382904832,🩵LURI🩵,Princess_Luri,166,0,0,1,https://x.com/Princess_Luri/status/1927312459716530264,ko,False,2026-04-30 02:59:19,한국,
1949815436713107499,meitu,"@beehappyfor400 Eraser 앱 사용해서 운학이 사진 누끼 따고 픽스아트로 합성하고 밝기랑 노이즈 좀 만져줬어용 
안경은 meitu 스티커 사용했습니다😎",Mon Jul 28 12:53:20 +0000 2025,1884997554934571008,빤짝,onexoor4,536,0,0,1,https://x.com/onexoor4/status/1949815436713107499,ko,False,2026-04-30 02:59:19,한국,
1924261590603579777,meitu,@didduddl meitu 어플이예용,Mon May 19 00:31:28 +0000 2025,1747900895969660928,디프,dif_F4,231,0,0,1,https://x.com/dif_F4/status/1924261590603579777,ko,False,2026-04-30 02:59:19,한국,
1952367378341466359,meitu,@Socius_425 나는 Meitu 요거 어플로 보정해!!,Mon Aug 04 13:53:50 +0000 2025,1199856727253905408,이나리,494______,41,1,0,1,https://x.com/494______/status/1952367378341466359,ko,False,2026-04-30 02:59:19,한국,
1931398832807624935,meitu,"@sinjukiii ㅆㅂ
Thanks to meitu ㅠㅠ",Sat Jun 07 17:12:20 +0000 2025,1914728779861385216,옫요이키우기,kky0oo,40,0,0,0,https://x.com/kky0oo/status/1931398832807624935,ko,False,2026-04-30 02:59:19,한국,
1978500833416192184,meitu,@nomilkjustblack 내 쉐딩=meitu …😓,Wed Oct 15 16:38:52 +0000 2025,1915669267120586752,누끄,nuuqqq,36,1,0,1,https://x.com/nuuqqq/status/1978500833416192184,ko,False,2026-04-30 02:59:19,한국,
1953214853793149183,meitu,"@seojin_0608 보정 어플이요. 2가지 추천 드릴께요.
1. 스노우 ㅡ 좀 간소하고 초보자가 쓰기 좋아요.
2. Meitu ㅡ 어느정도 보정에 숙련되면 좋아요. 기능이 많거든요.
단 2개 어플다 공짜로 쓸수는 있지만 제한이 많아요😅 결제하면 좋죠😁",Wed Aug 06 22:01:24 +0000 2025,1792532665813647361,고양이🐱,Kim_sea021,195,1,0,1,https://x.com/Kim_sea021/status/1953214853793149183,ko,False,2026-04-30 02:59:19,한국,
1929102693483585972,meitu,"소녀가 되..보정법 ˖˚˳⌖

Meitu 사진 &gt; 토닝 &gt; 음영 
으로 들어가서 {강조하다},{소프트필름}
두가지를 사진 마다 골라서 사용하는 편이에요!

사진속 몽글몽글한 햇빛이나 조명의 느낌을 살리고 싶을때는 이렇게 보정해보셔도 좋을것 같아요..♡︎♥︎ https://t.co/ntK5l0Eufn",Sun Jun 01 09:08:17 +0000 2025,1867186276757352448,하무,hamistar0205,4136,16,0,1,https://x.com/hamistar0205/status/1929102693483585972,ko,False,2026-04-30 02:59:19,한국,https://pbs.twimg.com/media/GsWMrJKaQAAmDb-.jpg
1928789832274424315,meitu,@TA_KING_ Meitu 많군요! 저도 써볼까 합니다🤔,Sat May 31 12:25:05 +0000 2025,1400633114984992773,如月あろ,kotarou1014,12,0,0,0,https://x.com/kotarou1014/status/1928789832274424315,ko,False,2026-04-30 02:59:19,한국,
1948313443418739169,meitu,@professor_718 Meitu 괜찮아요!,Thu Jul 24 09:24:57 +0000 2025,1514892226672746496,전투고양이,wkf135,42,0,0,0,https://x.com/wkf135/status/1948313443418739169,ko,False,2026-04-30 02:59:19,한국,
1973577436106465419,meitu,"ㅤ
ㅤ
ㅤㅤㅤ  Pakai Meitu ya?

ㅤㅤㅤ",Thu Oct 02 02:35:02 +0000 2025,1955168837235859456,Gendhis.,dalihrayuan,244,0,0,1,https://x.com/dalihrayuan/status/1973577436106465419,ko,False,2026-04-30 02:59:19,한국,
1931171592429552019,meitu,@Visionary_Inno Meitu 라는거 써봣는데 완전좋네 😂,Sat Jun 07 02:09:21 +0000 2025,1237221488526319616,Loveleebaddie,RachelL11179070,221,1,0,1,https://x.com/RachelL11179070/status/1931171592429552019,ko,False,2026-04-30 02:59:19,한국,
1944969282225627586,meitu,@muuuuwwaa 중국회사라도 괜찮으시면 meitu…?,Tue Jul 15 03:56:27 +0000 2025,1897324867739074560,CERISE,hey_ceri_z,41,0,0,0,https://x.com/hey_ceri_z/status/1944969282225627586,ko,False,2026-04-30 02:59:19,한국,
1926621694531080534,meitu,meitu 앱에서 심리스 콜라주 사용했어요 !! https://t.co/HNoRumCNMR,Sun May 25 12:49:41 +0000 2025,1427640688578109448,태단,shinmnr,350,0,0,1,https://x.com/shinmnr/status/1926621694531080534,ko,False,2026-04-30 02:59:19,한국,
1974687540247748634,meitu,@nyamnyamdo57210 @hwajeong44935 meitu premium 임마..ㅋ,Sun Oct 05 04:06:12 +0000 2025,1957012419051675649,가루,garururung,54,0,0,1,https://x.com/garururung/status/1974687540247748634,ko,False,2026-04-30 02:59:19,한국,
1952774336710119808,meitu,"선생님들 이쁜 사진 합성해서 쓰세요. 
벱스 친구분이 협찬해주신
meitu SVIP 감사드립니다 https://t.co/3YHe4ZDYfh",Tue Aug 05 16:50:57 +0000 2025,1826432099974574080,LANIE,narimi223111,296,6,0,0,https://x.com/narimi223111/status/1952774336710119808,ko,False,2026-04-30 02:59:19,한국,https://pbs.twimg.com/media/Gxml6NNawAEBEcX.jpg
1955979853678960670,meitu,"51. 유튜브 트위터 인스타 카톡 등
솜인형 보정이랑 그림그릴땐 Meitu 이비스
겜은 리듬겜 등",Thu Aug 14 13:08:32 +0000 2025,1573976363488358401,slow 고냥,yeoni_921,166,1,0,1,https://x.com/yeoni_921/status/1955979853678960670,ko,False,2026-04-30 02:59:19,한국,
1929777391314014502,meitu,"meitu 사용했어요 ! 
사진보정에서 모자이크로 지웠어용 https://t.co/ULxkJwAQjy",Tue Jun 03 05:49:18 +0000 2025,1427640688578109448,태단,shinmnr,353,0,0,1,https://x.com/shinmnr/status/1929777391314014502,ko,False,2026-04-30 02:59:19,한국,
1943631245730259220,meitu,@kihwansincos Meitu 라는 어플 사용하면 된답니다! 어플 설치하셔서 요 경로로 들어가시면 돼요! https://t.co/82tTBVZvZX,Fri Jul 11 11:19:34 +0000 2025,1930348927817265155,묵담,ANREKA_,146,1,0,1,https://x.com/ANREKA_/status/1943631245730259220,ko,False,2026-04-30 02:59:19,한국,https://pbs.twimg.com/media/GvkqQ2bacAEXzxw.jpg
1948335899571367971,meitu,@lijyu__ 앱중에 메이투(meitu)라고 있는데 거기ai변환??에 있오!,Thu Jul 24 10:54:11 +0000 2025,1239967224774815746,벨레welle🦋5월메쿠 open,weissere_wiesel,139,0,0,1,https://x.com/weissere_wiesel/status/1948335899571367971,ko,False,2026-04-30 02:59:19,한국,
1929568932509155435,meitu,@haj1maaa 자 우리에겐 meitu 라는게있지?,Mon Jun 02 16:00:57 +0000 2025,1812320554856435713,짜파구리,cidem_m_,18,0,0,1,https://x.com/cidem_m_/status/1929568932509155435,ko,False,2026-04-30 02:59:19,한국,
1927240139253706906,meitu,@mist96_photo Meitu 로 프레임씌워본건데 오타(?)저건 생각지도못한 ㅋㅋㅋㅋㅋㅋㅋ,Tue May 27 05:47:10 +0000 2025,1510095218263326721,터미너스,_Terminus8,38,0,0,0,https://x.com/_Terminus8/status/1927240139253706906,ko,False,2026-04-30 02:59:19,한국,
1924012113963647361,meitu,"준비물 : Meitu 앱♡
0. 사진 편집에서 편집할 사진을 불러옵니다. https://t.co/0NGN8mSBNY",Sun May 18 08:00:09 +0000 2025,1650143476200398848,구름☁️SLOW,hayanhanuel,2724,3,0,1,https://x.com/hayanhanuel/status/1924012113963647361,ko,False,2026-04-30 02:59:19,한국,https://pbs.twimg.com/media/GrN20j5WcAAA5lD.jpg
2046180784294486442,meitu,"메이투 분철 껴주실분 ㅜㅜ 안드로이드 유저입니다 🥹
ㅅㅊㅇ) Meitu 메이투 분철 공유 쉐어 팟 구독 vip",Mon Apr 20 10:54:49 +0000 2026,1944350622507270144,永远,srh186312,208,0,0,0,https://x.com/srh186312/status/2046180784294486442,ko,False,2026-04-30 02:59:19,한국,
1938751946669879463,meitu,"메이투 https://t.co/d2jB3NZuQx

연초 이후 200% 상승한 AI 디자인 소프트웨어 기업

메이투는 2008년 설립된 중국 최대 사진 보정 소프트웨어 기업으로 중국 인기 사진 보정앱 Meitu와 셀카앱 BeautyCam을 보유하고 있다. 

최근에는 동영상 편집 툴 Wink, AI 디자인 툴 DesignKit를 런칭해 사업 영역을 확장 중이다

중국에서 Meitu/BeautyCam의 사진 보정/셀카 부문 시장 점유 율은 54%/22%로 압도적 1위를 차지하고 있다. 

메이투는 기존 광고 위주의 수익 모델에서 구독료 기반의 수익 모델로 전환하는데 성공해 현재 매출의 62%가 구독료에서 발생 중이다.

저는 시장 점유율 1위 기업을 사랑합니다.
시장 점유율 1위는 매출, MAU 다 안봐도 비디오임..",Sat Jun 28 00:10:59 +0000 2025,1336521079494303744,펭귄,babybluecream,1526,1,1,0,https://x.com/babybluecream/status/1938751946669879463,ko,False,2026-04-30 02:59:19,한국,https://pbs.twimg.com/media/GufUMLzaYAAD8ot.png
2037359954970148975,뷰티캠,"#광고 @beautycam_kr 

사람 잔뜩인 디즈니랜드에서 뒤에 행인들 벅벅 지우고 인생 남찍사 남겨오기... 🪽

👉🏻 홈 &gt; 포토샵 &gt; 편집 &gt; AI 지우개 &gt; 자동 &gt; 행인

#뷰티캠 #행인제거 #벚꽃사진 https://t.co/6tZxt1Ebfp",Fri Mar 27 02:44:00 +0000 2026,1624852603795550208,fav.,aavcxf,36466,649,48,0,https://x.com/aavcxf/status/2037359954970148975,ko,False,2026-04-27 04:00:36,한국,https://pbs.twimg.com/media/HEYoFDGbkAA9KVD.jpg
2035625643438903658,뷰티캠,"와.....
영통팬싸 팬 쪽은 뷰티캠 켤 방법이없어?
그냥 뒤에서 친구들한테 반사판들어달라그러고 파우더 반 통 덮어서 자체블러해야돼??",Sun Mar 22 07:52:28 +0000 2026,1776118027257552896,HARIBO_2.5,haribo_stage,230,2,0,1,https://x.com/haribo_stage/status/2035625643438903658,ko,False,2026-04-27 04:00:36,한국,
2034113420858147041,뷰티캠,뷰티캠 얼굴설정 한명밖에안돼서 친구랑 셀카찍을때마다 일케됨 씨바 ㅠ,Wed Mar 18 03:43:26 +0000 2026,2007023842183815168,메리,mellllgn,349,0,0,0,https://x.com/mellllgn/status/2034113420858147041,ko,False,2026-04-27 04:00:36,한국,
2037368671094587634,뷰티캠,"#광고

사진 찍을 때 뒤에 사람들 나오는 거 뷰티캠으루 지울 수 있어서 너무 좋아요 💕 사람 많은 곳 가거나 이제 곧 벚꽃 배경으루 사진 찍을 때 너무 유용할거같음!!🎀

#뷰티캠 #행인제거 #벚꽃사진 https://t.co/b8dcM0Ti1m",Fri Mar 27 03:18:38 +0000 2026,1719700880344383489,ruru!!(*‿*),tensi1004angel,6679,27,5,0,https://x.com/tensi1004angel/status/2037368671094587634,ko,False,2026-04-27 04:00:36,한국,https://pbs.twimg.com/media/HEYwAclbYAAs2Xn.jpg
2037449542086578358,뷰티캠,"#광고 요즘 벚꽃사진 찍으면 사람 때문에 망하잖아요…🥲 뷰티캠 AI 지우개로 행인 한 번에 싹 지움🌸
자연스럽게 지워져서 보정 티도 안 나고 완전 만족해요!

 AI지우개 → 행인 선택 → 지우기 누르면 끝! 자동으로 인식돼서 진짜 편해( ´ ▽ ` )
#뷰티캠 #행인제거 #벚꽃사진 https://t.co/5tyW7ehGff",Fri Mar 27 08:39:59 +0000 2026,795208030623133696,Chi,Chichii_8,5055,12,1,0,https://x.com/Chichii_8/status/2037449542086578358,ko,False,2026-04-27 04:00:36,한국,https://pbs.twimg.com/media/HEZ5jwla8AAZ9lt.jpg
2037490450609963296,뷰티캠,"#광고

사진에 지나가는 행인 나오는거 싫었는데 넘 좋은거 찾음..이제 수동으로 안지워도 된다니

#뷰티캠 #행인제거 #벚꽃사진 https://t.co/brcHfJilEE",Fri Mar 27 11:22:32 +0000 2026,1505516151660457987,naka,ka6zwa,4944,38,6,0,https://x.com/ka6zwa/status/2037490450609963296,ko,False,2026-04-27 04:00:36,한국,https://pbs.twimg.com/media/HEaewtDasAAx6uh.jpg
2046922526589419776,메이투,@www_RIKU_com 메이투 머리크기줄이기는 혁명이다,Wed Apr 22 12:02:14 +0000 2026,2037854588565336064,리지몬,lijimon_o,48,0,0,1,https://x.com/lijimon_o/status/2046922526589419776,ko,False,2026-04-27 04:00:05,한국,
2047662079981854990,메이투,"혹시 메이투 프리미엄 나누실분 계신가요??
지금 저포함 2명 모엿어용",Fri Apr 24 13:00:58 +0000 2026,2023263839916298240,맹고케이크5수코토|메인트,mangocakecos,187,3,0,2,https://x.com/mangocakecos/status/2047662079981854990,ko,False,2026-04-27 04:00:05,한국,
2047310250936844546,메이투,원희 메이투 돌렷는데 너무 잘 나옴.. 당연하지이뽀니니까 https://t.co/5fx3OGZ0JF,Thu Apr 23 13:42:55 +0000 2026,2009219494951235585,hmm (상태:수련모드),ILOVEMONEYeah,326,6,0,0,https://x.com/ILOVEMONEYeah/status/2047310250936844546,ko,False,2026-04-27 04:00:05,한국,https://pbs.twimg.com/media/HGmB0s7boAEfJIu.jpg
2046903574970663312,메이투,"@cos_muiyori 보정의악마가 되어봤어 
메이투 유료최고야ㅋㅋㅋㅋㅋㅋㅋㅋㅋㅋㅋㅋㅋㅋㅋ",Wed Apr 22 10:46:56 +0000 2026,1866176880673771523,진,jln77777,55,1,0,1,https://x.com/jln77777/status/2046903574970663312,ko,False,2026-04-27 04:00:05,한국,
2047273943502090616,메이투,"메이투로 겨울 사포로 감성 완성..☃️

[ 메이투 앱 → AI효과 → AI 아트 →  눈 내리는 밤 ] https://t.co/PQB8Kev9oL",Thu Apr 23 11:18:39 +0000 2026,2030153040045690884,어진희,di_ndin161,79,0,0,0,https://x.com/di_ndin161/status/2047273943502090616,ko,False,2026-04-27 04:00:05,한국,https://pbs.twimg.com/media/HGlgw4DaUAAT08s.jpg
2048441280099995828,메이투,@papayacookii 안녕하세요! 저도 세컨폰으로 고민중인데요ㅠㅠ 메이투 어플에 아이폰 카메라 필터가 있던데 굳이 세컨폰을 사서 들고 다니는 이유가 있을까요?!,Sun Apr 26 16:37:14 +0000 2026,1380138241198714881,곤뇽이,gon_nyong2,24,0,0,0,https://x.com/gon_nyong2/status/2048441280099995828,ko,False,2026-04-27 04:00:05,한국,
2046882613013729421,메이투,"@mungchi_9 안녕하세요!! 본인 탐넘인데 혹시 가능할까요🥹🥹
메이투 유료버전 엔빵 답글입니다!!",Wed Apr 22 09:23:38 +0000 2026,2033022619126214658,Melty,Me1tycos,161,1,0,2,https://x.com/Me1tycos/status/2046882613013729421,ko,False,2026-04-27 04:00:05,한국,
2047689538051670390,메이투,이분은 지금 이거를 오시온보댜 잘생겼다고 올린거임....? 무슨 자신감이시지...? 적어도 메이투 돌린것 마냥 보정 덕지덕지한 홈마누님 사진을 가져와서 오시온 생얼하고 비교해도 질 판에 이 사진을 들고오냐,Fri Apr 24 14:50:04 +0000 2026,1957460967333539840,이리온,iriosion0511,552,2,0,0,https://x.com/iriosion0511/status/2047689538051670390,ko,False,2026-04-27 04:00:05,한국,
2046865376114512354,메이투,"메이투~~ 
보정이 아니라 창조인 것 같긴 한데... 허허 https://t.co/TvISUYs6Dk",Wed Apr 22 08:15:09 +0000 2026,1929854809752166400,춘향,wlsWkalcuTsp,106,0,0,0,https://x.com/wlsWkalcuTsp/status/2046865376114512354,ko,False,2026-04-27 04:00:05,한국,
2048069271239242010,메이투,요즘 메이투 기술 좋다 그지 머리를 장발로 척척 만들어줌 붙머 고민 될 때 강추                                       #오프  #섹트 #맘눌뎀 #경기도 https://t.co/k1K3U1T7Dr,Sat Apr 25 15:59:00 +0000 2026,2039023284126195712,진,Kristy7072852,124,1,0,0,https://x.com/Kristy7072852/status/2048069271239242010,ko,False,2026-04-27 04:00:05,한국,https://pbs.twimg.com/media/HGu8SEbaMAA1pPO.jpg
2047317236352942479,메이투,메이투 없음 못 살아 https://t.co/DXShL48Kgn,Thu Apr 23 14:10:41 +0000 2026,1951889552853053441,새냐,nyanyanyanow,312,9,0,0,https://x.com/nyanyanyanow/status/2047317236352942479,ko,False,2026-04-27 04:00:05,한국,https://pbs.twimg.com/media/HGmILCkaQAA1UHq.jpg
2047517414783631641,메이투,@UxxXkaoru 사마토키: 시러시러!!!! 뺏지마 내 메이투!!ㅠㅠ 내 애굣살 내 속눈썹 내 앞트임 메이크업 내 직경 16.0 카라콘!!!,Fri Apr 24 03:26:07 +0000 2026,1937071198997016576,츄식이,xllkkh,78,0,0,1,https://x.com/xllkkh/status/2047517414783631641,ko,False,2026-04-27 04:00:05,한국,
2046646185323331936,메이투,"사진들 좋아해 주셔서 넘넘 감사해요🥹🫶🏻
셀카는 일카, 메이투 카메라 쓰는 편이고 후면이나 남찍사는 일카 사용합니다☺️
보정은 메이투, 이비스 가끔 포토샵 사용하고 있어요🎨
얻을 정보가 많았으면 좋겠네요... 
예쁜 ... https://t.co/YzGlpTaOXw",Tue Apr 21 17:44:10 +0000 2026,1861829315408830466,히치,hililchilil,381,8,0,0,https://x.com/hililchilil/status/2046646185323331936,ko,False,2026-04-27 04:00:05,한국,
2047852326904615386,메이투,@its10_h 이거 AI에요 ㅋㅋㅋㅋㅠㅠ 메이투 프리미엄 결제해소 돌렷습니다,Sat Apr 25 01:36:56 +0000 2026,2021913683069394944,みう,Miuov2,74,0,0,1,https://x.com/Miuov2/status/2047852326904615386,ko,False,2026-04-27 04:00:05,한국,
2047328900074909920,메이투,@hie___ee 메이투 유료가 그릏게 좋더라구요(?),Thu Apr 23 14:57:01 +0000 2026,1771157586949369856,행,galibong_alpha,60,0,0,0,https://x.com/galibong_alpha/status/2047328900074909920,ko,False,2026-04-27 04:00:05,한국,
2046658994127958076,메이투,"인스타에 올리긴 조금 애매한 사진들!
눈내리는 겨울 사진으로 만들어 봄 🌨️ 🤍

-기능 경로 : 메이투 사진 → 효과 → '눈 내리는 밤' 선택 https://t.co/blXjk2br6k",Tue Apr 21 18:35:03 +0000 2026,2016612558472720384,구사자 (김정아) 🇰🇷,94_j_a,210,0,0,0,https://x.com/94_j_a/status/2046658994127958076,ko,False,2026-04-27 04:00:05,한국,https://pbs.twimg.com/media/HGcxeMVaUAE-N_2.jpg
2046560097271521326,메이투,@minsea_x 저 메이투 브이아이피로 탄생한 얼굴이세요 실물은 이제 걍 오징어죠,Tue Apr 21 12:02:05 +0000 2026,1964005683621474306,なつ,00000natsu,58,0,0,1,https://x.com/00000natsu/status/2046560097271521326,ko,False,2026-04-27 04:00:05,한국,
2047242896433397871,메이투,"오 고단수 주접이네요 한수 배웁니다😲

(메이투, 유라이크 씁니다) https://t.co/3JeDJjdOED",Thu Apr 23 09:15:17 +0000 2026,1867629799562522625,카뮬,kamyul_02,366,17,0,0,https://x.com/kamyul_02/status/2047242896433397871,ko,False,2026-04-27 04:00:05,한국,
2047572684171866322,메이투,@CosGaesa7 역시 그런 건가요…. 보정의 힘을 빌려야겠네요 메이투 사랑해💕,Fri Apr 24 07:05:44 +0000 2026,2030522372403662848,떠,szxnry,89,0,0,0,https://x.com/szxnry/status/2047572684171866322,ko,False,2026-04-27 04:00:05,한국,
2047316030264131864,메이투,@dodoye_0 메이투!!!!!,Thu Apr 23 14:05:53 +0000 2026,2000131010638569472,고영,WS4HX0,46,0,0,1,https://x.com/WS4HX0/status/2047316030264131864,ko,False,2026-04-27 04:00:05,한국,
2047312475885113548,메이투,저 메이투 후면으로 찍구 눈 근처는 (피부가 넘 안좋아서..) 블러처리 했어요! 집 조명 바로 아래에서 카메라 후면으로 '남이' 찍어주는게 제일 잘 나오는 것 같아요 너무 정면 보다는 측면에서 시선은 카메라 말고 (아이폰이시... https://t.co/x55Iu9kY6C,Thu Apr 23 13:51:46 +0000 2026,2009087377080512512,리..,leexxwo,199,10,0,0,https://x.com/leexxwo/status/2047312475885113548,ko,False,2026-04-27 04:00:05,한국,
2046750633966153958,메이투,@gohangtabetai 아니 화면에서 어떻게 그렇게 볼살가득하게 나오는거지 볼살아예없음 메이투 얼굴 보정 70 때린 수준임 얼굴도 ㅈㄴㅈㄴㄴㄴㅈㄴㄴㄴㄴㄴㄴㄴㅈㄴㅈㄴㄴㄴㅈㄴ 작아,Wed Apr 22 00:39:12 +0000 2026,2018644546817835008,솜이,somiieee_,160,0,0,0,https://x.com/somiieee_/status/2046750633966153958,ko,False,2026-04-27 04:00:05,한국,
2046570388600324125,메이투,"오늘 우진이 피부에 뭐 했어? 
지금 메이투 블러 쫙 먹었어",Tue Apr 21 12:42:58 +0000 2026,1592463618393919490,건석,sky2_shoxxt,161,0,0,0,https://x.com/sky2_shoxxt/status/2046570388600324125,ko,False,2026-04-27 04:00:05,한국,
2047379544018129245,메이투,최애랑 찍은 포토이즘 나도 막 스토리 올리고 자랑하고 싶은데. 어 여자가 돈이 많네 소리 들을까봐 화장하고 메이투 보정 100때리고 주사위 6나올때까지 던져야돼,Thu Apr 23 18:18:16 +0000 2026,2047372468562845696,..,lvson_,175,0,0,0,https://x.com/lvson_/status/2047379544018129245,ko,False,2026-04-27 04:00:05,한국,
2046936209461748164,메이투,"근데나 진짜 존나 정신병의 정수라
그냥ㅋㅋㅋㅋㅋㅋㅋ너무웃김 모든게
ㅋㅋㅋㅋㅋㅋㅋㅋㅋㅋㅋㅋㅋㅋ좋아?
세상에 이렇게 생긴사람이 실존할것같니?
미안한데 니네가 보는 그 얼굴은 내가 화장 존나떡칠하고 틱톡 필터 2중으로끼고 이비스 10분 보정 메이투 10분보정의 내가 창조한 가상의 인물이야",Wed Apr 22 12:56:37 +0000 2026,1904562419793608704,양파쿵쾅:한풀이계정,newhanfuri,113,2,0,0,https://x.com/newhanfuri/status/2046936209461748164,ko,False,2026-04-27 04:00:05,한국,
2048053183105339660,메이투,@gkflqh0 저는 메이투 유료결제 없이 못살아요,Sat Apr 25 14:55:04 +0000 2026,1956733570556497920,계마2 (상태 : 러브라이브 처하자),m1_co11ector,56,1,0,1,https://x.com/m1_co11ector/status/2048053183105339660,ko,False,2026-04-27 04:00:05,한국,
2046980578143297738,메이투,"우시 옷뭐입고 찍어야됨?
또 좆뺑이쳐야겠네
메이투 옷보정되나요",Wed Apr 22 15:52:55 +0000 2026,2004020746918809601,좃쨈이,fillup_dopamine,121,1,0,1,https://x.com/fillup_dopamine/status/2046980578143297738,ko,False,2026-04-27 04:00:05,한국,
2047670227543167220,메이투,@d030b_3 남캐할땐 일카 여캐할땐 메이투 카메라 씁니다 하하,Fri Apr 24 13:33:20 +0000 2026,1993581382870994944,xavu,ouxav,84,1,0,0,https://x.com/ouxav/status/2047670227543167220,ko,False,2026-04-27 04:00:05,한국,
2047350208414286286,메이투,@putmyheartin 메이투,Thu Apr 23 16:21:42 +0000 2026,1951917843110596608,두차,duchacha78,57,1,0,0,https://x.com/duchacha78/status/2047350208414286286,ko,False,2026-04-27 04:00:05,한국,
2047171827794161972,메이투,메이투 유료 결제하신분..... 만족하시는지???? 고민중,Thu Apr 23 04:32:53 +0000 2026,1345566151426785280,아무,onnnonnnnonnn,85,0,0,0,https://x.com/onnnonnnnonnn/status/2047171827794161972,ko,False,2026-04-27 04:00:05,한국,
2048076905296081330,메이투,@gongcha0808 메이투! 써요..🥹💗,Sat Apr 25 16:29:20 +0000 2026,2003046066254753792,care,carefor0,257,2,0,1,https://x.com/carefor0/status/2048076905296081330,ko,False,2026-04-27 04:00:05,한국,
2046558771200262446,메이투,@wa8ang_ 맞아요 메이투 되게 보정하기 편해서 좋더라구요!😁,Tue Apr 21 11:56:48 +0000 2026,1962999052016242688,나름,narxmm,66,1,0,0,https://x.com/narxmm/status/2046558771200262446,ko,False,2026-04-27 00:06:37,한국,
1978461615990112593,meitu,"@kkkk_404__2 재성합니다!!
메이투(meitu)였어요!!!!",Wed Oct 15 14:03:01 +0000 2025,1865107323980759040,아기똥,ddongguleongnae,20,0,0,0,https://x.com/ddongguleongnae/status/1978461615990112593,ko,False,2026-04-27 00:06:22,한국,
1946125423538016515,뷰티캠,"뷰티캠-화질개선은 이걸로 하고 조명효과용
스노우-뷰티캠보다 성능이 좀 떨어지는데 미세조작은 스노우가 더 편한편 특히 주름제거

둘다번갈아서 써서 보정하는게 더 깔끔하고 좋네요",Fri Jul 18 08:30:32 +0000 2025,358017347,겨레Kyeo re,NoSePeRaTu,178,1,0,0,https://x.com/NoSePeRaTu/status/1946125423538016515,ko,False,2026-04-23 03:06:38,한국,
1970782707799273672,뷰티캠,@21li0o 전 뷰티캠 아이폰모드 쓰는데 이거 좋아요 ㅎㅎ,Wed Sep 24 09:29:47 +0000 2025,1816802625926627328,네무,AlflWkd1,135,1,0,0,https://x.com/AlflWkd1/status/1970782707799273672,ko,False,2026-04-23 03:06:38,한국,
1949682563683082420,뷰티캠,@wjwjsjjxn 뷰티캠 어플 메모…. 써보겠습니다 미녀의 말을 들어야해요,Mon Jul 28 04:05:21 +0000 2025,1921113857655009280,슬아,seulahwinter,108,1,0,0,https://x.com/seulahwinter/status/1949682563683082420,ko,False,2026-04-23 03:06:38,한국,
1954163534259982579,뷰티캠,나도 뷰티캠 받을게 https://t.co/hy2AJ21dbV,Sat Aug 09 12:51:07 +0000 2025,2192235043,끔me?me?,9mii9mii9mii,108,0,0,0,https://x.com/9mii9mii9mii/status/1954163534259982579,ko,False,2026-04-23 03:06:38,한국,https://pbs.twimg.com/media/Gx6VX65acAAa-58.jpg
1949680984003383457,뷰티캠,@seulahwinter 발색 사진은 기카 인물모드로 찍고 메컵 사진은 뷰티캠 어플로 찍어용!,Mon Jul 28 03:59:04 +0000 2025,1400064007424200706,BELL ੈ ✩‧₊˚,wjwjsjjxn,135,0,0,1,https://x.com/wjwjsjjxn/status/1949680984003383457,ko,False,2026-04-23 03:06:38,한국,
1964535801590800485,뷰티캠,뷰티캠 연사촬영 사라졋네 ㅁㅊ것,Sun Sep 07 03:46:49 +0000 2025,1693615406261661696,ξ:3ꇤ🩵)₃,k0m0vvv,130,0,0,0,https://x.com/k0m0vvv/status/1964535801590800485,ko,False,2026-04-23 03:06:38,한국,
1966074661399392625,뷰티캠,"#광고 #뷰티캠

요즘 피규어 다들 만들길래 저도 유행탑승~ 😋❣️ https://t.co/PE16yC3eNJ",Thu Sep 11 09:41:41 +0000 2025,590795639,아가콩「ユゥタ」,agakong95,17260,175,11,7,https://x.com/agakong95/status/1966074661399392625,ko,False,2026-04-23 03:06:38,한국,https://pbs.twimg.com/media/G0jlWDnakAAKmrd.jpg
1966068282974523614,뷰티캠,"#광고
은묘 피규어 등장❔️
내 코스프레 사진이 피규어로 변하는 AI 👇🩷 @beautycam_kr
뷰티캠 9월 신규 기능 ‘리얼 피규어’  
✅ 매일 20회 무료 체험  
✅ 코스프레 그대로 살린 피규어 변환  

모두 한번씩 사용하고 피규어인증 올리기 -✨️
#뷰티캠 #피규어ai #beautycam https://t.co/kB7N6aPd2M",Thu Sep 11 09:16:21 +0000 2025,932447482021212160,ENMYO/은묘💗,enmyo_cos,5750,38,2,3,https://x.com/enmyo_cos/status/1966068282974523614,ko,False,2026-04-23 03:06:38,한국,https://pbs.twimg.com/media/G0jgrxCaMAUWzSh.jpg
1964302159370973250,뷰티캠,"뷰티캠 모델 추천
이유:아름다우니까 https://t.co/LR3c47RYNj",Sat Sep 06 12:18:24 +0000 2025,1693615406261661696,ξ:3ꇤ🩵)₃,k0m0vvv,1431,7,0,0,https://x.com/k0m0vvv/status/1964302159370973250,ko,False,2026-04-23 03:06:38,한국,https://pbs.twimg.com/media/G0KaZ17aUAAt8q7.jpg
1944324161024991562,뷰티캠,"@im_L_o3o 요즘 뷰티캠 많이 쓰는 거 같아요
뷰티캠테 아이폰 모드 있는데 설정만 잘 만지면 아주아주 좋아요",Sun Jul 13 09:12:58 +0000 2025,1692093593669029888,✌︎네켄✌︎,nekken409,145,0,0,1,https://x.com/nekken409/status/1944324161024991562,ko,False,2026-04-23 03:06:38,한국,
1953073736208232937,뷰티캠,"@byohxm ㅋㅋㅋㅋㅋ 고마어 …/// 근데  사실 실물은 이정돈 아니고,,, 보정캠 바깟는데 ㅈㅉ이쁘게나와…… 뷰티캠 강추드리비낟",Wed Aug 06 12:40:39 +0000 2025,1816802625926627328,네무,AlflWkd1,82,0,0,0,https://x.com/AlflWkd1/status/1953073736208232937,ko,False,2026-04-23 03:06:38,한국,
1948339708351971591,뷰티캠,"ꉂꉂ(ᵔᗜᵔ*)
필터 땜에 오래 활동했단 사실이 확 체감됨 B612 붐일 때 찍은 사진 뷰티캠 붐일 때 찍은 사진 스노우 붐일 때 찍은 사진 소다캠 붐일 때 찍은 사진 다 잇음ㅋㅋㅋㅋㅋㅠㅠ https://t.co/NAt7ag4r7X",Thu Jul 24 11:09:19 +0000 2025,1474031706219106310,🥦,_brxccxli,847,17,3,1,https://x.com/_brxccxli/status/1948339708351971591,ko,False,2026-04-23 03:06:38,한국,https://pbs.twimg.com/media/GwnkowsbwAAjt62.jpg
1951976176668275160,뷰티캠,"14초동안 태현이가 이쁜 척하는 태현이 뷰티캠
 
뭔가... 이 세상에 있는 모든 뽀샤시🔅 하트💓 반짝이✨ 핑크🩷 필터를 쏟아 부어야 할것 같았어... https://t.co/amcvLtoimz",Sun Aug 03 11:59:21 +0000 2025,1900075287884521472,치즈,Geeez_txt,880,15,4,1,https://x.com/Geeez_txt/status/1951976176668275160,ko,False,2026-04-23 03:06:38,한국,
2045841923869729129,메이투,"메이투 쓰는 김에 랜만에 멜팅포스 캐들 알페스 하려고 햇는데 다 일그러지고 죽어도 안 나와서 그냥 지협이랑 제 다른 유저 돌렸어요
슬프게도 이것만 (그나마) 성공함
근손실 온 지협이(ㅠ) https://t.co/yWiXHoB2Bu",Sun Apr 19 12:28:19 +0000 2026,1871517399998226432,救主 구주,ohmajesuschrist,127,7,0,1,https://x.com/ohmajesuschrist/status/2045841923869729129,ko,False,2026-04-23 03:06:20,한국,https://pbs.twimg.com/media/HGRKY2Sb0AEH3s-.jpg
2045721543792275927,메이투,"메이투 카메라 좋은 거 같아요..
저 화공자를 메이투 카메라로 찍었는데 
보정 세팅을 좀 잘못해서 얼굴은 좀 별론데..
사진은 화질도 괜찮고 예쁘게 나와서 만족..",Sun Apr 19 04:29:58 +0000 2026,2016510792376717312,타사(5플엑 토),tasa0923,145,7,0,0,https://x.com/tasa0923/status/2045721543792275927,ko,False,2026-04-23 03:06:20,한국,
2045525247244616114,메이투,"@saeenana 우하하 메이투 속눈썹의 힘이지만요 ꉂꉂ🤭
제 최애컾 사에나나도 넘 쫀예에요₍ᐢᵒ̴̶̷̥́  ·̮ ᵒ̴̶̷̥́ ᐢ₎♡♡
에나 응원하려구 오므라이스 시킬라햇는데 늦게 갓더니 품절이라 아수엇어요,,, 담에 재도전 하는거루.ᐟ",Sat Apr 18 15:29:57 +0000 2026,2007861507103784960,유키,yukimilk_S2,81,1,0,0,https://x.com/yukimilk_S2/status/2045525247244616114,ko,False,2026-04-23 03:06:20,한국,
2046078082969489637,메이투,"너진짜 메이투 안 돌렷다고?
즈위덕에 내어깨하늘찔럿다
이게 내 남자야 https://t.co/z8ghha3SRK",Mon Apr 20 04:06:43 +0000 2026,1339245053160480769,cho,urcho7,71,2,0,0,https://x.com/urcho7/status/2046078082969489637,ko,False,2026-04-23 03:06:20,한국,https://pbs.twimg.com/media/HGUhKJMaMAAehGB.jpg
2045922897831862700,메이투,메이투 잘허내,Sun Apr 19 17:50:04 +0000 2026,1588186856000090112,성원✨,Greatesstar_cos,96,0,0,0,https://x.com/Greatesstar_cos/status/2045922897831862700,ko,False,2026-04-23 03:06:20,한국,
2044949158348603592,메이투,"예에전에 메이투 한거 찾았어요
누구세요? https://t.co/xBuu1cvI5l",Fri Apr 17 01:20:47 +0000 2026,2025901063182929920,장도리|4코페 토,jangdol924,215,8,1,0,https://x.com/jangdol924/status/2044949158348603592,ko,False,2026-04-23 03:06:20,한국,https://pbs.twimg.com/media/HGEeanxbkAAddIi.jpg
2045640374664970386,메이투,메이투 vip (프리미엄) 1년 16000원에 분철합니다!! 두명 구해지면 바로 결제할게요 아이폰 사용자만 가능합니다 디엠 주세요!,Sat Apr 18 23:07:26 +0000 2026,1532308571807182854,♡,imdududun,172,1,0,2,https://x.com/imdududun/status/2045640374664970386,ko,False,2026-04-23 03:06:20,한국,
2046145454191386874,메이투,"@dancegunhe 아니 근데 진짜 요즘엔 그닥 안 길어보이는데 ㄹㅇ 걍 평균처럼 보이는데
제가 자체 메이투 필터를 끼게 된 건가요 아님 실제로 짧아진 건가요 다음 자컨으로 길이 재줫음 좋겟다",Mon Apr 20 08:34:26 +0000 2026,1699248021438070784,ㅇㅇ,yossism_,56,0,0,1,https://x.com/yossism_/status/2046145454191386874,ko,False,2026-04-23 03:06:20,한국,
2046182510749737067,메이투,"@myluv_jhoon 메이투 쓰는 나보다 보정 못하는게 말이 되냐고..
돈 주고 포토샵 쓰실 거면서..",Mon Apr 20 11:01:41 +0000 2026,2471224824,검은색연필✏,dksska0326,43,0,0,0,https://x.com/dksska0326/status/2046182510749737067,ko,False,2026-04-23 03:06:20,한국,
2046219092898754997,메이투,@triplespaceboss 메이투 성형외과 짱짱,Mon Apr 20 13:27:03 +0000 2026,1994127224530989056,𝓂𝓎𝓊 ⊹ ⋆ﾟ˚₊‧꒰ა ♡ ໒꒱ ‧₊˚ ⋆ﾟ⊹,vn0dl,50,1,0,0,https://x.com/vn0dl/status/2046219092898754997,ko,False,2026-04-23 03:06:20,한국,
2045459963775259125,메이투,갖고 싶긴 한데 저걸로 찍어도 메이투 존나 갈겨야 하는 거 생각하면 피곤하다...,Sat Apr 18 11:10:32 +0000 2026,1413694977847140358,유익한,yooikhaeyo,61,1,0,0,https://x.com/yooikhaeyo/status/2045459963775259125,ko,False,2026-04-23 03:06:20,한국,
2045053272436957692,메이투,"내 복근 사실 메이투 50세트 한 건데
다들 몸매 뭐냐고 해서 그냥 그렇게 생각하게 냅둿어 ㅎ",Fri Apr 17 08:14:30 +0000 2026,1900704480892715008,myo.,myo_0v,482,9,0,1,https://x.com/myo_0v/status/2045053272436957692,ko,False,2026-04-23 03:06:20,한국,
2046288868438327445,메이투,나 코수 보정할 때 아이폰기본앱 메이투 포토샵 라룸 아이폰 기본앱 ㅇㅈㄹ해서교수님이랑 사진사분이 보면 나를 때릴 듯,Mon Apr 20 18:04:19 +0000 2026,1358120115766665216,얀폐,199X129,339,4,0,1,https://x.com/199X129/status/2046288868438327445,ko,False,2026-04-23 03:06:20,한국,
2045302060267221246,메이투,아니 메이투 ai지우기 기능 성능 미침.......;; https://t.co/PsMLNHWDGQ,Sat Apr 18 00:43:05 +0000 2026,1745011254115360768,໊,iamalehkim,480518,1584,27,0,https://x.com/iamalehkim/status/2045302060267221246,ko,False,2026-04-23 03:06:20,한국,https://pbs.twimg.com/media/HGJfYbnbkAAIOpk.jpg
2046131555362545774,메이투,"아니근데
남캐셀카는 어케 보정해야되는지 몰라서 보정도 거의 못햇어 샤갈 메이투 필터도 원래 필터 쓰니까 너무 아방해져서 다뺏음",Mon Apr 20 07:39:12 +0000 2026,1967056801112698882,하유성 ✨彡,xia_yiye,148,3,0,0,https://x.com/xia_yiye/status/2046131555362545774,ko,False,2026-04-23 03:06:20,한국,
2045926514718629890,메이투,@kaengkaeng70 메이투 그리기로 햇습니다 후후,Sun Apr 19 18:04:27 +0000 2026,1973338098475081736,별혜_사담계,011100_1492,64,1,0,0,https://x.com/011100_1492/status/2045926514718629890,ko,False,2026-04-23 03:06:20,한국,
2045388963104624954,메이투,@hetsal_depi 메이투 썼니? 걍 실물 그대론것 같은디,Sat Apr 18 06:28:24 +0000 2026,1074349177260236800,나인,you_4679,60,0,0,1,https://x.com/you_4679/status/2045388963104624954,ko,False,2026-04-23 03:06:20,한국,
2045134332009000992,메이투,스노우 메이투 보정 100 끼얹어도 절대 안 나오는 외모 진짜 미치셨다(p) 돌아버렸다 뒤집어지겠다 환장하겠다 기절할 것 같다,Fri Apr 17 13:36:36 +0000 2026,2043206445592870912,𝒎𝒐𝒎𝒐 𝒑𝒖𝒇𝒇💛,M0m0puff,5118,22,0,0,https://x.com/M0m0puff/status/2045134332009000992,ko,False,2026-04-23 03:06:20,한국,
2045507296248410229,메이투,"사키야는 사람이 보정 후 이미지처럼 생굣어
얼굴에 메이투 패치가 달려있나
빵실빵실메이투러시아인형",Sat Apr 18 14:18:37 +0000 2026,933679569751621632,타마,Happytomatolaf,49,0,0,0,https://x.com/Happytomatolaf/status/2045507296248410229,ko,False,2026-04-23 03:06:20,한국,
2046176902378041458,메이투,"#시험기간 필수 #스티커 !

#메이투 인스타 팔로우 후 댓글 달아주시면 스티커 링크 보내드려요! https://t.co/u1ZWy53iM4",Mon Apr 20 10:39:24 +0000 2026,998523884423995400,Meitu 메이투 (official),meitu_kr,133,0,0,0,https://x.com/meitu_kr/status/2046176902378041458,ko,False,2026-04-23 03:06:20,한국,https://pbs.twimg.com/media/HGV6zTGaQAAaOQr.jpg
2045810320468590623,메이투,메이투  유료결제해서 재보정해봐야지!!!,Sun Apr 19 10:22:44 +0000 2026,1949770977790877696,꾸꾸 (5월 수코 토),Gguggudiary,92,3,0,1,https://x.com/Gguggudiary/status/2045810320468590623,ko,False,2026-04-23 03:06:20,한국,
2045149769383944211,메이투,@uooynz ㅋㅋㅋ아..메이투😅,Fri Apr 17 14:37:56 +0000 2026,2029521006076051456,쭈깅,myjju103,130,0,0,0,https://x.com/myjju103/status/2045149769383944211,ko,False,2026-04-23 03:06:20,한국,
2045395630282170458,메이투,"이거 저예요 위니들.......................
메이투 ㄹㅇ 짱임ㅋㅋ https://t.co/T2fS12haRy",Sat Apr 18 06:54:54 +0000 2026,3190731828,정곰탱,Jeongjigom,623,12,3,1,https://x.com/Jeongjigom/status/2045395630282170458,ko,False,2026-04-23 03:06:20,한국,https://pbs.twimg.com/media/HGK0e0jbAAATCnu.jpg
2045815572567572779,메이투,ㅡㅡ 메이투 결제 안하면 쓸 수 있는 기능이 1나도 없는거예요 ??,Sun Apr 19 10:43:36 +0000 2026,1426604501159477249,해,sun1it,108,1,0,0,https://x.com/sun1it/status/2045815572567572779,ko,False,2026-04-23 03:06:20,한국,
2045642138344665236,메이투,너무예쁘게생겼어.... 메이투 200해도 이 얼굴안나오는데 https://t.co/ti0Y44c6PY,Sat Apr 18 23:14:26 +0000 2026,1993625356742598656,mono...,chunnnnndg,86,0,0,0,https://x.com/chunnnnndg/status/2045642138344665236,ko,False,2026-04-23 03:06:20,한국,
2045474195493290329,메이투,@reallovecutie 오른쪽에서 메이투 조져봤자 이렇게 된다고요 https://t.co/MmxHsicLyr,Sat Apr 18 12:07:05 +0000 2026,1373393379145392133,치치(상태:나나),realIoveisme,46,0,0,1,https://x.com/realIoveisme/status/2045474195493290329,ko,False,2026-04-23 03:06:20,한국,https://pbs.twimg.com/media/HGL76THawAAzsDZ.jpg
2045708359219998956,메이투,메이투 땡길필요없는 얼굴,Sun Apr 19 03:37:34 +0000 2026,2037465974064988161,먐,shasha91494,153,0,0,0,https://x.com/shasha91494/status/2045708359219998956,ko,False,2026-04-23 03:06:20,한국,
2045400465811312973,메이투,@Jeongjigom 어투 보고 곰탱 님 생각났는데 곰탱 님이 맞으셨군요 ㅋㅋㅋ!! 메이투 유명한 데는 다 이유가 있나 봐요 👀👀,Sat Apr 18 07:14:07 +0000 2026,1233101533518032896,fan acc 천재호떠기 ᶤᶠ ʸᵒᵘ ʷᵃᶰᶰᵃ,tomorrowbunny,111,0,0,0,https://x.com/tomorrowbunny/status/2045400465811312973,ko,False,2026-04-23 03:06:20,한국,
2045887036792660048,메이투,"@wuchangbabo 훔....간단한팁1나: 웬만하면 찍을때 색감필터나 메이크업필터 적용Xxxxx 엄청 둥둥떠보임!!(근데이건걱정안해도될듯 이미 잘하고잇음)
보정앱 메이투 죠음 이미쓰고잇을수도잇지만.... 나같경 얼굴 보정다하고 채도 살짝낮춰서 톤맞추긴함",Sun Apr 19 15:27:34 +0000 2026,1109682472193675264,주인 (상태:🤕),uYuchodai,107,0,0,1,https://x.com/uYuchodai/status/2045887036792660048,ko,False,2026-04-23 03:06:20,한국,
2044953684640223283,메이투,메이투 결제하고싶은데 이건 계정 같이 써서 몬 나누나..,Fri Apr 17 01:38:46 +0000 2026,1842159160823255040,バブル,Bubbl_e0705,160,8,0,0,https://x.com/Bubbl_e0705/status/2044953684640223283,ko,False,2026-04-23 03:06:20,한국,
2045390043494420925,메이투,"메이투 100 돌린 거 아니라고? 
내 남자 용안 미쳤네
내어깨지금하늘뚫고올라가는중 https://t.co/IARNUkyS6V",Sat Apr 18 06:32:42 +0000 2026,1339245053160480769,cho,urcho7,314,4,2,0,https://x.com/urcho7/status/2045390043494420925,ko,False,2026-04-23 03:06:20,한국,https://pbs.twimg.com/media/HGKvZthbIAAmBF3.jpg
2046552242250240000,메이투,@narxmm 옹 메이투 다들 좋다길래 깔아만 놨는데 한번 연습해봐야겠어요!!,Tue Apr 21 11:30:52 +0000 2026,1985300667909750784,와앙,wa8ang_,49,1,0,1,https://x.com/wa8ang_/status/2046552242250240000,ko,False,2026-04-23 03:06:20,한국,
2046260588586885516,메이투,"ㅋㅋㅋㅋㅋㅋㅋㅋ 하...
웃음 주고 떠난 메이투...",Mon Apr 20 16:11:56 +0000 2026,1871517399998226432,救主 구주,ohmajesuschrist,73,4,0,1,https://x.com/ohmajesuschrist/status/2046260588586885516,ko,False,2026-04-23 03:06:20,한국,
2045863576687329613,메이투,"살쪄서 눈작아져
대신 코는커져
메이투",Sun Apr 19 13:54:21 +0000 2026,1982606896663232512,시당초,Q57351,100,3,0,0,https://x.com/Q57351/status/2045863576687329613,ko,False,2026-04-23 03:06:20,한국,
2045368422956183994,메이투,메이투 ㅈㅉ 미친샤끼임 중국어플답게 나를 방구석에서도 왕홍으로 만들어준다고,Sat Apr 18 05:06:47 +0000 2026,1538055469855494145,또미,crazysquare,125,0,0,0,https://x.com/crazysquare/status/2045368422956183994,ko,False,2026-04-23 03:06:20,한국,
1944321970075582539,뷰티캠,뷰티캠 사용했습니다!!,Sun Jul 13 09:04:16 +0000 2025,1293853701673644032,Chae,decarchive_,2208,0,0,0,https://x.com/decarchive_/status/1944321970075582539,ko,False,2026-04-20 07:37:14,한국,
1944318720157061305,뷰티캠,@doraeng305 뷰티캠 있긴한데 이거써볼까도 싶고요.,Sun Jul 13 08:51:21 +0000 2025,358017347,겨레Kyeo re,NoSePeRaTu,78,0,0,0,https://x.com/NoSePeRaTu/status/1944318720157061305,ko,False,2026-04-20 07:37:14,한국,
2044733590823731291,메이투,@createsession 고맙당ㅋㅋㅋㅋ 메이투 성형외과에서 야무지게 톤업함..,Thu Apr 16 11:04:12 +0000 2026,1991073640033751040,AYAKASHI,ayakashi908,155,0,0,1,https://x.com/ayakashi908/status/2044733590823731291,ko,False,2026-04-20 07:36:51,한국,
2044630828018516114,메이투,그거 메이투 보정입니다.....ㅎㅎ... 갈색 렌즈 끼고 보정했어요 https://t.co/TiSNPLIoyy,Thu Apr 16 04:15:51 +0000 2026,1945162274869796866,리보,ribo927_,289,2,0,0,https://x.com/ribo927_/status/2044630828018516114,ko,False,2026-04-20 07:36:51,한국,
2044730946407243828,메이투,셀카 보정하려고 메이투 드갓다가 광고 이거뜨면 하루종일 하고잇음 https://t.co/aI5IqdYLpS,Thu Apr 16 10:53:41 +0000 2026,1955297738792554496,유루,yure_ru_na,363,4,0,1,https://x.com/yure_ru_na/status/2044730946407243828,ko,False,2026-04-20 07:36:51,한국,https://pbs.twimg.com/media/HGBX9P8aMAANI2W.jpg
2044665021054190024,메이투,"학교에서 카메라 빌려서 처음 찍어봤는데 수업 제대로 안 들어서 개밤티 사진만 찍어옴 ㅋㅋㅋㅋㅋ 마지막 사진 메이투 돌려서 그나마 살림 ㅋㅋㅋㅋ 보정본 제 피드에 있어용😆
#살목지 #장다아 #김혜윤 #무대인사 https://t.co/xOzhQ6Jicv",Thu Apr 16 06:31:43 +0000 2026,1066275116135276544,쌈무야꾸랑해,wizone_0127,5286,189,36,0,https://x.com/wizone_0127/status/2044665021054190024,ko,False,2026-04-20 07:36:51,한국,https://pbs.twimg.com/media/HGAb_tEaMAEPxM2.jpg
2044734485833638368,메이투,메이투...이거 요물이다...,Thu Apr 16 11:07:45 +0000 2026,2003222350071050240,한봐 | 5수코 일요일,h_ba09,89,2,0,0,https://x.com/h_ba09/status/2044734485833638368,ko,False,2026-04-20 07:36:51,한국,
2044802557181415708,메이투,@9woo9p 앗 그렇군뇨ㅜ 메이투 다들 추천해주셔서 써봐야겠어요 ㅎㅎ,Thu Apr 16 15:38:14 +0000 2026,2038118521172086784,오토,o_to6li,28,0,0,0,https://x.com/o_to6li/status/2044802557181415708,ko,False,2026-04-20 07:36:51,한국,
2044783449693884605,메이투,"아니 학연 피부가 진짜 ㄹㅈㄷ
메이투 매끈하게 100 땡긴 거 같음",Thu Apr 16 14:22:19 +0000 2026,2025535012456763392,두부..,chaduboo,225,4,0,0,https://x.com/chaduboo/status/2044783449693884605,ko,False,2026-04-20 07:36:51,한국,
2044746676620169404,메이투,#메이투 - 사진 - 효과  - 대비 - 몽글 필터 https://t.co/Qlw2armjsz,Thu Apr 16 11:56:11 +0000 2026,998523884423995400,Meitu 메이투 (official),meitu_kr,81,1,0,0,https://x.com/meitu_kr/status/2044746676620169404,ko,False,2026-04-20 07:36:51,한국,
2044776994152526114,메이투,@ruxexen 앗 비슷하게  메이투 보정으로 피부 매끄하게 하고  필터 입히면 완전 이뻐져요! 제 인장도 메이투 필터만 입힌거라는..//,Thu Apr 16 13:56:40 +0000 2026,1994987003512066054,포솜,Posom_log,56,1,0,0,https://x.com/Posom_log/status/2044776994152526114,ko,False,2026-04-20 07:36:51,한국,
2045700734457618537,메이투,메이투 6000원주고 증사맡겻는대 ㅇㅈㄹ https://t.co/turQFFVpU8,Sun Apr 19 03:07:17 +0000 2026,2039303609167511552,깨순이,daxn1i,10263,182,1,10,https://x.com/daxn1i/status/2045700734457618537,ko,False,2026-04-20 07:36:51,한국,https://pbs.twimg.com/media/HGPJ-ShakAAkZYw.jpg
2044816739767349293,메이투,"흠 셀카어플 기본카메라 
보정 메이투 
색감 아이폰 기본편집 가끔 이에여 https://t.co/iH6Futx62Y",Thu Apr 16 16:34:36 +0000 2026,1523696459383975936,밤,Bammong1,2065,0,0,0,https://x.com/Bammong1/status/2044816739767349293,ko,False,2026-04-20 07:36:51,한국,
2044672419198320765,메이투,근데 송상훈은 내가 본 댕로배 중에 가장 폴라가 잘 나오는 듯 진짜 늘 항상 메이투 폴라인 듯 사진빨이 진짜 잘 받나 봐 ( 인간적으로너무부럽다 ),Thu Apr 16 07:01:07 +0000 2026,1843858791596732417,🍡,heejaechan,71,0,0,0,https://x.com/heejaechan/status/2044672419198320765,ko,False,2026-04-20 07:36:51,한국,
2044717233289748730,메이투,"@Greatesstar_cos 헐 메이투 전 렉이 ㄴㅁ 걸리더라구요,,",Thu Apr 16 09:59:12 +0000 2026,1586192181001261058,용사,cosplaydragon4,57,0,0,1,https://x.com/cosplaydragon4/status/2044717233289748730,ko,False,2026-04-20 07:36:51,한국,
2044714144285471027,메이투,@xax030 Thanks to 메이투… 입네다,Thu Apr 16 09:46:55 +0000 2026,1931999325305143296,소이,soiso33,31,1,0,0,https://x.com/soiso33/status/2044714144285471027,ko,False,2026-04-20 07:36:51,한국,
2044772949555847263,메이투,"근데 스모키 메이투 돌린거 같아서 웃긴데 
또 요상하게 어울리나? 싶어서 기엽고 
암튼 막 그렇긴해",Thu Apr 16 13:40:35 +0000 2026,1504863149953990658,접의식의자,jeobragohajina,81,0,0,0,https://x.com/jeobragohajina/status/2044772949555847263,ko,False,2026-04-20 07:36:51,한국,
2044776684680081888,메이투,@Posom_log 다들 메이투 얘기 많이하시더라구요... 역시 저도 깔아야겟됴 ㅠ.ㅠ 보정 프리셋같은게 있는건가요???,Thu Apr 16 13:55:26 +0000 2026,1613119028779945985,환태,ruxexen,69,0,0,1,https://x.com/ruxexen/status/2044776684680081888,ko,False,2026-04-20 07:36:51,한국,
2044746258993344573,메이투,"사진에 은은한 Glow 더하기☘︎
#메이투 #몽글 #필터 https://t.co/0Q47FaRYLb",Thu Apr 16 11:54:32 +0000 2026,998523884423995400,Meitu 메이투 (official),meitu_kr,103,0,0,0,https://x.com/meitu_kr/status/2044746258993344573,ko,False,2026-04-20 07:36:51,한국,https://pbs.twimg.com/media/HGBl4fTbIAAVQIq.jpg
2044723094116536826,메이투,"@o_to6li 틱톡으로찍는게 화질이 넘 구려용 😭😭
이번에는 메이투 사용해보려고 해요!",Thu Apr 16 10:22:29 +0000 2026,2038241789312659456,구희원,9woo9p,49,0,0,1,https://x.com/9woo9p/status/2044723094116536826,ko,False,2026-04-20 07:36:51,한국,
2044827100872659333,메이투,숙국공 메이투 눈빛효과 100% 넣은거 누구냐,Thu Apr 16 17:15:46 +0000 2026,1672875046623399936,우왕,gachiboja,109,0,0,0,https://x.com/gachiboja/status/2044827100872659333,ko,False,2026-04-20 07:36:51,한국,
2044755872107401238,메이투,나 이 사진 정말 사랑하는데 이 사진 올리면 모두가 메이투 스노우 ai사진이냐고 물어서 살짝 시무룩해짐 https://t.co/V5tDJTsIzV,Thu Apr 16 12:32:44 +0000 2026,1882680288863739904,코띵뭉(LEE),ddimuuu,146,1,0,0,https://x.com/ddimuuu/status/2044755872107401238,ko,False,2026-04-20 07:36:51,한국,https://pbs.twimg.com/media/HGBuoJMaQAAVUfi.jpg
1922634350824157415,meitu,@AON_picture Meitu 무료버전 사용해요! 유료는 기능이 많긴 한데 무료도 충분히 조아욤👍👍,Wed May 14 12:45:24 +0000 2025,1797138740521119744,설,seol00002,31,1,0,0,https://x.com/seol00002/status/1922634350824157415,ko,False,2026-04-20 07:36:35,한국,
1921215827539280093,meitu,@bbirotwit 시발 대채저 사진으류 뭔 광고를 넣는 거? meitu? 스노우?,Sat May 10 14:48:42 +0000 2025,1886766121908625409,오쥬,ojyu09,32,0,0,0,https://x.com/ojyu09/status/1921215827539280093,ko,False,2026-04-20 07:36:35,한국,
1943661697069179171,뷰티캠,"뷰티캠 -&gt; 필름 카메라 필터에서
retro / Cinestill800T / 250D / Grd 는
제발 꼭 써보시길..

윤슬처럼 빛이 강조되는 사진에는
Cinestill800T 써주면 뮤비재질이 되어버림

원본                                    필터 https://t.co/wDb22HxwZr",Fri Jul 11 13:20:34 +0000 2025,218095718,𝙃𝙔𝙀,sorry_ynotsorry,11003,60,8,0,https://x.com/sorry_ynotsorry/status/1943661697069179171,ko,False,2026-04-16 06:26:16,한국,https://pbs.twimg.com/media/GvlGAbHboAA8uaH.jpg
1942446689996128440,뷰티캠,"@offoffonoff @mung232 안녕하세요! 추천글 뜬 것 보고 너무 예뻐서 어플을 깔았는데 어플이 뷰티캠 맞나요? 또 말씀주신 ‘편집’ 버튼이 없는 것 같아서 한참 헤매다 염치불고하규 어디에 있을지, 어디로 들어가면 될지 여쭤봅니다..ㅜㅜ",Tue Jul 08 04:52:34 +0000 2025,1673302037432512513,민솔희,minsolhui42712,2196,0,0,1,https://x.com/minsolhui42712/status/1942446689996128440,ko,False,2026-04-16 06:26:16,한국,
1925191503636500825,뷰티캠,"@yomimxng 파루님 뽀용딸기우유어쩌고 필터 정보
뷰티플러스 N10 ㅊㅊ합니다
뷰티캠 아이폰 모드도 좋아요 (근데 이건 안 뽀용함)",Wed May 21 14:06:37 +0000 2025,1839310447876648961,파루 ぱる,OCHABAKU_PARU,201,0,0,1,https://x.com/OCHABAKU_PARU/status/1925191503636500825,ko,False,2026-04-16 06:26:16,한국,
1944064561826685303,뷰티캠,뷰티캠 후지플래쉬 진짜 신기하긴 해 https://t.co/Xwg5QzxluU,Sat Jul 12 16:01:25 +0000 2025,1873346518192922624,izzy,ddudubaby,1487,8,0,0,https://x.com/ddudubaby/status/1944064561826685303,ko,False,2026-04-16 06:26:16,한국,https://pbs.twimg.com/media/Gvq0aQeXMAEKRrK.jpg
1943970070704627911,뷰티캠,"#광고
나의 모든 일상을 여름의 한가운데로 뛰어들게 하는 필름 카메라 앱 찾음🍀

필카 종류도 많고 무엇보다 무료임

안드로이드야~ 그동안 섭섭 했지! 우리도 필카 쓰자구~📸  

🩷다들 뷰티캠 쓰세요🩷 https://t.co/ypEUHljuNc",Sat Jul 12 09:45:56 +0000 2025,1325867641416818689,머머,murrmur1,9090,12,2,1,https://x.com/murrmur1/status/1943970070704627911,ko,False,2026-04-16 06:26:16,한국,https://pbs.twimg.com/media/GvpeeWQXsAAn0lw.jpg
1940666756873572443,뷰티캠,@SKKM_NIKO 뷰티캠 깔아올게요~,Thu Jul 03 06:59:45 +0000 2025,1543566965540675584,아오이,Aoi__Umi22,69,0,0,0,https://x.com/Aoi__Umi22/status/1940666756873572443,ko,False,2026-04-16 06:26:16,한국,
1932875574521049104,뷰티캠,뷰티캠!! 이것만 1년 플랜으로 걍 유료결제해서 써요.. 요걸로 찍고 전 필터 쓰는건 안좋아해서 색보정은 그냥 아이폰 기본앱에서 해요 https://t.co/x4xPe6S30v,Wed Jun 11 19:00:22 +0000 2025,1549384594038095874,Mio,MiochannnV,1110,0,0,0,https://x.com/MiochannnV/status/1932875574521049104,ko,False,2026-04-16 06:26:16,한국,
1930185994504155527,뷰티캠,"@M1zuiroS2 웅!!! 셀카 찌글 때는 뷰티캠 쓰고 가공은 메이투!!!! 후후후 스티커도 메이투 써요,,, 듀듀듀 🥰",Wed Jun 04 08:52:56 +0000 2025,883540832510279680,소하 ❮NEKIRU❯,Nekiru_SOHA,299,1,0,1,https://x.com/Nekiru_SOHA/status/1930185994504155527,ko,False,2026-04-16 06:26:16,한국,
1940372434814918802,뷰티캠,@Aoi__Umi22 무대하다 플로어에있는 아오이짱 얼굴 보자마자 얼마나 방가웠는데에엥에🩵🩵 오랜만이야 잘지내서 다행이당ㅎㅎ중요한 행사에는 꼭 빠지지않고 응원하러 와줘서 곰아워😻😻(앞으로 샤메찍을때 뷰티캠 깔아오삼요ㅋㅋㅋㅋㅋㅋㅋ) 담에 또 만낭🫶🏻🫶🏻,Wed Jul 02 11:30:13 +0000 2025,1734157394740207616,니코ニコ✈️☁️,SKKM_NIKO,90,1,0,1,https://x.com/SKKM_NIKO/status/1940372434814918802,ko,False,2026-04-16 06:26:16,한국,
1930996913035522253,뷰티캠,"일캠,유라이크,뷰티캠(아이폰모드) 중에서 그날그날 기분 따라 마음에 드는거 사용합니다...☺️ https://t.co/4TZsXwgDML",Fri Jun 06 14:35:14 +0000 2025,1446367802856591367,톰뜬,tom_ttuiiiii0_0,641,7,0,0,https://x.com/tom_ttuiiiii0_0/status/1930996913035522253,ko,False,2026-04-16 06:26:16,한국,
2044411771411415156,메이투,보정을 할 거면 좀 정성들여서 해주면 안 될까 메이투 필터 대충 씌우지 말고ㅠㅠ https://t.co/Jnwg0uvgeS,Wed Apr 15 13:45:24 +0000 2026,2019351433087483904,버서,beoseo_,28,0,0,0,https://x.com/beoseo_/status/2044411771411415156,ko,False,2026-04-16 06:25:59,한국,https://pbs.twimg.com/media/HF81jvaaMAAZuU7.jpg
2043292203498488034,메이투,@kunikosukii 메이투 만세~~~~,Sun Apr 12 11:36:38 +0000 2026,1755990147957743616,이캬,ikya0523,63,0,0,1,https://x.com/ikya0523/status/2043292203498488034,ko,False,2026-04-16 06:25:59,한국,
2042625881081024958,메이투,아이폰 기본 카메라에 메이투+이비스 씁니다! https://t.co/ASZnuahvg8,Fri Apr 10 15:28:54 +0000 2026,1987107185168613376,솔하,solhaeum,215,3,0,0,https://x.com/solhaeum/status/2042625881081024958,ko,False,2026-04-16 06:25:59,한국,
2043285744643694849,메이투,"뻥안치고 개 실물
이 사진에서 메이투 유료보정 드간거같음
눈:커질게
코:오똑해질게
입:커질게
얼굴형:깎을게
피부:광낼게 https://t.co/1F6DxsyDMl",Sun Apr 12 11:10:58 +0000 2026,2036626610594660352,부구,bugudogdog,257,3,0,0,https://x.com/bugudogdog/status/2043285744643694849,ko,False,2026-04-16 06:25:59,한국,https://pbs.twimg.com/media/HFs1jdLa0AAhBU7.jpg
2044397292170694666,메이투,사진은 파운데이션 장군이 아니라 메이투 장군같은데 https://t.co/aYzPdk1G0n,Wed Apr 15 12:47:52 +0000 2026,1548017876291833862,...,crylog33,44,0,0,0,https://x.com/crylog33/status/2044397292170694666,ko,False,2026-04-16 06:25:59,한국,https://pbs.twimg.com/media/HF8ogEtaAAAGBCe.jpg
2044273215720305090,메이투,"전화 메이투 가지고 싶다
아무 때나 전화 걸어도 되는 그런",Wed Apr 15 04:34:50 +0000 2026,1863577297900670976,뇸,sya8_,708,24,0,0,https://x.com/sya8_/status/2044273215720305090,ko,False,2026-04-16 06:25:59,한국,
2043180498353283206,메이투,메이투 분철 구합니다. 껴주세요 ㅜㅜ,Sun Apr 12 04:12:45 +0000 2026,2043179766292029440,meoln,meoln3h0s,288,0,0,1,https://x.com/meoln3h0s/status/2043180498353283206,ko,False,2026-04-16 06:25:59,한국,
2042576834366472293,메이투,"메이투 메이튜 분철 쉐어
2인 구해용
1년 인당 16000원

디엠주세여! https://t.co/dX4IaizEs1",Fri Apr 10 12:14:01 +0000 2026,1956189703637753861,tuo,kshwviz_,403,0,0,1,https://x.com/kshwviz_/status/2042576834366472293,ko,False,2026-04-16 06:25:59,한국,https://pbs.twimg.com/media/HFiwzgNakAcMO9L.jpg
2042963628782235773,메이투,@gang_GGang_ 메이투 없으셔도 이쁘시잖아오(수코오시나요),Sat Apr 11 13:51:00 +0000 2026,1943234687344029696,Blizzard(5수코양일-5플엑양일),Blizzard_123456,46,0,0,1,https://x.com/Blizzard_123456/status/2042963628782235773,ko,False,2026-04-16 06:25:59,한국,
2043229231212380436,메이투,"메이투 노출 100이면
아이폰 7?6? 살 필요 없다. https://t.co/dVtrx01KOp",Sun Apr 12 07:26:24 +0000 2026,2016376683180564481,큐베,qbebeS2,2800,36,6,10,https://x.com/qbebeS2/status/2043229231212380436,ko,False,2026-04-16 06:25:59,한국,https://pbs.twimg.com/media/HFsCJwlbcAAsGB4.jpg
2043318009855709202,메이투,"청춘
그치만 노출낮추기와 필름화 그레인 효과와 빛은 메이투 ai 노을효과로 만들어진 인공청춘 https://t.co/Cr2mRUYqPo",Sun Apr 12 13:19:11 +0000 2026,1245046243643895808,곽모리,Kuakmori,293,0,0,0,https://x.com/Kuakmori/status/2043318009855709202,ko,False,2026-04-16 06:25:59,한국,https://pbs.twimg.com/media/HFtS5bWawAAIgva.jpg
2043273703384125498,메이투,메이투 프리미엄이란 정말 야르한거구나.......,Sun Apr 12 10:23:07 +0000 2026,1826982340918489088,❥구피,izell0814,129,3,0,1,https://x.com/izell0814/status/2043273703384125498,ko,False,2026-04-16 06:25:59,한국,
2043323370872418325,메이투,"이거 안 올린건데.. 아스트라 사진 중에
이게 진짜 맘에 들어여 근데 내가 아닌거 같은..
역시 메이투.. 그나마 인간으로 만들어줫어... https://t.co/SBFyL3qNx5",Sun Apr 12 13:40:29 +0000 2026,1575701364620918784,ㅌㅊㅅ루코⌯' ▾ '⌯(플엑 일),teleu171,699,69,2,2,https://x.com/teleu171/status/2043323370872418325,ko,False,2026-04-16 06:25:59,한국,https://pbs.twimg.com/media/HFtXxwMbgAElP8I.jpg
2044396435530272837,메이투,"@k_umo4 헉 그냥 스노우 ai 필터 돌렸어용!! 소다, 메이투, 등등 보정 앱에 ai 필터 많을 거예요///",Wed Apr 15 12:44:27 +0000 2026,1960272785164603392,정신병자성애자,Zako_I1,34,2,0,1,https://x.com/Zako_I1/status/2044396435530272837,ko,False,2026-04-16 06:25:59,한국,
2043204803220943187,메이투,"@will_u_42 한진이는 좋겠다 메이투 세시간씩 안돌려도 되서 ,,,,,, 🥹🥹🥹",Sun Apr 12 05:49:20 +0000 2026,2037942380268048384,마요!,mayoeyoO,64,0,0,1,https://x.com/mayoeyoO/status/2043204803220943187,ko,False,2026-04-16 06:25:59,한국,
2043206065467339114,메이투,@mayoeyoO 저는 메이투 없으면 죽음……..,Sun Apr 12 05:54:21 +0000 2026,2018334070410006528,딕,will_u_42,55,0,0,1,https://x.com/will_u_42/status/2043206065467339114,ko,False,2026-04-16 06:25:59,한국,
2043735725963870254,메이투,"메이튜 메이투 vip 분철 공유 쉐어 셰어 팟
저포함 3인팟 2명 구해요!! 
1년 인당 1.6
Ai 사용불가
사진 영상 보정용으로 사용하실분만!!
https://t.co/yuNT9lK6N8",Mon Apr 13 16:59:02 +0000 2026,1593241826529800192,거래,geolae41234,254,0,0,1,https://x.com/geolae41234/status/2043735725963870254,ko,False,2026-04-16 06:25:59,한국,
2043282911487815956,메이투,"@shu_b2rry 라고 초미녀가 말했다…💕
메이투 진짜 좋네요 후후",Sun Apr 12 10:59:43 +0000 2026,1994127224530989056,𝓂𝓎𝓊 ⊹ ⋆ﾟ˚₊‧꒰ა ♡ ໒꒱ ‧₊˚ ⋆ﾟ⊹,vn0dl,55,0,0,0,https://x.com/vn0dl/status/2043282911487815956,ko,False,2026-04-16 06:25:59,한국,
2043521233359347799,메이투,"한진이가 너무 좋다.. 메이투 세시간 돌린 얼굴이라서,, 천사아기고양이라서 ,,, 대먹짱이지만 슬렌더여서,,근데 근육빵빵 조신고양이라서 ,, 하지만 콘서트를 진정으로 즐길줄 아는 한진이가 챔피언 .. 
한진이를 사랑할수밖에없다 . 한진이를 ,, https://t.co/5I9P8VXNiB",Mon Apr 13 02:46:43 +0000 2026,2037942380268048384,마요!,mayoeyoO,131,3,0,0,https://x.com/mayoeyoO/status/2043521233359347799,ko,False,2026-04-16 06:25:59,한국,https://pbs.twimg.com/media/HFwLub3bgAEAQ7_.jpg
2044417330923631088,메이투,@hirei06 메이투 많이 사용하시더라구요!! 혹시 기계치도 적응할 수 있을정도로 쉬울까요🥹🥹,Wed Apr 15 14:07:29 +0000 2026,2038118521172086784,오토,o_to6li,11,0,0,1,https://x.com/o_to6li/status/2044417330923631088,ko,False,2026-04-16 06:25:59,한국,
2043359170645373321,메이투,으와... 메이투 끝내주게 가공해주는구만,Sun Apr 12 16:02:44 +0000 2026,1438401049300135938,키위 🎗,OrangeKiwi1212,114,4,0,0,https://x.com/OrangeKiwi1212/status/2043359170645373321,ko,False,2026-04-16 06:25:59,한국,
2043532858493640933,메이투,메이투 분철하싷분 *.^ 연락주소,Mon Apr 13 03:32:55 +0000 2026,1873301958981009408,mayo,mayochannoharu,636,0,0,0,https://x.com/mayochannoharu/status/2043532858493640933,ko,False,2026-04-16 06:25:59,한국,
2044031015338029211,메이투,@Greatesstar_cos 저두 메이투 연간으로 이용중,Tue Apr 14 12:32:24 +0000 2026,1518558585143250944,아해,Cos_DongJa,47,0,0,1,https://x.com/Cos_DongJa/status/2044031015338029211,ko,False,2026-04-16 06:25:59,한국,
2044119182686785745,메이투,@o_to6li 저는 메이투 써요!,Tue Apr 14 18:22:45 +0000 2026,1984309504205602817,히레이 HIREI,hirei06,59,0,0,1,https://x.com/hirei06/status/2044119182686785745,ko,False,2026-04-16 06:25:59,한국,
2043271255877689464,메이투,@neonriontism 저는 밥대신 메이투,Sun Apr 12 10:13:24 +0000 2026,1915669267120586752,누끄,nuuqqq,62,0,0,1,https://x.com/nuuqqq/status/2043271255877689464,ko,False,2026-04-16 06:25:59,한국,
2043488672037888190,메이투,@miKanpei 아ㅋㅋ요즘 메이투 성형외과 다녀서 그래요ㅋㅋㄱ,Mon Apr 13 00:37:20 +0000 2026,1528210291946704896,🥔감자🥔,gamzagam_cos,36,0,0,1,https://x.com/gamzagam_cos/status/2043488672037888190,ko,False,2026-04-16 06:25:59,한국,
2043863197850222997,메이투,메이투 결제하세요,Tue Apr 14 01:25:34 +0000 2026,2010384269915676672,우주,uju7027,403,1,0,0,https://x.com/uju7027/status/2043863197850222997,ko,False,2026-04-16 06:25:59,한국,
2044044941752783301,메이투,"@nino_6363 나눈 틱톡 / 스노우 -&gt; 메이투,  이비스 써용",Tue Apr 14 13:27:45 +0000 2026,1966880035177893888,"이요(5수코 이후 계정이동, 메인트 확인)",iyo000_1,98,1,0,1,https://x.com/iyo000_1/status/2044044941752783301,ko,False,2026-04-16 06:25:59,한국,
2042895693443141688,메이투,스노우 메이투 짱깨갬성 눈깔필터 역겨워하는편,Sat Apr 11 09:21:03 +0000 2026,1990287963008520192,돈마니반메훔,stone0tak,720,1,0,0,https://x.com/stone0tak/status/2042895693443141688,ko,False,2026-04-16 06:25:59,한국,
2043582811723239586,메이투,@EMM_U0 저는 메이투 쓰고 있어요!,Mon Apr 13 06:51:24 +0000 2026,2000429473590837248,⋆리리⋆,lililili_chan00,140,0,0,0,https://x.com/lililili_chan00/status/2043582811723239586,ko,False,2026-04-16 06:25:59,한국,
2043284833095553437,메이투,@ta1k1ngt0myse1f 메이투 벚꽃 엔딩이라는 ai필터에요! 저는 메이투 구독해서 다 되는데 무료버전에선 가능한지 잘 모르겠네용... https://t.co/h2XbyDUse8,Sun Apr 12 11:07:21 +0000 2026,1762121023959539712,즈닝,jeu_cosxx,358,0,0,1,https://x.com/jeu_cosxx/status/2043284833095553437,ko,False,2026-04-16 06:25:59,한국,https://pbs.twimg.com/media/HFs0umtaIAA7CQl.jpg
2042936212680511651,메이투,"소다 버리고 메이투 깔아봤는데
뭔 아이폰 기종 별 카메라가 다 있어서
신기했음...그리고 소다보다 훨씬 낫다 ...",Sat Apr 11 12:02:03 +0000 2026,2019764136562028544,와와,tele_happiness,88,0,0,0,https://x.com/tele_happiness/status/2042936212680511651,ko,False,2026-04-16 06:25:59,한국,
2042904141916434788,메이투,"떵미니 이때 무슨 메이투 보정 100 해논거 같이 생겻네..
왜케 이쁌., https://t.co/udnCXiHgfB",Sat Apr 11 09:54:37 +0000 2026,1998458576269094912,병이,BhcwKgZ4DV29358,165,6,0,0,https://x.com/BhcwKgZ4DV29358/status/2042904141916434788,ko,False,2026-04-16 06:25:59,한국,
2043557787716968681,메이투,메이투 못생긴거 보면 토하나봄;; 내 사진 넣고 돌렸더니 모르는 사람 나옴... 고맙다 에이아이야,Mon Apr 13 05:11:58 +0000 2026,1763924900333707264,밀호,milho_milkaru,64,1,0,0,https://x.com/milho_milkaru/status/2043557787716968681,ko,False,2026-04-16 06:25:59,한국,
2044425067103469800,메이투,"메이투 속 내 얼굴만 보다가 거울 보면 깜작.
놀람. https://t.co/8uqtJHy2TJ",Wed Apr 15 14:38:14 +0000 2026,1911463778681593856,뽀,ppomello,91,6,0,2,https://x.com/ppomello/status/2044425067103469800,ko,False,2026-04-16 06:25:59,한국,
2042655103027679394,메이투,메이투 전원 100만큼 해도 이렇게안생김진짜,Fri Apr 10 17:25:01 +0000 2026,1994044805471772672,정숙이,wantmore223,130,0,0,0,https://x.com/wantmore223/status/2042655103027679394,ko,False,2026-04-16 06:25:59,한국,
2044636507089338453,메이투,헉 안녕하세욤 전혀 안불편해요!! 메이투 클래식 카메라에 흰색이라는 필터랑 무슨 아기고양이...??라는 필터를 자주 쓰고 푸디도 가끔 써요! 감사해요🤍 https://t.co/y0o2TEeYhm,Thu Apr 16 04:38:25 +0000 2026,1462801258453114881,pip,piplupu44,334,6,0,0,https://x.com/piplupu44/status/2044636507089338453,ko,False,2026-04-16 06:25:59,한국,
2042578052488831446,메이투,@zxcnsr 피부보정만 메이투 30분의 간단한 시술이에요 :),Fri Apr 10 12:18:51 +0000 2026,1781921485285949440,시리,siridla,91,0,0,1,https://x.com/siridla/status/2042578052488831446,ko,False,2026-04-16 06:25:59,한국,
2042822062285426847,메이투,"아이폰 6s 16프로 
보통은 기카로 찍고 필터는 메이투 아이폰xs 필터 애용합니다 ,, https://t.co/rAazQCcSur",Sat Apr 11 04:28:28 +0000 2026,1385993493068148740,즈인,so_ills,1254,1,0,0,https://x.com/so_ills/status/2042822062285426847,ko,False,2026-04-16 06:25:59,한국,
2043881430573560296,메이투,메이투 왜 웹에서는 로그인 못하냐,Tue Apr 14 02:38:01 +0000 2026,2042064884628865024,능력주의자,nxvxvii,52,0,0,0,https://x.com/nxvxvii/status/2043881430573560296,ko,False,2026-04-16 06:25:59,한국,
2042989135686963300,메이투,@j0tti 아뇨.. 저건 완전한 보정의 기술..입니다 🥹 기초 후기 말고는 완전 메이투 사랑단이에오 😳💓,Sat Apr 11 15:32:21 +0000 2026,1800819410913067008,얀누,sosocoari,2194,2,0,0,https://x.com/sosocoari/status/2042989135686963300,ko,False,2026-04-16 06:25:59,한국,
2044656148918468828,메이투,"메이투 Meitu 1년 연간구독권 분철 팟 2인 구합니다
인원 모이면 결제할 예정입니다 
디엠 말고 옾챗 주세요

인당 1.5

https://t.co/WirTf4YXap",Thu Apr 16 05:56:28 +0000 2026,1482349677941260289,nwesrrt,dcvoiip,8,0,0,1,https://x.com/dcvoiip/status/2044656148918468828,ko,False,2026-04-16 06:25:59,한국,
2043306071922807180,메이투,와 진짜 단체 메이투 보정 100 얼굴 어떡함.. 이케맨그룹 https://t.co/1VfAzliSDr,Sun Apr 12 12:31:44 +0000 2026,1913606198575939584,김치찌개,2o04o405,153,1,0,1,https://x.com/2o04o405/status/2043306071922807180,ko,False,2026-04-16 06:25:59,한국,https://pbs.twimg.com/media/HFtICGLaoAAsdHf.jpg
2043341577930867100,메이투,인생을 스노우필터100 메이투 디폴트로 사는건 어떤느낌이지,Sun Apr 12 14:52:50 +0000 2026,1975868212438020096,못(이제닉변안함),newshoeshi,107,2,0,0,https://x.com/newshoeshi/status/2043341577930867100,ko,False,2026-04-16 06:25:59,한국,
2043488979585261997,메이투,@gamzagam_cos 제가 현실에서 본 감자님이 메이투였다고요? 내 눈에 메이투 보정기능 껴있는건가,Mon Apr 13 00:38:33 +0000 2026,1931298749017669632,귤🏐🍥ミカン,miKanpei,37,0,0,1,https://x.com/miKanpei/status/2043488979585261997,ko,False,2026-04-16 06:25:59,한국,
2044051369091576203,메이투,메이투 개굿,Tue Apr 14 13:53:17 +0000 2026,1862919600985493504,온라인성병제조기,0N_bye,44,2,0,0,https://x.com/0N_bye/status/2044051369091576203,ko,False,2026-04-16 06:25:59,한국,
2044379542513729615,메이투,메이투 보정 모든항목 100때린 얼굴 https://t.co/z7bfjJrNQk,Wed Apr 15 11:37:20 +0000 2026,1840745242259247104,김,2cats_lover,138,0,0,0,https://x.com/2cats_lover/status/2044379542513729615,ko,False,2026-04-16 06:25:59,한국,https://pbs.twimg.com/media/HF8YWtrbAAA-jRe.jpg
1918737413272219887,meitu,저거 보자 마자 당장 meitu 들어가서 팔자주름 없애고 싶은데,Sat May 03 18:40:22 +0000 2025,1886766121908625409,오쥬,ojyu09,960,3,0,0,https://x.com/ojyu09/status/1918737413272219887,ko,False,2026-04-16 06:25:45,한국,
1921006292178440661,meitu,"사진 찍는거랑 보정 전부 meitu, 포토샵 쓰고 있습니다!☺️☺️ https://t.co/uE9KszXqoz",Sat May 10 00:56:05 +0000 2025,1545055369336000513,라이🫧,cos_Rai_,165,0,0,0,https://x.com/cos_Rai_/status/1921006292178440661,ko,False,2026-04-16 06:25:45,한국,
2042565644957495399,메이투,@tamatama_0999 누님!!!!!!!!! 진짜 언니만 보면 누님이라고 바로 외치게 됌 진짜 타에가 너무 찰떡이엿슨 근데 그 메이투 그거 많이 웃겻음 아ㅋㅋㅋㅋㅋㅋㅋ 파티룸에서 날 영원히 귀여워해줬는데 너무 기분이 조앗고 그래서 미친듯이 날뛰엇던거가틈 그리고 키르아!! ㅈㅉ 잘 어울렷음 안 어울리는,Fri Apr 10 11:29:33 +0000 2026,2006386029977374720,무언가의 무언가,angyeong4377,101,1,0,1,https://x.com/angyeong4377/status/2042565644957495399,ko,False,2026-04-16 00:05:41,한국,
2044365466278428746,메이투,"메이투 메이튜 분철 쉐어
2인 구합니다
1년 인당 10666원

내년 4월 7일까지입니다 디엠이나 카톡주세요ㅜ https://t.co/mCx3U0gXEv",Wed Apr 15 10:41:24 +0000 2026,2040620905353838592,Kimgyuvin,mmjmimimi,55,0,0,1,https://x.com/mmjmimimi/status/2044365466278428746,ko,False,2026-04-16 00:05:41,한국,https://pbs.twimg.com/media/HF8LjjaaEAA7hOO.jpg
2042566012596556175,메이투,갤털 하다가 전에 바라 메이투 돌린거 발견 https://t.co/STVW0owPsP,Fri Apr 10 11:31:01 +0000 2026,1980876916682027008,소바,08_soba,749,29,6,0,https://x.com/08_soba/status/2042566012596556175,ko,False,2026-04-16 00:05:41,한국,https://pbs.twimg.com/media/HFim9uRbUAAGwUg.jpg
2042527545808294385,메이투,"메이투 분철함 1년 2명 구함
인당 11000원만 받음 
이유는 7일날 시작해서ㅋ
아무나 디엠 주셈",Fri Apr 10 08:58:09 +0000 2026,1910618166176382976,아다둥이 얼터,4wydt9,471,1,1,0,https://x.com/4wydt9/status/2042527545808294385,ko,False,2026-04-16 00:05:41,한국,
1969810839831224459,meitu,@newB_AZnable Meitu 설치하고 들어가시면 바로 나옵니당! 😃,Sun Sep 21 17:07:56 +0000 2025,1931031598750945281,휴일,HYL_1234,49,0,0,1,https://x.com/HYL_1234/status/1969810839831224459,ko,False,2026-04-16 00:05:26,한국,
1969716582440952041,meitu,"#meitu #ai 
다들 하셔서 해봤는뎅..
역시 이상해요(/´△`＼) https://t.co/MIMp9DVnTI",Sun Sep 21 10:53:23 +0000 2025,1889985266632536064,듀(핫주스)🧃,ER_Dew_x,2715,79,9,5,https://x.com/ER_Dew_x/status/1969716582440952041,ko,False,2026-04-16 00:05:26,한국,https://pbs.twimg.com/media/G1XWywwaYAAPsr8.jpg
1969763771729203581,meitu,@ztmtkdsi Meitu 받지않습니다,Sun Sep 21 14:00:54 +0000 2025,1558833501461688320,밤이..,koolyutype,84,0,0,1,https://x.com/koolyutype/status/1969763771729203581,ko,False,2026-04-16 00:05:26,한국,
1972820434543665554,meitu,@dear__soon 헉 진짜요...? 봐줄만 했다면 다행 🥹 Meitu &lt; 이거 써요 전 잘 모르겠는데 친구가 화질 저하 좀 있는 것 같다고 그래서 트위터에 짧게 올릴 때만 사용해요!!,Tue Sep 30 00:26:59 +0000 2025,993889073990328321,순금이,soongoldE,150,0,0,1,https://x.com/soongoldE/status/1972820434543665554,ko,False,2026-04-16 00:05:26,한국,
1964133353835151484,meitu,"meitu ai 리얼 피규어

이 포스팅은 네이버 쇼핑 커넥트 활동의 일환으로, 판매 발생 시 수수료를 제공받습니다.
360도 카메라📷
https://t.co/l8gDCKl4po
스타킹
https://t.co/QN4RPizUEP
h라인 스커트
https://t.co/GdDYyEjNNa
👇 Private pic📸, chat 👇 
https://t.co/N9SHXHTFUH

#메이투 #AI #피규어 #AI피규어 #meitu",Sat Sep 06 01:07:38 +0000 2025,1673947834884964352,mimikyu,nninnikyu,4283,31,1,2,https://x.com/nninnikyu/status/1964133353835151484,ko,False,2026-04-16 00:05:26,한국,https://pbs.twimg.com/media/G0IA4FEbwAANWD8.jpg
1972506120527937557,meitu,@lola_e_hyun ㅋㅋㅋㅋㅋㅋㅋㅋㅋㅋㅋㅋㅋㅋ자갸 meitu 로해봐!!존잼💖,Mon Sep 29 03:38:01 +0000 2025,1407627555956412416,내디 🫶🏻,naedee5,74,1,0,1,https://x.com/naedee5/status/1972506120527937557,ko,False,2026-04-16 00:05:26,한국,
1964535052102258910,meitu,@Ahriadin meitu 무료인가요?ㅎㅎ,Sun Sep 07 03:43:50 +0000 2025,1689816197817368576,꼬작,Tiny__Dick__,125,0,0,0,https://x.com/Tiny__Dick__/status/1964535052102258910,ko,False,2026-04-16 00:05:26,한국,
1971947074192298461,meitu,문별이가 어플로 프롬 프사 만들 때 사용한 거 혹시 이건가?? meitu 어플에 있는데 저거 유료기능이라고ㅠ 개뿜 https://t.co/mEGbC3RlGG,Sat Sep 27 14:36:34 +0000 2025,1273313446755397632,퀄라🐥💫🏎,cola_1222,3513,13,3,1,https://x.com/cola_1222/status/1971947074192298461,ko,False,2026-04-16 00:05:26,한국,https://pbs.twimg.com/media/G13DaO1bYAAJkwD.jpg
1963261652746547307,meitu,"#희희_웃는_또율이의_솜들
음, 앞으로 Meitu 앱 쓰지 말까요? 윤각 왜 저리 찍히지; 핫쉬ㅠ 여기 필터 예쁜 게 많아서 좋았는데ㅜ https://t.co/8uOjeUeKc8",Wed Sep 03 15:23:48 +0000 2025,1609220291997347840,희또율,som_Heedoyul,56,0,0,0,https://x.com/som_Heedoyul/status/1963261652746547307,ko,False,2026-04-16 00:05:26,한국,https://pbs.twimg.com/media/Gz7oEW1bMAAm0vj.jpg
1969610566869402019,meitu,"사용자님의 최근 트윗(약 30개)을 바탕으로 유추해보았어요. 전체 데이터가 아니니 참고로 봐주세요!

1. 성별: 여성 (팬덤 표현과 이모지 사용 패턴으로 보임)
2. 연령: 20대 중반 (콘서트 참석, 친구 만남 등 젊은 라이프스타일)
3. 직업: 불확실, 학생이나 프리랜서 (직접 언급 없음)
4. 관심분야: K-pop, RIIZE (특히 콘서트, 멤버 사진/영상)
5. 좋아하는 연예인: 앤톤, 성찬 (이찬영), 오사키 쇼타로 등 RIIZE 멤버
6. 취미: 팬 편집 (Meitu 앱), 콘서트 참석, 팬 소통
7. 가장 많이 하는 말: ""진짜"", ""ㅋㅋㅋ"", 멤버 이름 (앤톤, 성찬)
8. 사상: 불확실, 팬덤 중심으로 중립적
9. 좋아하는 대화: RIIZE 팬 간 토크 (콘서트 후기, 사진 공유)
10. MBTI: ENFP (열정적이고 소셜한 포스팅 스타일)",Sun Sep 21 03:52:07 +0000 2025,1720665183188922368,Grok,grok,45,0,0,0,https://x.com/grok/status/1969610566869402019,ko,False,2026-04-16 00:05:26,한국,
1963851861338763464,meitu,"meitu ai 리얼피규어로 제작

이 포스팅은 네이버 쇼핑 커넥트 활동의 일환으로, 판매 발생 시 수수료를 제공받습니다.
360도 카메라📷
https://t.co/eVB8upS3Zr
스타킹
https://t.co/2LvZr8wgO8
h라인 스커트
https://t.co/4b16FE0v3E
👇 Private pic📸, chat 👇 
https://t.co/JliKTpYTTN https://t.co/CMaTZ5SaXH",Fri Sep 05 06:29:05 +0000 2025,1673947834884964352,mimikyu,nninnikyu,4279,48,2,1,https://x.com/nninnikyu/status/1963851861338763464,ko,False,2026-04-16 00:05:26,한국,https://pbs.twimg.com/media/G0EA3EPbUAAz6AN.jpg
1970392697799405815,meitu,@ant_hitguy Meitu     라는 사진앱을 깔아서 했습니다,Tue Sep 23 07:40:01 +0000 2025,1883790240898564096,아쟈아쟈(반동결),AzyaAzya0923,60,1,0,1,https://x.com/AzyaAzya0923/status/1970392697799405815,ko,False,2026-04-16 00:05:26,한국,
1969313413571416256,meitu,@_goodkids Meitu 햇서??,Sat Sep 20 08:11:20 +0000 2025,1901266378088402944,영,young_welldone,43,0,0,1,https://x.com/young_welldone/status/1969313413571416256,ko,False,2026-04-16 00:05:26,한국,
1970446151699616032,meitu,@lavi1075 메이투(meitu) 앱에서 해요! https://t.co/ykiS0xAnbe,Tue Sep 23 11:12:26 +0000 2025,1814716225668456449,아델,Adelle_0001,188,1,0,1,https://x.com/Adelle_0001/status/1970446151699616032,ko,False,2026-04-16 00:05:26,한국,https://pbs.twimg.com/media/G1huU-xbsAA1ACl.jpg
1970332352066003374,meitu,"@Kyoya_risan Meitu     라는 사진앱이 있는데
AI로 저런걸 해줍니다",Tue Sep 23 03:40:14 +0000 2025,1883790240898564096,아쟈아쟈(반동결),AzyaAzya0923,62,0,0,0,https://x.com/AzyaAzya0923/status/1970332352066003374,ko,False,2026-04-16 00:05:26,한국,
1963223077657182654,meitu,"#희희_웃는_또율이의_솜들
아; ㅁㅊ; 네 장 다 얼굴에 무슨 가부키 화장 해놨잖아?; 미친 거 아니냐; Meitu 어플 미친 거 아니냐고; 일 안 해?! https://t.co/UValX5zrYk",Wed Sep 03 12:50:31 +0000 2025,1609220291997347840,희또율,som_Heedoyul,71,1,0,0,https://x.com/som_Heedoyul/status/1963223077657182654,ko,False,2026-04-16 00:05:26,한국,https://pbs.twimg.com/media/Gz7E-9hasAAUMIk.jpg
1970470538800964096,meitu,@fatherandes Meitu     라는 사진앱을 깔아서 했습니다,Tue Sep 23 12:49:20 +0000 2025,1883790240898564096,아쟈아쟈(반동결),AzyaAzya0923,16,0,0,0,https://x.com/AzyaAzya0923/status/1970470538800964096,ko,False,2026-04-16 00:05:26,한국,
1969600677442642374,meitu,Meitu AI 이미지입니다...,Sun Sep 21 03:12:49 +0000 2025,1576105661452414976,𝐘𝐞𝐨𝐫𝐞𝐮𝐦🌿夏,july_reum,108,0,0,0,https://x.com/july_reum/status/1969600677442642374,ko,False,2026-04-16 00:05:26,한국,
1922291588639719752,뷰티캠,@L1_hyun 헐..뷰티캠 은근 좋군여…,Tue May 13 14:03:23 +0000 2025,1741641302150914048,담향,Dam_hyeng,62,0,0,0,https://x.com/Dam_hyeng/status/1922291588639719752,ko,False,2026-04-13 07:32:54,한국,
1923370090843570231,뷰티캠,아이폰15에 뷰티캠(어플)써용!!! https://t.co/sXapntzdEN,Fri May 16 13:28:58 +0000 2025,1549384594038095874,Mio,MiochannnV,954,1,0,0,https://x.com/MiochannnV/status/1923370090843570231,ko,False,2026-04-13 07:32:54,한국,
2042248253304115303,메이투,@wingdii 메이투,Thu Apr 09 14:28:21 +0000 2026,1988016739146493953,뭉구,Cloud_clouddddd,52,1,0,0,https://x.com/Cloud_clouddddd/status/2042248253304115303,ko,False,2026-04-13 07:32:37,한국,
2042102771344929155,메이투,"메이투 이거 신기하넹
똑똑하다!!! https://t.co/40CMNEBqq3",Thu Apr 09 04:50:15 +0000 2026,1924365288000360448,DAS12,DAS_12_cos,485,35,1,0,https://x.com/DAS_12_cos/status/2042102771344929155,ko,False,2026-04-13 07:32:37,한국,https://pbs.twimg.com/media/HFcBpgDa8AAvMqk.jpg
2042441940994834851,메이투,@COS_Blue4 메이투 짱비싸…,Fri Apr 10 03:18:00 +0000 2026,1970521962305970176,시온 / S1yon,S1yon_cos0,68,1,0,1,https://x.com/S1yon_cos0/status/2042441940994834851,ko,False,2026-04-13 07:32:37,한국,
2042241507114336541,메이투,헉 나중에 플랜꼭 잡아요🥺 제 메이투 벚꽃 사진 좋아해주셔서 감사하고 더 친해져요!! 교류 많이 할게요☺️,Thu Apr 09 14:01:32 +0000 2026,1960632106180337665,효 | 5수코 토,H_yo1_x,282,5,0,1,https://x.com/H_yo1_x/status/2042241507114336541,ko,False,2026-04-13 07:32:37,한국,
2042187513767584003,메이투,메이투 렌즈 생각보다 티 안나고 예뿌당 https://t.co/GzycL0WMnL,Thu Apr 09 10:26:59 +0000 2026,1796233104342007808,DAN,ryusillkeey,5211,209,1,2,https://x.com/ryusillkeey/status/2042187513767584003,ko,False,2026-04-13 07:32:37,한국,https://pbs.twimg.com/media/HFdOtQnaMAAAqKW.jpg
2042053219887804454,메이투,"메이투 분철 공유 공구 4/8 결제완
안드로이드유저  ~27년 4월 7일까지 사용
마지막 1명 더 구합니다
저포함 총3명 사용이고 인당 12700원입니다
오카방 
https://t.co/UmipCgy1jw",Thu Apr 09 01:33:21 +0000 2026,1802654122354880512,거래계,ramgee0324,202,0,0,1,https://x.com/ramgee0324/status/2042053219887804454,ko,False,2026-04-13 07:32:37,한국,
2042228135920640043,메이투,@TSFR_QE 메이투 라는 어플 사용햇고 이거 유료 구독해야 하깅 하는데 솔직히 너무 유용한 어플이라 구독하는맛납니다진짜 예르라고 함.. https://t.co/Y83Wu1BbjW,Thu Apr 09 13:08:25 +0000 2026,1841439232285687808,이키 ⟨ AISYU ⟩,AISYU_iki,112,2,0,1,https://x.com/AISYU_iki/status/2042228135920640043,ko,False,2026-04-13 07:32:37,한국,https://pbs.twimg.com/media/HFdzqJybwAAbSNX.jpg
2042466256666968535,메이투,@Stormtr14020825 으헤에 메이투 보정이다와요,Fri Apr 10 04:54:37 +0000 2026,2429798684,아스테 (키보클라),aste_0w0,49,1,0,0,https://x.com/aste_0w0/status/2042466256666968535,ko,False,2026-04-13 07:32:37,한국,
2042450726090391695,메이투,@landau2122 보정을 맡아주신 메이투 앱에 감사를!!,Fri Apr 10 03:52:54 +0000 2026,2429798684,아스테 (키보클라),aste_0w0,67,1,0,0,https://x.com/aste_0w0/status/2042450726090391695,ko,False,2026-04-13 07:32:37,한국,
2042227953363488984,메이투,"저랑 그 메이투 ai 같이 해주실 쌈랑 구합니다
저도 누군가와 커플로 해보고 싶어요
맨날 혼자 놀고 있는..",Thu Apr 09 13:07:41 +0000 2026,1969693701858381824,류선,ryusun507,745,22,0,7,https://x.com/ryusun507/status/2042227953363488984,ko,False,2026-04-13 07:32:37,한국,
2042226797396595183,메이투,"헌헌 죠죠 프세카 프리파라 블루록 보카로 좋아하시는 트친분!!! 너무 인싸시고 레제가 너무 잘 어울리시고,,, 다들 이 분의 메이투 벚꽃 사진을 꼭 보셔야 해요!!!!!! 위시 코스 올리신 거 봤는데 취향이 너무 잘 맞아서 놀랐어요// 하지만 교류가 조금 더 필요함을 느낀,,,!! 앞으로 더 친해져요🥺🤍",Thu Apr 09 13:03:05 +0000 2026,1999001138503495681,델핀,d1lphin_7,631,2,1,0,https://x.com/d1lphin_7/status/2042226797396595183,ko,False,2026-04-13 07:32:37,한국,
2042422704104685731,메이투,오랜만에 메이투 필터 돌려봤는데 사존 너무 이쁘게 나왔당&gt;&lt; https://t.co/V9qdMjEIhB,Fri Apr 10 02:01:33 +0000 2026,1418271516119027715,모아(4코페 양일 &5부코 양일),moabooing,1026,65,7,1,https://x.com/moabooing/status/2042422704104685731,ko,False,2026-04-13 07:32:37,한국,https://pbs.twimg.com/media/HFgkn_Da0AAQeAF.jpg
2042213308166746560,메이투,존나웃겨 씨히히힠 누가 황제 초상화를 메이투 돌리는데 시발 https://t.co/gAOLJbNXn4,Thu Apr 09 12:09:29 +0000 2026,1614750728316239872,지경이,boiledxxx,137,3,0,1,https://x.com/boiledxxx/status/2042213308166746560,ko,False,2026-04-13 07:32:37,한국,https://pbs.twimg.com/media/HFdmH3iaUAEHddg.jpg
2042523421834444806,메이투,"움직이는 스티커‧₊˚⋆˚☆˖°⋆
#메이투 https://t.co/yJi1tONPTq",Fri Apr 10 08:41:46 +0000 2026,998523884423995400,Meitu 메이투 (official),meitu_kr,78,0,0,0,https://x.com/meitu_kr/status/2042523421834444806,ko,False,2026-04-13 07:32:37,한국,
2042189220836708449,메이투,"@koli_u_ 보정 장수가 적고 고퀄을 원한다 &gt; 이보토
보정 장수가 많고 모바일로 보정함 &gt; 메이투
애초에 가격정책이 구독이랑 장당 돈 내는거라 아예 다름..",Thu Apr 09 10:33:46 +0000 2026,1712600184734326784,nasdaq,nasdaqis_god,83,0,0,1,https://x.com/nasdaqis_god/status/2042189220836708449,ko,False,2026-04-13 07:32:37,한국,
2042258000443031977,메이투,메이투 이거 재밌네요 https://t.co/jajvHfxyxl,Thu Apr 09 15:07:05 +0000 2026,1444947651363885057,김담비(코코페 26일),poiuyt12345_,236,20,0,1,https://x.com/poiuyt12345_/status/2042258000443031977,ko,False,2026-04-13 07:32:37,한국,https://pbs.twimg.com/media/HFeO05sbEAA6jH1.jpg
1953485634062217677,meitu,"감사합니다💖 
모자이크나 낙서 및 가공도 “meitu”라는 앱을 사용하고 있습니다~❣️ 다양한 모자이크 무늬와 펜 종류, 스탬프가 있어 매우 아기자기하게 가공할 수 있...
続き→https://t.co/OZF7vNQLRX",Thu Aug 07 15:57:23 +0000 2025,1175161605715218432,ネオポメ。,pomeiskawa,159,1,0,0,https://x.com/pomeiskawa/status/1953485634062217677,ko,False,2026-04-13 07:32:21,한국,
2041992059700298231,메이투,"@ 가을 부여잡기..메이투로 단풍놀이 다녀왔어요🍁

📍메이투 앱 → AI효과 → AI 아트 → 가을 낙엽 https://t.co/qvPv8A6bDu",Wed Apr 08 21:30:20 +0000 2026,2029859527160639488,어진희,ChloeBell717627,69,0,0,0,https://x.com/ChloeBell717627/status/2041992059700298231,ko,False,2026-04-13 00:05:05,한국,https://pbs.twimg.com/media/HFac6yTacAAimD5.jpg
2041860302783037836,메이투,@no_decoding 메이투: 이게무슨소리징,Wed Apr 08 12:46:46 +0000 2026,1786995832782540800,우이잉,uiing_89,46,0,0,0,https://x.com/uiing_89/status/2041860302783037836,ko,False,2026-04-13 00:05:05,한국,
2043372918495928798,메이투,메이투 분철하실분,Sun Apr 12 16:57:22 +0000 2026,1873301958981009408,mayo,mayochannoharu,129,0,0,0,https://x.com/mayochannoharu/status/2043372918495928798,ko,False,2026-04-13 00:05:05,한국,
2041827547865084199,메이투,@YOUEL_28 틱톡 보정이랑 스노우랑 메이투!,Wed Apr 08 10:36:37 +0000 2026,2020170890907152384,あんこ ◯̊｡∴,__AiNkoO,52,1,0,1,https://x.com/__AiNkoO/status/2041827547865084199,ko,False,2026-04-13 00:05:05,한국,
2041878759419342859,메이투,"@Ra1Ny_Ai 나도암... 보정을 틱톡, 메이투, 프리티업 3개 써서 그럼 ㅁㅊ것이지 이거",Wed Apr 08 14:00:07 +0000 2026,1862919600985493504,온라인성병제조기,0N_bye,79,1,0,1,https://x.com/0N_bye/status/2041878759419342859,ko,False,2026-04-13 00:05:05,한국,
2029754224700272808,뷰티캠,"#광고 @beautycam_kr

최신 폰으로 디카 플래시 샷 찍는 법... ❤️ 뷰티캠 AI GLOW Flash 기능을 사용한다!! 다른 앱들은 유료인 경우가 많았는데 뷰티캠에서는 무료로 사용해 볼 수 있어서 넘 좋았어요 칙칙하게 나와서 아쉬운 사진을 넣으면 예쁘게 재탄생한답니다 🪽

#뷰티캠 #AI글로우 #플래시 https://t.co/KJl5d7Vnn2",Fri Mar 06 03:01:32 +0000 2026,1339594484217081857,kiri,kiri_luv_kiti,2739,21,2,1,https://x.com/kiri_luv_kiti/status/2029754224700272808,ko,False,2026-04-09 06:09:58,한국,https://pbs.twimg.com/media/HCsitQjaUAAIm-q.jpg
2037314569308397903,뷰티캠,"[4K] 뷰티캠ㅣ 에이프릴 - LALALILALA l 4월이들의 4랑스러운 미모폭발 라이브ㅣ딩고뮤직ㅣDingo Music ㅣ 라라리라라 
#에이프릴 #윤채경 #김채원 #이나은 #양예나 #레이첼 #이진솔 #APRIL #Chaekyung #Chaewon #Naeun #Yena #Rachel #Jinsol 
https://t.co/GfLwliOt9N 출처 @YouTube",Thu Mar 26 23:43:39 +0000 2026,1120233314181246976,Falling in APRIL,april_falling,1533,20,6,0,https://x.com/april_falling/status/2037314569308397903,ko,False,2026-04-09 06:09:58,한국,
2030419258027434138,뷰티캠,"@gentle_savege 소다나 뷰티캠 다운받는다
유료결제 과감하게 한다
셀카모드로 해놓고 설정값 원하는대로 조정한다
끝!
한번해바염☺️",Sat Mar 07 23:04:09 +0000 2026,1987225406139998209,CD채윤,77_4y_,87,1,0,1,https://x.com/77_4y_/status/2030419258027434138,ko,False,2026-04-09 06:09:58,한국,
2029870426164449790,뷰티캠,"#광고  @BeautyCam_kr
어둡고 칙칙한 셀카에 플래시를 켜주심.....뷰티캠 감사합니다 땡큐...✨

#뷰티캠 #AI글로우 #플래시 https://t.co/zVeLuLoB2N",Fri Mar 06 10:43:17 +0000 2026,1501418597377187842,유영,uuuy0ung,3176,47,2,1,https://x.com/uuuy0ung/status/2029870426164449790,ko,False,2026-04-09 06:09:58,한국,https://pbs.twimg.com/media/HCuMZDSaUAUOqKx.jpg
2035625047042458038,뷰티캠,@Intern_myeongho 와 이거 뷰티캠없는 순수체급의얼굴이신가,Sun Mar 22 07:50:05 +0000 2026,1776118027257552896,HARIBO_2.5,haribo_stage,42,0,0,2,https://x.com/haribo_stage/status/2035625047042458038,ko,False,2026-04-09 06:09:58,한국,
2034522033821012371,뷰티캠,"피드에 잇는건 대부분 뷰티캠으로 찍고 갤러리, 메이투에서 색감보정 햇슨니다! https://t.co/0tUsH1h6U7",Thu Mar 19 06:47:07 +0000 2026,1849096619796684800,햄そ..,hamu2i_,477,1,0,0,https://x.com/hamu2i_/status/2034522033821012371,ko,False,2026-04-09 06:09:58,한국,
2029774720179261885,뷰티캠,"예쁜 꽃다발을 선물 받았으니 축하할 일도 만들어봐야겠다! #광고 *･💐·̩͙ *₊

뷰티캠 &gt; AI글로우 &gt; 플래시 효과로 은근하게 사진 퀄리티 올리기도 성공 …🤍 

#뷰티캠 #플래시 #AI글로우 @beautycam_kr https://t.co/ZjNoq7249I",Fri Mar 06 04:22:59 +0000 2026,922048721944166400,who,whoamyun,3033,15,1,1,https://x.com/whoamyun/status/2029774720179261885,ko,False,2026-04-09 06:09:58,한국,https://pbs.twimg.com/media/HCs1WPmaUAIebQj.jpg
2029485397647253664,뷰티캠,"#광고
요즘 사진은 마음에 드는데 너무 어두우면 뷰티캠 AI 플래시 보정 쓰는데 제법 디카 감성 나와서 마음에 듦.. ^__^
#뷰티캠 #AI글로우 #플래시 https://t.co/EGNENdsTc9",Thu Mar 05 09:13:19 +0000 2026,1563968937284743168,사,_444_com,6901,90,7,0,https://x.com/_444_com/status/2029485397647253664,ko,False,2026-04-09 06:09:58,한국,https://pbs.twimg.com/media/HCouNglaMAAzq_h.jpg
2034964273768882196,뷰티캠,"@
어두운 곳에서 필름 사진 감성 살리는 honey tip.. ꒰⑅ᵕ༚ᵕ꒱˖♡
뷰티캠의 AI 글로우 사용해보시렵니까..맘에 드는데 어둡거나 흐려서 못올렸던 스토리용 사진 다 꺼내와…!!! ⭐️⭐️⭐️⭐️⭐️ https://t.co/88GA57X4xi",Fri Mar 20 12:04:25 +0000 2026,2026691711469236231,어진희,ClaireAdam36221,40,0,0,0,https://x.com/ClaireAdam36221/status/2034964273768882196,ko,False,2026-04-09 06:09:58,한국,
2029450488836731139,뷰티캠,"#광고 @beautycam_kr 

요즘 유행인 고노출 셀카. . . 저는 이걸로 합니다 ^_^
올드 사과폰 없으신 분들 츄라이 💫

#뷰티캠 #AI글로우 #플래시 https://t.co/g4oRtSsbZV",Thu Mar 05 06:54:36 +0000 2026,1953494274143834112,란이,raninclouds,4203,63,5,0,https://x.com/raninclouds/status/2029450488836731139,ko,False,2026-04-09 06:09:58,한국,https://pbs.twimg.com/media/HCoOdPhbYAAOnUo.jpg
2029754683984945161,뷰티캠,"인물뿐만 아니라 사물도 뷰티캠 ai 플래쉬를 돌리면 좀 더 강조되어 보여서 사진 셀렉하고 항상 돌려 보는 것 같아요 🤍 

무료니까 부담없이 시도해 보세요... // https://t.co/SYBZqZfLUC",Fri Mar 06 03:03:22 +0000 2026,1339594484217081857,kiri,kiri_luv_kiti,1499,6,1,0,https://x.com/kiri_luv_kiti/status/2029754683984945161,ko,False,2026-04-09 06:09:58,한국,https://pbs.twimg.com/media/HCsjH8QakAAm7_V.jpg
2026561103350870344,뷰티캠,"뷰티캠 vip 쭈음
없이 못 살아",Wed Feb 25 07:33:13 +0000 2026,2001634138743541761,와상,wasang0518,124,0,0,0,https://x.com/wasang0518/status/2026561103350870344,ko,False,2026-04-09 06:09:58,한국,
2034876999911841863,뷰티캠,@Gonggle_Grrr 뷰티캠이라고 무료버전만 써도 충분합니다..뽀샵도 지대로구요 ㅎㅎㅎ,Fri Mar 20 06:17:37 +0000 2026,1860522850391842816,감자우유,Sunbi_Ong,17,1,0,1,https://x.com/Sunbi_Ong/status/2034876999911841863,ko,False,2026-04-09 06:09:58,한국,
2029482297511325872,뷰티캠,"#광고 

핸드폰으로 디카 플래쉬 효과 넣는법!
이 플래쉬 효과 쓰니까 사진이 확 살아남.. 

뷰티캠 다운로드&gt; 홈 &gt; 포토샵 &gt; 리터치 &gt; 글로우 &gt; 플래시
#뷰티캠 #AI글로우 #플래시 https://t.co/FjIiBQzwBz",Thu Mar 05 09:01:00 +0000 2026,1293853701673644032,Chae,decarchive_,342118,945,296,1,https://x.com/decarchive_/status/2029482297511325872,ko,False,2026-04-09 06:09:58,한국,https://pbs.twimg.com/media/HCorZBibMAA_ILd.jpg
2040772212341526957,메이투,메이투 ㄹㅈㄷ https://t.co/Ngxeby6VBR,Sun Apr 05 12:43:05 +0000 2026,2006305239818002432,야성,yaseong031,156,12,0,2,https://x.com/yaseong031/status/2040772212341526957,ko,False,2026-04-09 06:09:41,한국,https://pbs.twimg.com/media/HFJHgeqbQAA3AyZ.jpg
2040800020384149864,메이투,"보정앱 질문 들어와서 남겨요!
에픽, 메이투, 리렌즈, 이비스 요 4개 돌려씁니다..리렌즈 좋아요👍",Sun Apr 05 14:33:35 +0000 2026,1681932139879878656,오죠,ozo_cos,1440,12,0,1,https://x.com/ozo_cos/status/2040800020384149864,ko,False,2026-04-09 06:09:41,한국,
2041375181269237926,메이투,"메이투로 겨울 사포로 감성 완성..☃️

[ 메이투 앱 → AI효과 → AI 아트 →  눈 내리는 밤 ] https://t.co/5J0wFBhYwP",Tue Apr 07 04:39:04 +0000 2026,2026691711469236231,어진희,ClaireAdam36221,71,0,0,0,https://x.com/ClaireAdam36221/status/2041375181269237926,ko,False,2026-04-09 06:09:41,한국,https://pbs.twimg.com/media/HFRr3swboAAVCLc.jpg
2041195641792336000,메이투,뭐임 왤케 예쁨;;? 살아있는 메이투 보정의 남자야………. https://t.co/YoUhtk4yS0,Mon Apr 06 16:45:39 +0000 2026,1857883812006604801,귤랑이,shaminyong,367,13,6,0,https://x.com/shaminyong/status/2041195641792336000,ko,False,2026-04-09 06:09:41,한국,
2040763441833718122,메이투,@air_9002 메이투 화질 그거 돌려봐바ㅏ,Sun Apr 05 12:08:14 +0000 2026,1963252406126526464,뱍,dawn_0u,82,0,0,1,https://x.com/dawn_0u/status/2040763441833718122,ko,False,2026-04-09 06:09:41,한국,
2041697734663795046,메이투,"근데 지수님 왜 게시물 올리실 땐
뽀용필터 쓰시는거지 메이투 컨투어 100 상태인데 이건 ㅠ ㅠ 기엽 https://t.co/qeNicOWUs8",Wed Apr 08 02:00:47 +0000 2026,1687433544073920513,5,fivetmozero,248,4,0,0,https://x.com/fivetmozero/status/2041697734663795046,ko,False,2026-04-09 06:09:41,한국,https://pbs.twimg.com/media/HFWRRHtbYAAFwd5.jpg
2040811635145916761,메이투,친구가 메이투 유료로 결제한 얼굴이래…. 실물 맨날 헉 하고 놀랬는데 오늘은 진짜로 잊지못할 얼굴임 ……. 상처투성이 얼굴 했는데 누가 안조아하냐……,Sun Apr 05 15:19:44 +0000 2026,1558389653626949632,밍,kehugme,182,6,0,0,https://x.com/kehugme/status/2040811635145916761,ko,False,2026-04-09 06:09:41,한국,
2041512956857663658,메이투,나도 원래 이래서 찍고 다 지우거나 가리기 처리햇는데 메이투 쓰고나서는 그냥 놔두게 됨,Tue Apr 07 13:46:33 +0000 2026,1936148927566561285,칼든여자,allkillwoman,79,0,0,0,https://x.com/allkillwoman/status/2041512956857663658,ko,False,2026-04-09 06:09:41,한국,
2041125175287316795,메이투,"#광고

#메이투-&gt; 필터-&gt; 벚꽃 🌸-&gt; 매거진 적용 ♡

저는 60% 정도로 입혔는데 벚꽃의 분홍빛 색감이 확 살아 나서 너어무 조았어요••• https://t.co/Mc4rM6I6BH",Mon Apr 06 12:05:38 +0000 2026,1815269103072112641,슬기,bluepezrl,892,5,0,0,https://x.com/bluepezrl/status/2041125175287316795,ko,False,2026-04-09 06:09:41,한국,https://pbs.twimg.com/media/HFOIhptacAAYnJk.jpg
2040799515947745324,메이투,메이투 필터로도 안나오는 미인골격이 갑자기 무서운 락의악귀가 되어가능과정,Sun Apr 05 14:31:35 +0000 2026,1920633178219483136,먹음이,mukeumi,244,0,0,0,https://x.com/mukeumi/status/2040799515947745324,ko,False,2026-04-09 06:09:41,한국,
2041419860719378695,메이투,@ga_teaurrr 메이투 갤럭시시면 알리페이 결제하면 엄청싸요!,Tue Apr 07 07:36:37 +0000 2026,1230329299552501760,토끼,littlerabit9709,192,0,0,2,https://x.com/littlerabit9709/status/2041419860719378695,ko,False,2026-04-09 06:09:41,한국,
2041136046365438081,메이투,부럽다 나같걍 메이투 보정 100때려야 저정도 나옴,Mon Apr 06 12:48:50 +0000 2026,2013576975038939136,미애,miaaee31,131,1,0,0,https://x.com/miaaee31/status/2041136046365438081,ko,False,2026-04-09 06:09:41,한국,
2040885133818118463,메이투,누가 ㅇㅎㅇㅍ 메이투 돼지필터 해줬음 좋겠다,Sun Apr 05 20:11:48 +0000 2026,2019048075655041025,하루먄,youharuwoo,106,0,0,0,https://x.com/youharuwoo/status/2040885133818118463,ko,False,2026-04-09 06:09:41,한국,
2040825058890015183,메이투,"피씨방 의자여야되고 메이투 하트 선글라스 필터 아니면 페북 프사 자체필터로 양옆 사이드에 한자 박아놔야됨 글고 옷은 스톤아일랜드 로고팔뚝 에 처보이는 맨투맨 입고잇음 글고 직장에 18,560명이 팔로우함 달고잇음",Sun Apr 05 16:13:05 +0000 2026,2011852552565055489,ㅗ,o8395535718482,326,0,0,0,https://x.com/o8395535718482/status/2040825058890015183,ko,False,2026-04-09 06:09:41,한국,
2041478512503349307,메이투,난 이것마저도 메이투 돌리고 올릴 듯,Tue Apr 07 11:29:40 +0000 2026,1988094992729214976,깃쫄깃쫄,gahuahua_,46446,1020,111,1,https://x.com/gahuahua_/status/2041478512503349307,ko,False,2026-04-09 06:09:41,한국,
2041745966978752847,메이투,대부분 기카로 찍고 메이투로 보정합니다!! 투샷같은 경우에만 메이투 카메라로 찍어요~~ https://t.co/VgSImtUfhb,Wed Apr 08 05:12:26 +0000 2026,2007691223809814528,한비,hanb2_cos,119,0,0,0,https://x.com/hanb2_cos/status/2041745966978752847,ko,False,2026-04-09 06:09:41,한국,
2041514536436732127,메이투,"카메라는 저도 친구꺼 빌린거라 잘 모르구요!!
홈마가 아니기에 보정은 제 추구미대로 합니다아..
얼굴 보정 : 메이투
색감 보정 : 아이폰 기본 편집 기능

 https://t.co/sMr6tpPir8",Tue Apr 07 13:52:49 +0000 2026,1861942352321130496,박먼꼬,wing_ginggg,439,7,0,0,https://x.com/wing_ginggg/status/2041514536436732127,ko,False,2026-04-09 06:09:41,한국,
2041075616389443748,메이투,@dazaisexpt 헙 감사합니다🥹🥹 메이투+인스타 필터는 절 다른 사람으로 만들어주더라고요ㅎㅎㅎ,Mon Apr 06 08:48:42 +0000 2026,1829083732478947328,눙,n_uuuuung,46,1,0,0,https://x.com/n_uuuuung/status/2041075616389443748,ko,False,2026-04-09 06:09:41,한국,
2041139948183802276,메이투,메이투 유료 분철팟 구해용… 아이폰잊니다😭,Mon Apr 06 13:04:20 +0000 2026,1862127608496062464,거래,goraeae00,56,0,0,0,https://x.com/goraeae00/status/2041139948183802276,ko,False,2026-04-09 06:09:41,한국,
2040802507132371081,메이투,@beoungjuiinnee 제얼굴의출처는“메이투”입니다ㅎ.ㅎ,Sun Apr 05 14:43:28 +0000 2026,1947165280674947072,으앙이,1z4nti,58,0,0,1,https://x.com/1z4nti/status/2040802507132371081,ko,False,2026-04-09 06:09:41,한국,
2041097681205092853,메이투,@qing92800345 메이투 모자이크 기능에서 무료 써요 두번째..?,Mon Apr 06 10:16:23 +0000 2026,2021128584056930305,알로하쩡,iloveholic_x,77,0,0,1,https://x.com/iloveholic_x/status/2041097681205092853,ko,False,2026-04-09 06:09:41,한국,
2041800867360469107,메이투,"아니 이건악의적 보정을 했네 
메이투 중안부늘리기100한다음에
저장하고 다시100한다음에 공개하면 어떡해",Wed Apr 08 08:50:36 +0000 2026,1678366064797949952,장군,sevnz9,2509,11,1,0,https://x.com/sevnz9/status/2041800867360469107,ko,False,2026-04-09 06:09:41,한국,
2041031918385565962,메이투,메이투 플래시기능 씹사기네,Mon Apr 06 05:55:04 +0000 2026,1907706742370349058,산산,sanandsan0,48,0,0,0,https://x.com/sanandsan0/status/2041031918385565962,ko,False,2026-04-09 06:09:41,한국,
2041095357543948724,메이투,"@nannynpingping @meitu_kr @meitu_korea 너무 감성있어요!!!
벚꽃 필터는 역시 메이투!",Mon Apr 06 10:07:09 +0000 2026,1624422567825268736,김이루,kimiruiru,44,1,0,1,https://x.com/kimiruiru/status/2041095357543948724,ko,False,2026-04-09 06:09:41,한국,
2041809820819583140,메이투,@cutesommine 이럴수가... 이건 사실 제가 링님께 드리고 싶은 질문인걸요... 🥺✨️ 링님 솜사진 너무 아름다워요... 🫶🏻 저는 '메이투'라는 앱 하나로 전부 보정해서 비결이라고 할 게 없지만!! 메이투 앱 내의 필터 조정이나 펜 종류를 즐겨 사용하고 있어요 🥰❤️ 요즘은 손그림으로 꾸미는 연습 중이랍니다 😎,Wed Apr 08 09:26:10 +0000 2026,1925601707721175040,마루웅 🐬🍀,ciel_phant0m,81,1,0,1,https://x.com/ciel_phant0m/status/2041809820819583140,ko,False,2026-04-09 06:09:41,한국,
2041790365901177236,메이투,"아줌마
나이 때문에 노안 온거니까 메이투 ai보정 돌릴 시간에 병원을 가서 약을 처방 받으면 좋을텐데",Wed Apr 08 08:08:52 +0000 2026,1923196839421149184,🧴,X7VKXsupBM98671,764,0,0,0,https://x.com/X7VKXsupBM98671/status/2041790365901177236,ko,False,2026-04-09 06:09:41,한국,
2040798266896666671,메이투,"나도... 벚꽃촬 가고 싶었는데 흑흑...ㅜㅜㅜㅜㅜ 아쉬운대로 메이투 벚꽃촬,,ㅜㅋㅋㅋㅋㅋㅋ 내년에는 꼭 진짜 벚꽃촬 갈테야...🥹🥹🥹 https://t.co/4fwA6ujqMD",Sun Apr 05 14:26:37 +0000 2026,1805950344477978624,슈묘,choumyo,157,11,0,1,https://x.com/choumyo/status/2040798266896666671,ko,False,2026-04-09 06:09:41,한국,https://pbs.twimg.com/media/HFJfMlTawAE7mnI.jpg
2041170885890261402,메이투,"#광고

벚꽃은 직접 보면 진짜 예쁜데
사진으로 남기면 뭔가 밋밋하게 나오거나 색이 죽어 보일 때가 있찌요…? 
이럴땐 필터 살짝 해주면 훨씬 화사한 느낌으로 바꿀 수 있어서 요즘 막 찍고 느좋사진 건지는 중 ദ്ദി₍ᵔ- ̫-ᵔ₎

#메이투  - 사진 - 필터 - 벚꽃🌸- 매거진 https://t.co/hkf3ok0719",Mon Apr 06 15:07:16 +0000 2026,2009599837692669952,송,oxjmsh,2485,9,0,1,https://x.com/oxjmsh/status/2041170885890261402,ko,False,2026-04-09 06:09:41,한국,https://pbs.twimg.com/media/HFOyGTNb0AAfwPA.jpg
2041381293871813113,메이투,"@nagisa_0013 엥 메이투 보정으로 눈색바낌??와개신기
나 틀이라 몰랐서ㅇㅁㅇ",Tue Apr 07 05:03:22 +0000 2026,1815091186442653696,히코,hico_fxi,1499,1,0,1,https://x.com/hico_fxi/status/2041381293871813113,ko,False,2026-04-09 06:09:41,한국,
2041195402897334686,메이투,구라안까고 메이투 각각 +100씩 조진 얼굴인게 이게어케가능하냐고,Mon Apr 06 16:44:42 +0000 2026,2002467302831501314,Nuggle,snugglinging,227,1,0,0,https://x.com/snugglinging/status/2041195402897334686,ko,False,2026-04-09 06:09:41,한국,
2041062268776104225,메이투,@CNOSIA0 역시...메이투...,Mon Apr 06 07:55:40 +0000 2026,1147467846424727554,은향,eunhyangz,39,1,0,1,https://x.com/eunhyangz/status/2041062268776104225,ko,False,2026-04-09 06:09:41,한국,
2041480968498987049,메이투,이건 진짜 메이투 보정 100넣은거 같네 https://t.co/XINpWn6FcC,Tue Apr 07 11:39:26 +0000 2026,1296482183813591040,욘 레즈닉( •́ ̯•̀ )ෆ⃛,GyegongE,809,24,9,0,https://x.com/GyegongE/status/2041480968498987049,ko,False,2026-04-09 06:09:41,한국,https://pbs.twimg.com/media/HFTMFSSbcAIjsci.jpg
2041810425080377363,메이투,@ciel_phant0m 손그림이 대박이셔서 흨… 메이투.. 메이투 나도 잇는데… 마루웅님처럼 되지 못햏😭😭😭,Wed Apr 08 09:28:34 +0000 2026,1705469757745754112,slow ⋆𐙚₊˚링⊹ ᡣ𐭩,cutesommine,33,1,0,1,https://x.com/cutesommine/status/2041810425080377363,ko,False,2026-04-09 06:09:41,한국,
2041048725435679158,메이투,@abc_cc0102 메이투 완전 굳이에오👍👍👍,Mon Apr 06 07:01:51 +0000 2026,1147467846424727554,은향,eunhyangz,53,0,0,0,https://x.com/eunhyangz/status/2041048725435679158,ko,False,2026-04-09 06:09:41,한국,
2041060593294340121,메이투,미친 메이투 https://t.co/R0zB3sU4LS,Mon Apr 06 07:49:01 +0000 2026,1557946329250222080,여름,zxcwko,150,7,0,0,https://x.com/zxcwko/status/2041060593294340121,ko,False,2026-04-09 06:09:41,한국,https://pbs.twimg.com/media/HFNNydZboAAVUZu.jpg
2041150741294043513,메이투,"@xnvaw 안녕하세요~디엠남겨주셔서 정보알려드립니다^^
손장식: 7만원(타오바오 수주)
검: 3만원 (알리익스프레스)
얼굴: 월11000원(메이투)",Mon Apr 06 13:47:14 +0000 2026,774934284092059649,Cha Cha One,ChaChaOne_cos,333,0,0,0,https://x.com/ChaChaOne_cos/status/2041150741294043513,ko,False,2026-04-09 06:09:41,한국,
2041814625168322988,메이투,"생일 때 여틴이랑 사진 찍기로 햇는데 요즘 개만이 먹는 중
됏다 메이투 해줄게",Wed Apr 08 09:45:16 +0000 2026,1244124130409975808,끈,cutthat_,81,3,0,0,https://x.com/cutthat_/status/2041814625168322988,ko,False,2026-04-09 06:09:41,한국,
2041414712102154363,메이투,"#광고
⠀ 
꽃놀이 사진 보정은 메이투와 함께 .. 🌸

벚꽃 색감은 살리고,
전체 분위기는 더 화사하게 연출해주는
메이투 벚꽃 필터 추천드려요!

📸 #메이투 - 사진 - 필터 - 벚꽃🌸 - 매거진
⠀ https://t.co/grXBvBZt8f",Tue Apr 07 07:16:09 +0000 2026,1289544819933503488,petite,luzrosadafairy,3152,24,9,1,https://x.com/luzrosadafairy/status/2041414712102154363,ko,False,2026-04-09 06:09:41,한국,https://pbs.twimg.com/media/HFSP1cqa4AATTLh.jpg
2041066700419031264,메이투,근데 리고씨 왤케 대두임???그동안 메이투 ㅈㄴ쓴거엿음????실망;,Mon Apr 06 08:13:17 +0000 2026,745962099138932736,밥구,mypreciousplv,75,0,0,0,https://x.com/mypreciousplv/status/2041066700419031264,ko,False,2026-04-09 06:09:41,한국,
2041124841982664719,메이투,"#광고

드디어 벚꽃 만개... 🥹
디카 + #메이투 의 만남 이거 ㅈㅉ 조으네요... 🌸 https://t.co/uLZXKkesNC",Mon Apr 06 12:04:19 +0000 2026,1815269103072112641,슬기,bluepezrl,1298,14,1,0,https://x.com/bluepezrl/status/2041124841982664719,ko,False,2026-04-09 06:09:41,한국,https://pbs.twimg.com/media/HFOIN_5bAAA8q60.jpg
2041587197657412021,메이투,님들 화질복구사이트나 메이투(타어플포함)화질복구보다 제미나이에서화질복구하는게더좋다는거알고계신가요 제사진들이항상고화질인이유는그거임 제미나이에서화질복구하면 눈이개안되는느낌,Tue Apr 07 18:41:33 +0000 2026,1984250336018825216,피죽이,q52fk,167,4,0,0,https://x.com/q52fk/status/2041587197657412021,ko,False,2026-04-09 06:09:41,한국,
2040768275135832414,메이투,@kamyul_02 집코하고 메이투 벚꽃필터쓰죠,Sun Apr 05 12:27:27 +0000 2026,1419876930518622208,오반데,A_Ban_de,129,0,0,1,https://x.com/A_Ban_de/status/2040768275135832414,ko,False,2026-04-09 06:09:41,한국,
2035002489813233880,meitu,"@room7O8 @meitu_kr #핵꿀팁 #메모요
갈발하게되면꼭써먹을거요!💛💛",Fri Mar 20 14:36:16 +0000 2026,1488901917015097348,ittybittykitty,sukinyade,350,1,0,1,https://x.com/sukinyade/status/2035002489813233880,ko,False,2026-04-09 06:09:25,한국,
2038548563714863245,meitu,"벚꽃을 더 핑크빛으로 보이게 하고 싶으면

#메이투 &gt; 필터 &gt; 벚꽃🌸 &gt; 매거진 ♡ https://t.co/I1BEHvCEwo",Mon Mar 30 09:27:06 +0000 2026,998523884423995400,Meitu 메이투 (official),meitu_kr,5795,3,0,0,https://x.com/meitu_kr/status/2038548563714863245,ko,False,2026-04-09 06:09:25,한국,https://pbs.twimg.com/media/HEphHUubIAABW9t.jpg
2037139584698699870,meitu,Meitu랑 PrettyUp 이비스 3개 같이써요! 영상보정은 Wink! 4개나 써서 매달 돈을 뜯기는.…  https://t.co/N5LKCK3vGv,Thu Mar 26 12:08:19 +0000 2026,1876558296515284992,91,starrail91,330,14,0,0,https://x.com/starrail91/status/2037139584698699870,ko,False,2026-04-09 06:09:25,한국,
2037875286470222158,meitu,"플리가 플레이브를 덕질하는 방법
플리인 거 티 내기

스티커는 메이투에서 사용 가능합니다ෆ

https://t.co/NCjLLOO0ow

#플레이브 #덕질 #일삼공 #야구스티커 https://t.co/Yhu1YzJlJu",Sat Mar 28 12:51:44 +0000 2026,1712643070796472320,일삼공,one3gong,270,0,0,0,https://x.com/one3gong/status/2037875286470222158,ko,False,2026-04-09 06:09:25,한국,https://pbs.twimg.com/media/HEf8xUibAAAmjPE.jpg
2037514601395626350,meitu,@0rbtLviwe_ 꺄아악!!!! 감사합니다 이거 어플 Meitu라는 어플인데 짱이에요 름은님두 써보새요💕💕,Fri Mar 27 12:58:30 +0000 2026,1965767450,센터,loria0404,139,0,0,0,https://x.com/loria0404/status/2037514601395626350,ko,False,2026-04-09 06:09:25,한국,
2038546933640499323,meitu,벚꽃이 폈어요🌸 https://t.co/A2ae4aLwrK,Mon Mar 30 09:20:38 +0000 2026,998523884423995400,Meitu 메이투 (official),meitu_kr,2924,1,0,0,https://x.com/meitu_kr/status/2038546933640499323,ko,False,2026-04-09 06:09:25,한국,https://pbs.twimg.com/media/HEpfod2aYAAfNVY.jpg
2034990371642704243,meitu,"#광고 @meitu_kr 
team갈발넴들은 버터크림 꼬옥 써보세요
사진찍을때마다 흑발처럼 보이던 머리가 원래 내머리색+더예쁜갈발로 나옴,,💛 https://t.co/NRl2C4Q98I",Fri Mar 20 13:48:07 +0000 2026,1367083652748742657,𝓂ℯ𝓁𝓁,room7O8,12059,78,13,1,https://x.com/room7O8/status/2034990371642704243,ko,False,2026-04-09 06:09:25,한국,https://pbs.twimg.com/media/HD289JLboAovr7_.jpg
2035304256719487310,meitu,"@room7O8 @meitu_kr 버터크림보다 달콤한 당신, mell",Sat Mar 21 10:35:23 +0000 2026,1858039809517957121,페이,zuzubabyhehe,540,4,0,1,https://x.com/zuzubabyhehe/status/2035304256719487310,ko,False,2026-04-09 06:09:25,한국,
2034984019805577361,meitu,"#광고 @meitu_kr 
일본여행가면 메이투 버터크림 필터 꼭 사용해보기!! 뽀용하고 너무 귀여워...🧈🫧
버터크림70% + 대비20 추천///

#메이투 #보정 #필터 #버터필터 #사진 #감성 https://t.co/eBQcLoTSNL",Fri Mar 20 13:22:53 +0000 2026,1367083652748742657,𝓂ℯ𝓁𝓁,room7O8,59325,447,64,1,https://x.com/room7O8/status/2034984019805577361,ko,False,2026-04-09 06:09:25,한국,https://pbs.twimg.com/media/HD2uDLiboAQva5h.jpg
2038590784526848094,meitu,"메이투 meitu 분철 / 공유 구합니다 (1년, 1인 13,000원) 
동시 접속 3명까지라 계정주 제외 2인 구인합니다.  
안드로이드 사용자 분만 들어와주세요!  

https://t.co/EcluQG0WgZ",Mon Mar 30 12:14:52 +0000 2026,742033222985359360,컴션,comssson,521,0,0,1,https://x.com/comssson/status/2038590784526848094,ko,False,2026-04-09 06:09:25,한국,
2031139421588959317,뷰티캠,"벌써 크리스마스 2주 전이라니!!
너무 너무 설레요🥹💝
뷰티캠 AI필터로 크리스마스 분위기 낭낭하게 즐기는 중🎄🎅🏻
🎁@ https://t.co/FdZuLsPYe7",Mon Mar 09 22:45:49 +0000 2026,2015304513595346944,Sebastian Genta,CharlotteW76242,76,0,0,0,https://x.com/CharlotteW76242/status/2031139421588959317,ko,False,2026-04-09 00:06:19,한국,https://pbs.twimg.com/media/HDAOgFfbQAAZQWT.jpg
1962734411469988010,뷰티캠,@Mastema013 뷰티캠! 아니면 일카 가끔 메이투로도 찍어요!!,Tue Sep 02 04:28:44 +0000 2025,1908448464088031232,요치,yoch1_cos,114,0,0,0,https://x.com/yoch1_cos/status/1962734411469988010,ko,False,2026-04-09 00:06:19,한국,
2040739805542449599,메이투,@3_mo0O___ 사실 나도 메이투 전공이야,Sun Apr 05 10:34:19 +0000 2026,1624422567825268736,김이루,kimiruiru,89,1,0,1,https://x.com/kimiruiru/status/2040739805542449599,ko,False,2026-04-09 00:05:57,한국,
2040741732883792238,메이투,안뇽하세요!! 딱히 팁같은건 없구.. 원래 쨍한색을 좋아해서 색조를 좀 진하게 하는 편이에요!!ㅎㅎ 블러셔나 립같은건 메이투 메이크업 기능으로 그때그때 분위기에 맞게 조금씩 채워주구!! 사진은 다 아이폰 16프로로 찍는답니당... https://t.co/dbV7MwbHzH,Sun Apr 05 10:41:58 +0000 2026,1436426637587869698,𝒍𝒊𝒏𝒈ಇ,leotaruvv,523,0,0,0,https://x.com/leotaruvv/status/2040741732883792238,ko,False,2026-04-09 00:05:57,한국,
2030533402647245250,뷰티캠,"•광고
우리 동물 친구들
여친·남친… 솔직히 없잖아🐱🐶
밖에 나갈 수도 없고

그래도 크리스마스 분위기는
냥냥하게 느껴보자 🎄✨
올겨울 크리스마스 사진 한 장,
뷰티캠으로 남겨보자고~~~

🏷️@ https://t.co/2eqtmd5vB2",Sun Mar 08 06:37:43 +0000 2026,2024034969866432513,흑당이 • 슈퍼스타,brownsugar_d425,32,0,0,0,https://x.com/brownsugar_d425/status/2030533402647245250,ko,False,2026-04-06 06:24:24,한국,https://pbs.twimg.com/media/HC3nVJVakAAxYXd.jpg
2031218641795195269,뷰티캠,"(3)

알려드림

-----

기본캠 필터 선명하게(차가운톤)

이 사진은 기본캠 선명하게 

이런 색감의 필터는 plain2 ,plain3 입니당 어플인데 저는 어플 쓸때 보정강도? 뷰티세기 이런건 쓴다면 10~12 정도가 자연스러워요 
매일쓰는건 다르지만 최근 자주 쓰는거 알려드림 다들 예쁜 사진 찍으세용 📸🎆",Tue Mar 10 04:00:37 +0000 2026,2803255249,ケンム ピャンムキット,prawan263,63,0,0,0,https://x.com/prawan263/status/2031218641795195269,ko,False,2026-04-06 06:24:24,한국,https://pbs.twimg.com/media/HDBWj_8aMAIgZcf.jpg
2040495933306425805,메이투,오엌 메이투 에이아이! https://t.co/1E9xvQIrW4,Sat Apr 04 18:25:15 +0000 2026,1764307073108770816,스미 3서코 토,pils_f,319,16,1,1,https://x.com/pils_f/status/2040495933306425805,ko,False,2026-04-06 06:24:07,한국,https://pbs.twimg.com/media/HFFMOw7bQAAtlje.jpg
2041003019110891726,메이투,나 진심 씹돼지에 와꾸 좃박아서 메이투 아니면 얼굴을 안 봄,Mon Apr 06 04:00:14 +0000 2026,1708405691889991680,유코,yuk0xxx,17,1,0,0,https://x.com/yuk0xxx/status/2041003019110891726,ko,False,2026-04-06 06:24:07,한국,
2040342040152785360,메이투,"메이투 vip 하실 분 구해여~~!!
1년에 11300원입니당",Sat Apr 04 08:13:44 +0000 2026,1835946540118183938,kuro,kxxiuro,325,3,0,1,https://x.com/kxxiuro/status/2040342040152785360,ko,False,2026-04-06 06:24:07,한국,
2040347064660582795,메이투,본인 코스하고 메이투 어플로 봄 사진 돌림,Sat Apr 04 08:33:42 +0000 2026,1956776815151951872,유리수,Yn_risu,42,0,0,0,https://x.com/Yn_risu/status/2040347064660582795,ko,False,2026-04-06 06:24:07,한국,
2040322129347182695,메이투,메이투 유료보정 쓴 얼굴같애..정국 얼굴 내추구미야 https://t.co/R9RIFhTgx3,Sat Apr 04 06:54:37 +0000 2026,1867249296560771072,토리,jktorv,18319,1180,150,0,https://x.com/jktorv/status/2040322129347182695,ko,False,2026-04-06 06:24:07,한국,
2040699668695536117,메이투,"무보정 구라안치고 이렇게생김
메이투, my god my pleasure my love https://t.co/pIa2O9Imkf",Sun Apr 05 07:54:50 +0000 2026,2035608227094925312,공백 (트친소),sibongfruit,56,1,0,0,https://x.com/sibongfruit/status/2040699668695536117,ko,False,2026-04-06 06:24:07,한국,https://pbs.twimg.com/media/HFIFiHRa8AA7hsu.jpg
2040378108210229749,메이투,"&lt;팁&gt; 제미나이로 이런 면접 정장 입히기, 사진 비율 여권 비율로 바꾸기 등 하실때는 엄격한 규칙: 얼굴 이목구비, 크기, 색깔과 비율은 절대 건들이지 말것.  
먼저 쓴다음에 요구사항 써야합니다

그리고 메이투로 로고 지우시고 화질업 하세여🌸💕",Sat Apr 04 10:37:04 +0000 2026,1971900380704387072,루루,nyalunglung,37534,54,3,1,https://x.com/nyalunglung/status/2040378108210229749,ko,False,2026-04-06 06:24:07,한국,
2040344749887074531,메이투,@y1yvvd 나 메이투,Sat Apr 04 08:24:30 +0000 2026,2001792286284537857,"운율 (상태: 잡덕, 쇼타콤, 박준일 팬미 딱대)",W00n_yul,61,0,0,0,https://x.com/W00n_yul/status/2040344749887074531,ko,False,2026-04-06 06:24:07,한국,
2040445230844133678,메이투,너는 나처럼 메이투 보정 장인정신으로 열심히 해서 올리는 거 아니잖아 https://t.co/CiYQ9zAd7B,Sat Apr 04 15:03:47 +0000 2026,1617850707130081280,김까꿍𐔌♫ྀི𓈒 ݁⋆,kimpeepbo_42,142,3,0,0,https://x.com/kimpeepbo_42/status/2040445230844133678,ko,False,2026-04-06 06:24:07,한국,https://pbs.twimg.com/media/HFEeH3FaQAAkTO4.jpg
2040714870673559561,메이투,@MityaCos 전 가격땜에 메이투 원툴입니다...ㅋㅋ큐ㅠㅠㅠ,Sun Apr 05 08:55:14 +0000 2026,1945958540494913536,쪈꾸미,jjunggumi,83,0,0,1,https://x.com/jjunggumi/status/2040714870673559561,ko,False,2026-04-06 06:24:07,한국,
2040704785436000543,메이투,다른분들은 메이투 돌리면 엄청 잘생기고 예뻐지시던데 저는 왜 얼굴이 거의 그대로죠,Sun Apr 05 08:15:09 +0000 2026,2017977466116259840,콩비지ビジ,kong8bixi,589,14,0,1,https://x.com/kong8bixi/status/2040704785436000543,ko,False,2026-04-06 06:24:07,한국,
2040395232525906091,메이투,"나 갑자기 궁금한 거 있어
소녀들 사진 보정앱 뭐 쓰나???

난 보정은 메이투 프리미엄, 필터는 필름화!

좋은 거 있음 추천 좀 해줘잉 https://t.co/d6era0W0bX",Sat Apr 04 11:45:06 +0000 2026,1624422567825268736,김이루,kimiruiru,821,4,0,0,https://x.com/kimiruiru/status/2040395232525906091,ko,False,2026-04-06 06:24:07,한국,https://pbs.twimg.com/media/HFDwpmzaIAAjYiD.jpg
2040391472978198540,메이투,"@g2jl9 ㅇㄴ개웃기게
근데 난 여자가 메이투 돌린거? 다 본인 얼굴이라고 생각함",Sat Apr 04 11:30:10 +0000 2026,1954548222149681152,미경이,h2kun__,46,0,0,0,https://x.com/h2kun__/status/2040391472978198540,ko,False,2026-04-06 06:24:07,한국,
2040429099995553964,메이투,"일반인 사진으로 메이투 돌렸는데
에이아이녀 좋아해주실분..🌸 https://t.co/IdkeNdg384",Sat Apr 04 13:59:41 +0000 2026,1881306345640775680,천혜향_みかん,Roku_007,318,27,0,4,https://x.com/Roku_007/status/2040429099995553964,ko,False,2026-04-06 06:24:07,한국,https://pbs.twimg.com/media/HFEPdB2aQAAHXsI.jpg
2040315598660612573,메이투,근데 원래 컨포를 색보정말고 메이투 보정을 해주는거임? 존나 미감 밤티같으니까 적당히.,Sat Apr 04 06:28:40 +0000 2026,1992100791113613312,기신,keepgozring,48,1,0,0,https://x.com/keepgozring/status/2040315598660612573,ko,False,2026-04-06 06:24:07,한국,
2040343094697263544,메이투,메이투 자동보정도 저정도까지는 아님,Sat Apr 04 08:17:56 +0000 2026,1972511997897113600,tb,taengball2,5317,61,9,0,https://x.com/taengball2/status/2040343094697263544,ko,False,2026-04-06 06:24:07,한국,
2040657939963498507,메이투,"@nyung1209 메이투 유료판 기능이예요!!
쀅님도 돌려드릴까요? https://t.co/LoRoyx0SU9",Sun Apr 05 05:09:01 +0000 2026,1116671999781167104,대독,Link_eagleee,74,1,0,1,https://x.com/Link_eagleee/status/2040657939963498507,ko,False,2026-04-06 06:24:07,한국,https://pbs.twimg.com/media/HFHfk6ea0AAqKAe.jpg
2040451072691761334,메이투,메이투 사랑한다♡ https://t.co/PRAkp5ycvi,Sat Apr 04 15:27:00 +0000 2026,1899847401307049984,노아 /5수코 토,Noah_1017_,153,13,0,0,https://x.com/Noah_1017_/status/2040451072691761334,ko,False,2026-04-06 06:24:07,한국,https://pbs.twimg.com/media/HFEjcADa8AA8EOJ.jpg
2040443066033869129,메이투,메이투 첨 써보는데 개좋음 https://t.co/7wEfTLUjjo,Sat Apr 04 14:55:11 +0000 2026,1792909685462581248,蝶,noaschwxrz,23460,516,32,1,https://x.com/noaschwxrz/status/2040443066033869129,ko,False,2026-04-06 06:24:07,한국,https://pbs.twimg.com/media/HFEcJsRawAAWja3.jpg
2040356559134613820,메이투,메이투 ai는 자꾸만 실존하지 않는 인물을 만들어 내는군요 https://t.co/yCADfzKwEV,Sat Apr 04 09:11:26 +0000 2026,1550731114938937350,sunflower,hotandhumid333,214,20,0,0,https://x.com/hotandhumid333/status/2040356559134613820,ko,False,2026-04-06 06:24:07,한국,https://pbs.twimg.com/media/HFDNek6asAANWcT.jpg
2040385664085360798,메이투,.. 유행인거 같아서 메이투 돌렷는데.. https://t.co/jNdifyikNz,Sat Apr 04 11:07:05 +0000 2026,1978385748819853312,さと,sxt0w0,207,22,0,0,https://x.com/sxt0w0/status/2040385664085360798,ko,False,2026-04-06 06:24:07,한국,https://pbs.twimg.com/media/HFDn8ewasAAA3Tq.jpg
2040394025862369509,메이투,"요즘에 빠진 형광기 가득 핑크 조합
🩷릴리바이레드 순수빔
🩷이글립스 페어리+하트퍼센트 핑크베이브
(+그리고 약간의 메이투 덧칠...🙄) https://t.co/tI3nxnKAUB",Sat Apr 04 11:40:19 +0000 2026,944073343417724928,🩷🐧PENGU🐧🩷,On_the_Pen9u,523,12,2,0,https://x.com/On_the_Pen9u/status/2040394025862369509,ko,False,2026-04-06 06:24:07,한국,https://pbs.twimg.com/media/HFDvjOYboAAoAyJ.jpg
2040639564382114242,메이투,메이투 이 미친놈 https://t.co/c8CYVdphuO,Sun Apr 05 03:56:00 +0000 2026,1721475516627357696,흑백이,hukbaeg2_2,800,71,4,11,https://x.com/hukbaeg2_2/status/2040639564382114242,ko,False,2026-04-06 06:24:07,한국,https://pbs.twimg.com/media/HFHO2d1akAAMxpA.jpg
2040914136599773362,메이투,차이 ㅆㅂ 메이투 두번정도 돌림 https://t.co/9sJZTIyVAa,Sun Apr 05 22:07:03 +0000 2026,1988194302628110336,사유,tiluspart,115,9,0,0,https://x.com/tiluspart/status/2040914136599773362,ko,False,2026-04-06 06:24:07,한국,https://pbs.twimg.com/media/HFLIlsdaMAAa-lg.jpg
2040477989918691487,메이투,샤갈 나도 벚꽃.. 나도 봉제인형.. 메이투 프리미엄 아니라 못 함 ㅋ...,Sat Apr 04 17:13:57 +0000 2026,1914244151023112192,저녁,Uta_059,132,8,0,0,https://x.com/Uta_059/status/2040477989918691487,ko,False,2026-04-06 06:24:07,한국,
2040711327535255635,메이투,영원히 외모정병..... 영원히 메이투 에픽과 보정 ing......,Sun Apr 05 08:41:09 +0000 2026,1558834745970409472,애옹,ainotensh1_,65,2,0,0,https://x.com/ainotensh1_/status/2040711327535255635,ko,False,2026-04-06 06:24:07,한국,
2040383683484606858,메이투,"#광고

벚꽃 사진 예쁘게 보정하는 법 공유해요 

사실 디카나 핸드폰으로 찍으면 눈으로 보는 것만큼 예쁘지가 않아서 아쉬운데 이렇게 하니까 훨씬 환하고 예쁘게 저장할 수 있음 ,, 

#메이투  - 사진 - 필터 - 벚꽃🌸- 매거진 ♡ https://t.co/9uTNkdaWaZ",Sat Apr 04 10:59:13 +0000 2026,3071400325,𝕣𝕒𝕤𝕙𝕒,of__rasha,82569,928,130,0,https://x.com/of__rasha/status/2040383683484606858,ko,False,2026-04-06 06:24:07,한국,https://pbs.twimg.com/media/HFDmIiWasAIhGK2.jpg
2040706692598636711,메이투,@11Eiqp 메이투 힘 좀 빌렷습니다🥰,Sun Apr 05 08:22:44 +0000 2026,2017977466116259840,콩비지ビジ,kong8bixi,46,0,0,1,https://x.com/kong8bixi/status/2040706692598636711,ko,False,2026-04-06 06:24:07,한국,
2040436656994697558,메이투,"@OO__COS 히익... 저도 ai로 배경도 만들고 헤어도 바꾸고...
심지어 메이투 보정에도 ai 기능 엄청 많은데ㅠㅠ",Sat Apr 04 14:29:43 +0000 2026,1116671999781167104,대독,Link_eagleee,109,1,0,1,https://x.com/Link_eagleee/status/2040436656994697558,ko,False,2026-04-06 06:24:07,한국,
2040709536663970070,메이투,@Hamakoto0507 메이투,Sun Apr 05 08:34:02 +0000 2026,1915869293440585728,키시,KISHI_COS,64,1,0,1,https://x.com/KISHI_COS/status/2040709536663970070,ko,False,2026-04-06 06:24:07,한국,
2040707862482305077,메이투,@JWhisher 이게바로 메이투,Sun Apr 05 08:27:23 +0000 2026,1495732835357200386,린_lin,hanhyelin4,32,1,0,1,https://x.com/hanhyelin4/status/2040707862482305077,ko,False,2026-04-06 06:24:07,한국,
2040706049360244869,메이투,@kong8bixi 이미 아름다우셔서 그런거 아니겠어요?? 메이투 뭘 좀 아네🤭,Sun Apr 05 08:20:11 +0000 2026,1957002821762748416,바쪼,Bajjocosp_Lay,62,0,0,1,https://x.com/Bajjocosp_Lay/status/2040706049360244869,ko,False,2026-04-06 06:24:07,한국,
2040814000490021091,메이투,아니 라멘 사진 찍은 거 색감보정하고십어서 메이투 자동보정 돌렷는데 국물 기름막을 없앰;;그게맛잇는건데;;;; 외모정병 ㅁㅊ긔 https://t.co/Ca7DbAcu8o,Sun Apr 05 15:29:08 +0000 2026,2037461174380630016,쿠웅,voomvapp,50,0,0,0,https://x.com/voomvapp/status/2040814000490021091,ko,False,2026-04-06 06:24:07,한국,https://pbs.twimg.com/media/HFJtg1raMAAzcG2.jpg
2040704045674041846,메이투,메이투 막차 온. https://t.co/bFBFukhpZ2,Sun Apr 05 08:12:13 +0000 2026,1495732835357200386,린_lin,hanhyelin4,298,25,1,3,https://x.com/hanhyelin4/status/2040704045674041846,ko,False,2026-04-06 06:24:07,한국,https://pbs.twimg.com/media/HFIJhAFaIAAbMtd.jpg
2040397802036138013,메이투,메이투 씨발련아 뒤질래? https://t.co/JktgltnIQ0,Sat Apr 04 11:55:19 +0000 2026,1930801087042420736,나랑 과자 먹으러 과자,m_d_486,55,1,0,0,https://x.com/m_d_486/status/2040397802036138013,ko,False,2026-04-06 06:24:07,한국,https://pbs.twimg.com/media/HFDy_I5a4AAp0Qv.jpg
2040334628876439685,메이투,"메이투 가지고 놀기
벚꽃 예쁘네요 https://t.co/eDsSJy0jIv",Sat Apr 04 07:44:17 +0000 2026,1982671981901479936,기어,giercos123,95,8,0,0,https://x.com/giercos123/status/2040334628876439685,ko,False,2026-04-06 06:24:07,한국,https://pbs.twimg.com/media/HFC5hnra8AADLEN.jpg
2040446649617834472,메이투,"메이투 메이튜 분철 쉐어
2인 구합니다
1년 인당 11300

디엠 주시면 옾챗 팔게요 https://t.co/k1XF6tlEk0",Sat Apr 04 15:09:25 +0000 2026,2008175525144272897,핫둘,hana2ol,137,0,0,2,https://x.com/hana2ol/status/2040446649617834472,ko,False,2026-04-06 06:24:07,한국,https://pbs.twimg.com/media/HFEfaMTbMAE6uYB.jpg
2033148126048157719,meitu,"#광고 @meitu_kr 
평소에 너무나 애용하는 필수어플
메이투에서 너무너무 예쁜 
‘버터크림’ 필터가 새로 나왔어요🥐🍦
햇살같고 봄느낌에 잘 어울리는
제가 좋아하는 색감이라서 
다들 써보셨으면 좋겠어요🤍
사용법:메이투 앱-사진-필터-버터크림
#메이투 #보정 #필터 #버터필터 #사진 #감성 https://t.co/eyNBog6BzT",Sun Mar 15 11:47:41 +0000 2026,1861917989219807232,seashellclean,seashellclean,1684,15,4,0,https://x.com/seashellclean/status/2033148126048157719,ko,False,2026-04-06 06:23:52,한국,https://pbs.twimg.com/media/HDcxXpsakAA5YI8.jpg
2033915125581873474,meitu,"제가 PC를 잘 못 다루기도 하고 사진은 찍으면 바로바로 업로드하고 싶어서 폰으로 보정하고 있오요
색감은 사진마다 다르게 잡는 편이고 앱은 주로 Meitu로 1차 보정한 뒤 아이폰 사진 앱에서 이리저리 색감 조정합니다ㅏ• ᴗ •  https://t.co/YRAKgFSuFT",Tue Mar 17 14:35:28 +0000 2026,1836759567004557312,"jeong,,",020312psh,400,2,0,0,https://x.com/020312psh/status/2033915125581873474,ko,False,2026-04-06 06:23:52,한국,
2040745293164273982,meitu,"맞다
메이투에 있길래해봤는데
저 아닌 것 같아요;;; https://t.co/5Q6URfapG8",Sun Apr 05 10:56:07 +0000 2026,1957405562532155392,sika❄/메인트 팀코 모집,sika_cos1031,137,14,0,3,https://x.com/sika_cos1031/status/2040745293164273982,ko,False,2026-04-06 06:23:52,한국,https://pbs.twimg.com/media/HFIvB4TakAAjiFV.jpg
2033163788841869587,meitu,"#광고 @meitu_kr
메이투 적극 지지자로서 이거 된다
버터크림 필터 이거 봄에 무조건 된다...🧈 https://t.co/7H8lAGnLwr",Sun Mar 15 12:49:56 +0000 2026,1853022977241260032,커몽이,cosmongtics,2221,15,2,0,https://x.com/cosmongtics/status/2033163788841869587,ko,False,2026-04-06 06:23:52,한국,https://pbs.twimg.com/media/HDc_r_qagAEzXgC.jpg
2029811888390078707,뷰티캠,"항서과/뷰티과애들존나무서움 
교수님앞에두고처웃으면서지들끼리수군대고 교수님왕따시키는거같음 
발표시키면목소리는무슨여캠마냥얇쌍하게냄",Fri Mar 06 06:50:40 +0000 2026,1998313479829417986,민준혁,yyexhan,336,2,0,0,https://x.com/yyexhan/status/2029811888390078707,ko,False,2026-04-06 00:05:27,한국,
2040769403126780126,뷰티캠,"이거보고 뷰티캠으로 만들어봤는데
9kg 강아지를 3kg 정도로 보이게 해주고
너무너무 귀여븜 https://t.co/FkYoDhgrfZ",Sun Apr 05 12:31:56 +0000 2026,909451480758808577,임쪼깐,zzoggany,13470,262,50,1,https://x.com/zzoggany/status/2040769403126780126,ko,False,2026-04-06 00:05:27,한국,https://pbs.twimg.com/media/HFJE8_IawAAZUSb.jpg
2040602353683087852,메이투,"메이투로 벚꽃촬 한 것 처럼 만들어지는데
좀 웃기다",Sun Apr 05 01:28:08 +0000 2026,1573193871663976448,야돈,aaeuao,69,2,0,0,https://x.com/aaeuao/status/2040602353683087852,ko,False,2026-04-06 00:05:06,한국,
2040443040561795486,메이투,"부산 후기...
글로우베이스 다 녹을게 ㅇㅇ 픽서 안뿌렸으니 화장 다 날라갈게 ㅇㅇ 상태여서 메이투로 복원함",Sat Apr 04 14:55:05 +0000 2026,1888513008995106818,💗🪽..,romancewillbe,164,4,0,0,https://x.com/romancewillbe/status/2040443040561795486,ko,False,2026-04-06 00:05:06,한국,
2040498587302498779,메이투,메이투는 정말 조은 앱이구나 https://t.co/Jgsie7xpuf,Sat Apr 04 18:35:48 +0000 2026,1967528365683826688,스슷이,exq_x7,123,8,1,0,https://x.com/exq_x7/status/2040498587302498779,ko,False,2026-04-06 00:05:06,한국,https://pbs.twimg.com/media/HFFOpelaEAEVjj3.jpg
2032663927524569409,meitu,"#광고 @meitu_kr

메이투에서 봄과 어울리는 따땃한 버터 색감 필터가 .. 🧈
메이투앱에서 사진&gt; 필터&gt; 버터크림 70% ! (약간 노란기도는 걸로)
너무 푸르게 나온 사진 자연스럽게 부드러운 색감으로 만들어줄 때 딱이에요🤍 https://t.co/dBUsp2bT0L",Sat Mar 14 03:43:40 +0000 2026,993488545988861952,𝒑𝒊𝒂🍏,beloved_cherish,4854,26,2,1,https://x.com/beloved_cherish/status/2032663927524569409,ko,False,2026-04-06 00:04:51,한국,https://pbs.twimg.com/media/HDV5EKjaMAMoOyG.jpg
2039916238990958875,meitu,옷 왜 귀여워졌는데 https://t.co/CbnciS7J2W,Fri Apr 03 04:01:45 +0000 2026,1816620667900690432,(3코페 양일) 테혁,tehyeog66321,136,22,0,1,https://x.com/tehyeog66321/status/2039916238990958875,ko,False,2026-04-06 00:04:51,한국,https://pbs.twimg.com/media/HE89AapaIAAE2Mu.jpg
2027695316720619975,뷰티캠,"겨울연가 함자매🐷🐻🧣
첫눈을 기다리며.. 그를 기다려요..❤️❄️
아 외로워..! 올해 첫 눈은 그와 함께 하기를..🙏🏻
⠀⠀⠀⠀⠀⠀⠀⠀⠀⠀⠀⠀⠀⠀⠀
같이 즐겨볼래? 겨울의 아련함과.. 가을 무드✨
뷰티캠에서ㅋ @
⠀⠀⠀⠀⠀⠀⠀⠀⠀⠀⠀⠀⠀⠀⠀ https://t.co/DyQVuuYNB2",Sat Feb 28 10:40:10 +0000 2026,2018248627651588096,함아랑,ZoeCox164265,103,0,0,0,https://x.com/ZoeCox164265/status/2027695316720619975,ko,False,2026-04-03 06:59:42,한국,https://pbs.twimg.com/media/HCPSGsbbAAAf22D.jpg
2038964948605522262,메이투,얼굴 상태가 지금 메이투 필터 100인데 https://t.co/0S3KSehQDo,Tue Mar 31 13:01:40 +0000 2026,2007481236437217280,샴..,POOPUPYU,60,0,0,0,https://x.com/POOPUPYU/status/2038964948605522262,ko,False,2026-04-03 06:59:21,한국,https://pbs.twimg.com/media/HEvb0FlbIAE4gG0.jpg
2039625572826120575,메이투,"근데나도 주기적으로 필러정병오는데
내가이거맞는다고 전희미가되겠니 쑨전니가되겠니
그돈으로 오빠랑 1:1사진찍고 메이투 유료결제해도 돈남는다",Thu Apr 02 08:46:45 +0000 2026,945131215555670016,타이혜진,zzenmekeneng,281,6,0,0,https://x.com/zzenmekeneng/status/2039625572826120575,ko,False,2026-04-03 06:59:21,한국,
2038963580171919582,메이투,@r_il1t02 저는 포토샵이랑 이보토 써요! 원래는 포샵하고 메이투 돌렸는데 메이투는 화질이 좀 깨지다보니까😢 덜 깨지는 이보토로 갈아타게 되더라고요,Tue Mar 31 12:56:14 +0000 2026,1975500730703417344,이바냥•イバニャン,E_banyang,107,1,0,1,https://x.com/E_banyang/status/2038963580171919582,ko,False,2026-04-03 06:59:21,한국,
2038970807830073679,메이투,@_kocchi_oide 메이투 멤버십을 끊을 수 있도록 기도해줄 목사님 너무 필요함🙏🙏,Tue Mar 31 13:24:57 +0000 2026,1997449999333175297,영웑,youngwon050621,193,0,0,1,https://x.com/youngwon050621/status/2038970807830073679,ko,False,2026-04-03 06:59:21,한국,
2039856536114327554,메이투,"@ankk0w0 호오,, 전 기카는 절대않되요 엉엉슨 메이투 써바야겟서요",Fri Apr 03 00:04:31 +0000 2026,1825073890668019712,凛,rinnnn__0_0,14,0,0,0,https://x.com/rinnnn__0_0/status/2039856536114327554,ko,False,2026-04-03 06:59:21,한국,
2039725264419373417,메이투,김재원 오늘 왜케 메컵을 메이투 필터씌운것처럼; https://t.co/H72lqpQLFe,Thu Apr 02 15:22:53 +0000 2026,192280674,변냥,sunny_poo,215,0,0,0,https://x.com/sunny_poo/status/2039725264419373417,ko,False,2026-04-03 06:59:21,한국,https://pbs.twimg.com/media/HE6PURYa4AAGk5f.jpg
2039296646006313321,메이투,@dg_cos_ 아 ㅠㅠㅠㅠㅠ메이투 유료..ㅠ 사버릴까..? 어떡하지 좋아? 메이투 유료?,Wed Apr 01 10:59:43 +0000 2026,2016510792376717312,타사(5플엑 토),tasa0923,41,1,0,1,https://x.com/tasa0923/status/2039296646006313321,ko,False,2026-04-03 06:59:21,한국,
2039233993745551425,메이투,"@arari_301 진짜 삼촌 같으시다
삼촌 메이투 까셨어요?",Wed Apr 01 06:50:45 +0000 2026,1892763508070395904,마요,mayo_ym_2,64,0,0,1,https://x.com/mayo_ym_2/status/2039233993745551425,ko,False,2026-04-03 06:59:21,한국,
2039333399245275504,메이투,어제 구글에서 9천9백원 결제된거 뭐지...? 메이투 아닌가 보네...?,Wed Apr 01 13:25:46 +0000 2026,1988176661020635142,맹이 돌,maengkuna22,53,0,0,0,https://x.com/maengkuna22/status/2039333399245275504,ko,False,2026-04-03 06:59:21,한국,
2039632481666875619,메이투,@2reachU_Remi 우와아 야사시..♡ 메이투 결제할 이유가 생겼어요,Thu Apr 02 09:14:12 +0000 2026,1939935242199982080,신디 🏹,melon_cindy,90,2,0,0,https://x.com/melon_cindy/status/2039632481666875619,ko,False,2026-04-03 06:59:21,한국,
2039696874094084235,메이투,"아니 주접이 진짜 ㅋㅋㄱㅋㅋㅋㅋㅋ좋아해주셔서 감사합니다... 근데 있잖아 소녀들아 내가 늘 말하지
절대 눈에서 메이투 필터를 빼지마
언니 이쯤되면 무섭다 진짜... 다들 눈 괜찮니? https://t.co/xfpTi9nWcR",Thu Apr 02 13:30:05 +0000 2026,1716809303477440512,하 랑,half_b1__dz,160,2,0,0,https://x.com/half_b1__dz/status/2039696874094084235,ko,False,2026-04-03 06:59:21,한국,
2039521996418208148,메이투,저도 그 봉제인형 필터로 봉제인형 만들어보고 싶은데 메이투 찾아봐도 안보임..,Thu Apr 02 01:55:11 +0000 2026,1236509493506101248,포도화람🍇,HwaRam59,71,0,0,0,https://x.com/HwaRam59/status/2039521996418208148,ko,False,2026-04-03 06:59:21,한국,
2039626912025493952,메이투,@x1rezw 오옹...메이투 추천하는 사람이 많구만..갤럭시 유저는 너무 슬퍼...그냥 카메라가 못생겼어 너무....,Thu Apr 02 08:52:04 +0000 2026,2016510792376717312,타사(5플엑 토),tasa0923,42,1,0,0,https://x.com/tasa0923/status/2039626912025493952,ko,False,2026-04-03 06:59:21,한국,
2038983355828773033,메이투,앞머리도 짧고 무리메이크업하지도 않았는데 신중하게 고민하고 천천히 답하는 거 보니까 내 눈에 메이투 보정필터 자동으로 껴져서 보임,Tue Mar 31 14:14:49 +0000 2026,1998051702092824576,대장,FossilnChips,88,1,0,0,https://x.com/FossilnChips/status/2038983355828773033,ko,False,2026-04-03 06:59:21,한국,
2039641585928028233,메이투,"저 프라이머 한 다음 그 위에 썬크림이랑
톤업크림이랑 바른 다음에 브이디엘 파데 바르고 파우더까지 엄청 이것저것해요ㅋㅋㅋㅋㅎㅋ 너무너무 감사합니다🥺🩷 근데 아무래도 메이투 피부화장이 젤 크지않았나 싶습니다 https://t.co/iVapgAt9u1",Thu Apr 02 09:50:23 +0000 2026,1652331100457549824,きこ,6kiko02,756,9,0,0,https://x.com/6kiko02/status/2039641585928028233,ko,False,2026-04-03 06:59:21,한국,
2039629037086314963,메이투,메이투 ㅇㅈㄹ https://t.co/m2dEcluAM4,Thu Apr 02 09:00:31 +0000 2026,2038104915206418432,온싱 조르딕,onsingzoldyck,88,1,0,0,https://x.com/onsingzoldyck/status/2039629037086314963,ko,False,2026-04-03 06:59:21,한국,https://pbs.twimg.com/media/HE43zIubwAAUIXn.jpg
2039681623642509696,메이투,"메이투 1년 분철 구합니다!! 🙏🙏
아이폰입니다! 

두 분 구해요!
-&gt; 인당 11300원 

메이투 메이튜 분철 쉐어 공유 https://t.co/2FULGTJ2c9",Thu Apr 02 12:29:29 +0000 2026,1957014401019756544,콩,kongg_giants,149,0,0,1,https://x.com/kongg_giants/status/2039681623642509696,ko,False,2026-04-03 06:59:21,한국,https://pbs.twimg.com/media/HE5noAMasAAO8f2.jpg
2039293565034168604,메이투,혹시 나랑 전화 메이투 할 사람,Wed Apr 01 10:47:28 +0000 2026,1863577297900670976,뇸,sya8_,2139,51,0,0,https://x.com/sya8_/status/2039293565034168604,ko,False,2026-04-03 06:59:21,한국,
2039588134552559776,메이투,@naz24242_ 메이투 잘나오도라,Thu Apr 02 06:17:59 +0000 2026,2034881476408614912,엉킴덩,ungungsad,38,0,0,1,https://x.com/ungungsad/status/2039588134552559776,ko,False,2026-04-03 06:59:21,한국,
2039845241067544781,메이투,@teleu171 ㅈ저 메이투 유료 결제 쓰는데 해드릴가용?,Thu Apr 02 23:19:38 +0000 2026,1961556049795977219,백낙(5수코 토),baeknack,168,1,0,1,https://x.com/baeknack/status/2039845241067544781,ko,False,2026-04-03 06:59:21,한국,
2039561010013683760,메이투,"메이투 벚꽃 AI 짱 신기하다

셀카로 돌려봄 https://t.co/cBq8t7ffL6",Thu Apr 02 04:30:12 +0000 2026,1985260771094482944,안즈 Anz (アンズ),anz030212,248,15,1,1,https://x.com/anz030212/status/2039561010013683760,ko,False,2026-04-03 06:59:21,한국,https://pbs.twimg.com/media/HE357XRbYAAASY4.jpg
2039856402110595464,메이투,@at_sum_2 메이투 깔아바여갯서요,Fri Apr 03 00:03:59 +0000 2026,1825073890668019712,凛,rinnnn__0_0,20,0,0,0,https://x.com/rinnnn__0_0/status/2039856402110595464,ko,False,2026-04-03 06:59:21,한국,
2039006899073699931,메이투,스핀 너무 늦게 봐서 죄송해요 ㅜ.ㅜ 대부분 화장은 메이투로 아예 싹 갈아서 화장품 정보 드리는 게 진짜 의미 없는 것 같긴 한데요... 🥹 3ce 스무더?에 있는 연한 살구색 실제로 제일 많이 씁니다! 비슷한 색이에요 부... https://t.co/1KqnWTEgxk,Tue Mar 31 15:48:22 +0000 2026,1769017688180039680,츄야 chuya,gakusei_chuya,190,4,0,0,https://x.com/gakusei_chuya/status/2039006899073699931,ko,False,2026-04-03 06:59:21,한국,
2038963493102342298,메이투,@r_il1t02 메이투 + 포토샵이요!!,Tue Mar 31 12:55:53 +0000 2026,1116671999781167104,대독,Link_eagleee,81,1,0,1,https://x.com/Link_eagleee/status/2038963493102342298,ko,False,2026-04-03 06:59:21,한국,
2039006862457344235,메이투,@wan13chan 저는 메이투 보정 100 켜도 턱 저렇게 안 깎이는데 쟨 ㄹㅇ 재능 미쳣슨,Tue Mar 31 15:48:13 +0000 2026,2035889588439568384,파마산🧀,raisingadog,68,0,0,1,https://x.com/raisingadog/status/2039006862457344235,ko,False,2026-04-03 06:59:21,한국,
2039118879423901780,메이투,@Wrung_cokr 안녕하세요! 탐넘 초멘 죄송합니다ㅠㅜ 사실 제가 메이투를 사용해서 보정을 했었는데 이 게시물을 보고 다시 한번 생각을 해봤는데 제가 잘못했었던 것 같습니다ㅎ 메이투 사용한 게시물 다 삭제하였습니다! 다시한번 불쾌감을 드려서 죄송합니다!,Tue Mar 31 23:13:20 +0000 2026,1976238497226018816,리에,Lu_leuiluu26,1253,1,0,1,https://x.com/Lu_leuiluu26/status/2039118879423901780,ko,False,2026-04-03 06:59:21,한국,
2039327057180782807,메이투,"메이투  로   하기🍁🍂
내가 찍는것 보다 더 예뿌게 만들어 줘서 넘 신기해,,,🫶🏻 https://t.co/f2XLjm8PXw",Wed Apr 01 13:00:33 +0000 2026,2023431569684180993,구사자 (김정아) 🇰🇷,hall_stell45084,59,0,0,0,https://x.com/hall_stell45084/status/2039327057180782807,ko,False,2026-04-03 06:59:21,한국,https://pbs.twimg.com/media/HE0lHN4acAAO1wt.jpg
2039352765546377222,메이투,"@vanessa_bjd ㅋ ㅋ ㅋ ㅋ ㅋ ㅋ ㅋ ㅋ ㅋㅋㅋㅋ 마땅한게 업더라고요 아~~~ 분발해라 메이투(무도자막은왜잇는데
루스 삼촌 화이팅^^)9",Wed Apr 01 14:42:43 +0000 2026,1027588591998787584,💖무연💖,Sun_dries,58,0,0,0,https://x.com/Sun_dries/status/2039352765546377222,ko,False,2026-04-03 06:59:21,한국,
2039583011600232526,메이투,@eoo1765574 메이투 좋다는말 마니 들옷는데 깔아바야겐네요🥹🥹🥹,Thu Apr 02 05:57:38 +0000 2026,1825073890668019712,凛,rinnnn__0_0,131,0,0,0,https://x.com/rinnnn__0_0/status/2039583011600232526,ko,False,2026-04-03 06:59:21,한국,
2038953390177394930,메이투,"부코에서 찍은 사진 바이오에있는 메일로 보내주시면 리턴 해 드립니당!!ㅎ.ㅎ보내쥬세요…..ㅠ
메이투&gt;&gt;포토샵 마무리함니다,,ㅎㅎ 포토샵으로만 보정 원하시면 말씀 해 주세용!!////",Tue Mar 31 12:15:44 +0000 2026,1841452486139506688,모로,moxroO,252,2,0,0,https://x.com/moxroO/status/2038953390177394930,ko,False,2026-04-03 06:59:21,한국,
2039288948179251203,메이투,@dg_cos_ 오오 메이투!! 메이투 좋구나 다 메이투 추천해준다..,Wed Apr 01 10:29:08 +0000 2026,2016510792376717312,타사(5플엑 토),tasa0923,55,1,0,1,https://x.com/tasa0923/status/2039288948179251203,ko,False,2026-04-03 06:59:21,한국,
2039904555492860376,메이투,@SHIRONA_TIA 헉...두고보자 메이투...,Fri Apr 03 03:15:20 +0000 2026,1580202304807981056,春心_푸_mk2🍯🐝 🐙,chun_sim_mk2,12,0,0,0,https://x.com/chun_sim_mk2/status/2039904555492860376,ko,False,2026-04-03 06:59:21,한국,
2038962336749461928,메이투,"@chana_00_1 저 메이투 유료 준에서 하나 사용하고 시픈 기능이 잇는데 무료 횟수를 다 써 버려서!! 
혹시 나즁에 보정 다 하구 디엠 한 번만 가두 될까요 👉👈",Tue Mar 31 12:51:17 +0000 2026,1978145187948847105,사요,scau0o,106,0,0,1,https://x.com/scau0o/status/2038962336749461928,ko,False,2026-04-03 06:59:21,한국,
2038995981984039192,메이투,벚꽃촬 못가서 메이투 빡세게 돌린거니까 너무 노여워마시길... 아쉬워서 돌린거니깡...,Tue Mar 31 15:04:59 +0000 2026,1964333694828892164,한수지 スジ,ss2001_s2,590,3,0,0,https://x.com/ss2001_s2/status/2038995981984039192,ko,False,2026-04-03 06:59:21,한국,
2039290392387150028,메이투,ㅈㅉ얼굴이 메이투 100한거같이 생기지,Wed Apr 01 10:34:52 +0000 2026,1779436136676687872,솜,somnr_uv,347,3,0,1,https://x.com/somnr_uv/status/2039290392387150028,ko,False,2026-04-03 06:59:21,한국,
2039264485559718266,메이투,"내가 라이님께 영업당한 것
30000짜리보조배터리
메이투
그리고갤럭시울트라",Wed Apr 01 08:51:55 +0000 2026,1978105140646146049,나기,NYAuAGI,143,3,0,2,https://x.com/NYAuAGI/status/2039264485559718266,ko,False,2026-04-03 06:59:21,한국,
2039334716533510188,메이투,"흑……..여자인 나도 이 정도로 메이투 보정해 본 적 없는데
내 돼지 포수 유강남 1000안타 축하합니다🐷😁😁🫰 https://t.co/wi1PNBLRQY",Wed Apr 01 13:31:00 +0000 2026,1982100634183884800,음민이,tomenaideee,95,1,0,0,https://x.com/tomenaideee/status/2039334716533510188,ko,False,2026-04-03 06:59:21,한국,https://pbs.twimg.com/media/HE0sHZDa0AAKRza.jpg
2039668275031019785,메이투,@gimdoyeong69716 머야 언니도 메이투 써? 한번 써봐야겠다!💕,Thu Apr 02 11:36:26 +0000 2026,1618854689323520000,소나,Sona_02240,47,1,0,1,https://x.com/Sona_02240/status/2039668275031019785,ko,False,2026-04-03 06:59:21,한국,
2039324369961488441,메이투,"아니 이게 무슨 개꿀인 상황인 거지? 모롤 님한테 추천 받고 메이투 VIP 결제하려고 했는데 그땐 1년에 48,000원이었단 말이지?

근데 구글 깊카 사서 결제하려고 미뤄뒀다가 오늘 결제하려고 들어갔는데 할인 들어가서 38,000원에 결제함 싱난ㄷㅏ!!",Wed Apr 01 12:49:53 +0000 2026,2233109304,🌸 아크로드 🌸,arkload_,64,0,0,0,https://x.com/arkload_/status/2039324369961488441,ko,False,2026-04-03 06:59:21,한국,
2039276725268582410,메이투,@NYAuAGI 제사진-메이투=배경 밖에안남아요,Wed Apr 01 09:40:33 +0000 2026,1238903882,요토🌞,IAM__YT,42,0,0,1,https://x.com/IAM__YT/status/2039276725268582410,ko,False,2026-04-03 06:59:21,한국,
2039732060827668840,메이투,"메이투 분철 1년 인당 11,300원

ios입니당 두 분 구해요 https://t.co/wHPmBMf8j7",Thu Apr 02 15:49:54 +0000 2026,1142169117148889088,냠,pu7902,109,0,0,3,https://x.com/pu7902/status/2039732060827668840,ko,False,2026-04-03 06:59:21,한국,https://pbs.twimg.com/media/HE6Vf25aQAAL04v.jpg
2039663874367209584,메이투,메이투 연간 분철 구해요,Thu Apr 02 11:18:57 +0000 2026,2026978806041636864,wjaxk,wjaxk1728,86,0,0,0,https://x.com/wjaxk1728/status/2039663874367209584,ko,False,2026-04-03 06:59:21,한국,
2039699836971421819,메이투,"@Sona_02240 가능하면 일카로 찍고 메이투 보정합니다! 
너무.... 주사위 1 상태 (레전드밤티)면 메이투나 틱톡으로 찍고 후보정 메이투로 해요 🥹 
메이투 사용하기 전에는 스노우 사용했습니다 🥰❤️",Thu Apr 02 13:41:51 +0000 2026,1840406762790477824,뮤미,mumi_cos,65,1,0,0,https://x.com/mumi_cos/status/2039699836971421819,ko,False,2026-04-03 06:59:21,한국,
2039617491765539317,메이투,@cos_circle 저는 그 메이투 썼더니 ai코스라고 블락한다하시더라고요🥲,Thu Apr 02 08:14:38 +0000 2026,1976238497226018816,리에,Lu_leuiluu26,74,0,0,0,https://x.com/Lu_leuiluu26/status/2039617491765539317,ko,False,2026-04-03 06:59:21,한국,
2039624452623986893,메이투,@buhaoyishu 메이투 추천,Thu Apr 02 08:42:18 +0000 2026,945131215555670016,타이혜진,zzenmekeneng,72,1,0,0,https://x.com/zzenmekeneng/status/2039624452623986893,ko,False,2026-04-03 06:59:21,한국,
2039906650010837345,메이투,메이투 모든 보정 +100한것처럼 생김…….,Fri Apr 03 03:23:39 +0000 2026,1838264467496538116,해봉이,wangsuriworld,61,0,0,0,https://x.com/wangsuriworld/status/2039906650010837345,ko,False,2026-04-03 06:59:21,한국,
2039331550530249144,메이투,"메이투 회원 결제할까말까…,, 이 돈이면 마라탕 푸짐하게 한 번 때릴 수 있는 가격이긴한데..",Wed Apr 01 13:18:25 +0000 2026,2005497862378156032,춘유끼끼,i3ybuk,203,7,0,1,https://x.com/i3ybuk/status/2039331550530249144,ko,False,2026-04-03 06:59:21,한국,
2039343422344167727,메이투,@HiRO_RONG_ 메이투 깔아서 하면대요!!!! 카메라어플!!!,Wed Apr 01 14:05:35 +0000 2026,1994696392334610436,담농곰,damgomreru,94,0,0,0,https://x.com/damgomreru/status/2039343422344167727,ko,False,2026-04-03 06:59:21,한국,
2039844508519817227,메이투,@sackofpotato33 아뇽..메이투...,Thu Apr 02 23:16:43 +0000 2026,1575701364620918784,루코⌯' ▾ '⌯(플엑 일),teleu171,141,1,0,1,https://x.com/teleu171/status/2039844508519817227,ko,False,2026-04-03 06:59:21,한국,
2039272651798217215,메이투,@tasa0923 유라이크 메이투,Wed Apr 01 09:24:22 +0000 2026,1994315737490694144,산니,sanni4361192,68,1,0,1,https://x.com/sanni4361192/status/2039272651798217215,ko,False,2026-04-03 06:59:21,한국,
2032404885736718454,meitu,"#광고 @meitu_kr 
 
봄맞이 뽀용한 버터크림 필터 적용법 ♡
 
메이투 앱 -&gt; 사진 -&gt; 필터 -&gt; 버터크림(약간 노란끼 도는 거예요!) https://t.co/tf29xBfZIU",Fri Mar 13 10:34:19 +0000 2026,1506664920204865539,미래,miraebabo,49806,314,29,1,https://x.com/miraebabo/status/2032404885736718454,ko,False,2026-04-03 06:59:06,한국,https://pbs.twimg.com/media/HDSNd22bcAAn9CP.jpg
2032354929814425790,meitu,"#광고 @meitu_kr 

다가오는 봄에 찰떡인 메이투 필터를 찾았습니다 . . 🧈🍦🫧

#메이투 에서 요즘 유행하는 #버터필터 인데 진짜 제가 계속 찾던 따뜻한 #감성 이에요 ✨💕

사용 방법은 메이투 앱 - 사진 - 필터 - 버터크림 (약간 노란끼 도는) 강도는 70%!

*왼쪽 상단 색상 보정까지 하면 더 감성 UP!할 수 있답니다 :)

#보정 하실 때 느좋 + 따뜻한 색감의 감성 #필터 를 찾으시는 분들께 강추🌟드립니다 .ᐟ 
봄에 어울리는 #사진 얻기 가능!!🌸💕",Fri Mar 13 07:15:49 +0000 2026,1852559543089414144,ondo,0ndoliy,6679,77,15,0,https://x.com/0ndoliy/status/2032354929814425790,ko,False,2026-04-03 06:59:06,한국,https://pbs.twimg.com/media/HDRgCSgbUAAsPKk.jpg
2031534884578275481,meitu,@ratygal 아웃겨 역시 meitu가 튜닝하기엔 최고봉이죠,Wed Mar 11 00:57:15 +0000 2026,1981580887767887872,게미,gemichinom,10,1,0,1,https://x.com/gemichinom/status/2031534884578275481,ko,False,2026-04-03 06:59:06,한국,
2032400420321300780,meitu,"#광고 @meitu_kr 
개쩌는 필터 레시피를 가져왔어요. 🧈메이투 버터크림 필터!
디카에서 기대하는 빈티지하면서 감성적인 느낌을 만들어주는 필터에요

👇🏻이런 사진 찍는 방법👇🏻
메이투 앱 접속 &gt; 사진 클릭 &gt; 필터 : 버터크림 검색! 

개인적으로 강도 70% 정도가 가장 핀터걸st 구현 가능했어요 https://t.co/VVad53mHbu",Fri Mar 13 10:16:35 +0000 2026,1984081695977701376,블랑,blangblangshu,5452,16,7,1,https://x.com/blangblangshu/status/2032400420321300780,ko,False,2026-04-03 06:59:06,한국,https://pbs.twimg.com/media/HDSJZ-3aQAAU6ip.jpg
2032395372149236218,meitu,"#광고 #메이투 @meitu_korea 
너무 예쁜 메이투 버터 필터…..🧈💕
사진을 분위기 있게 바꿔줌 🥹 https://t.co/dimsWCDJNR",Fri Mar 13 09:56:31 +0000 2026,1801927615500214272,후우,mindlereeee,3841,38,10,1,https://x.com/mindlereeee/status/2032395372149236218,ko,False,2026-04-03 06:59:06,한국,https://pbs.twimg.com/media/HDSEz5Oa8AA_rI9.jpg
2026561021658411349,뷰티캠,뷰티캠으로 주기적인 다이어트를 하고잇습니다,Wed Feb 25 07:32:53 +0000 2026,2001634138743541761,와상,wasang0518,105,0,0,0,https://x.com/wasang0518/status/2026561021658411349,ko,False,2026-04-02 05:59:22,🇰🇷 한국,
2037562237104292117,뷰티캠,내 학점도 지워주면 좋겠다,Fri Mar 27 16:07:48 +0000 2026,1599554228900749312,🍉,wt_ffl,92,0,0,0,https://x.com/wt_ffl/status/2037562237104292117,ko,False,2026-04-02 05:59:22,🇰🇷 한국,
2038833376594174285,메이투,"#RT #사진사구함
야에 미코 벚꽃촬 가실 분 ... 🥹
예쁜 벚꽃 피는곳 아시면 끌고 가주세요 ... 
다음주 토, 일 (4월 11 or 12 중에..!!)
안구해지면 ,,, 메이투 ai 돌리꼬얌😢 엉",Tue Mar 31 04:18:51 +0000 2026,1734504903224307712,ニンネ,ningnae_cos,2993,33,18,2,https://x.com/ningnae_cos/status/2038833376594174285,ko,False,2026-04-02 05:59:01,🇰🇷 한국,
2038934073587167320,메이투,"작년 삿포로 사진 빈티지맛으로 다시 살려줌🤍🌨️
언능 다시 보내쥬세요 hehe
눈 오는 날 감성에 찰떡이라서 첫사랑 조작 가능ㅋㅎ

메이투 - ai효과 - 효과 - CCD https://t.co/9M21XNUsHS",Tue Mar 31 10:58:59 +0000 2026,2030007363953119233,이 하린,JamesLayla77229,59,0,0,0,https://x.com/JamesLayla77229/status/2038934073587167320,ko,False,2026-04-02 05:59:01,🇰🇷 한국,https://pbs.twimg.com/media/HEu_shGbkAAjzGG.jpg
2038778337490059734,메이투,@Yuki_nyang_s2 메이투 어플에서 ai보정 하면됨,Tue Mar 31 00:40:08 +0000 2026,1782052395952001024,로키🦩🩷🃏,stargun9706,41,1,0,1,https://x.com/stargun9706/status/2038778337490059734,ko,False,2026-04-02 05:59:01,🇰🇷 한국,
2038903907775402221,메이투,메이투 봉제인형 필텈ㅋㅋㅋㅋ아 너무 취향 https://t.co/YAPL7Xtr8W,Tue Mar 31 08:59:07 +0000 2026,1543824063176781824,레노키,renoki_dr,197,14,1,0,https://x.com/renoki_dr/status/2038903907775402221,ko,False,2026-04-02 05:59:01,🇰🇷 한국,https://pbs.twimg.com/media/HEukS6xasAAOwcx.jpg
2038930745071415446,메이투,"메이투좋다..

얼굴을폰으로막바꿀수도잇고..
차가운수술대 안누워도됨",Tue Mar 31 10:45:45 +0000 2026,1882604888754094080,재영 ..,bbspofc,177,12,0,0,https://x.com/bbspofc/status/2038930745071415446,ko,False,2026-04-02 05:59:01,🇰🇷 한국,
2038915384607379812,메이투,@sung9295 메이투 추천해요!,Tue Mar 31 09:44:43 +0000 2026,1584147981120712704,유유,damyoux,64,1,0,1,https://x.com/damyoux/status/2038915384607379812,ko,False,2026-04-02 05:59:01,🇰🇷 한국,
2038828293781332188,메이투,@DAEEDATE 고마워요 메이투,Tue Mar 31 03:58:39 +0000 2026,1807088616382078976,꾸금이💕연애하느라 바쁨,kkugeumii,24,0,0,0,https://x.com/kkugeumii/status/2038828293781332188,ko,False,2026-04-02 05:59:01,🇰🇷 한국,
2038879747112132934,메이투,@B_bbbeen 메이투 어플로 해봄 ㅋㅋㅋ 유행이래서,Tue Mar 31 07:23:06 +0000 2026,2355719761,강군 4/5 春灯りの約束,kangguni_des,71,1,0,0,https://x.com/kangguni_des/status/2038879747112132934,ko,False,2026-04-02 05:59:01,🇰🇷 한국,
2038932361539403868,메이투,@r_il1t02 저는 메이투 밖에 못써요 이보토 쓰고싶은데 너무 비싸더라고요 ㅠㅠ,Tue Mar 31 10:52:11 +0000 2026,204560650,다크소울(Darksoul),XDarksouls360X,83,1,0,1,https://x.com/XDarksouls360X/status/2038932361539403868,ko,False,2026-04-02 05:59:01,🇰🇷 한국,
2038918299137008060,메이투,@huskoli 이고 메이투 에이아이  ͙ᐟ,Tue Mar 31 09:56:18 +0000 2026,1608460890814435329,코이아기,love_w_koi,55,0,0,1,https://x.com/love_w_koi/status/2038918299137008060,ko,False,2026-04-02 05:59:01,🇰🇷 한국,
2039582975843856828,메이투,"메이투 메이튜 분철 쉐어 탑승 &gt;원해요!!&lt;
아이폰 입니다 ㅠ.ㅠ 
카톡 링크로 연락 부탁드립니다!!",Thu Apr 02 05:57:29 +0000 2026,1588577753183694848,음표,xnonox46,0,0,0,0,https://x.com/xnonox46/status/2039582975843856828,ko,False,2026-04-02 05:59:01,🇰🇷 한국,
2039569436718559403,메이투,"메이투 메이튜 분철 쉐어 탑승 &gt;원해요!!&lt;
아이폰 입니다 ㅠ.ㅠ 
프로필 카톡 링크로 연락 부탁드립니다!!",Thu Apr 02 05:03:41 +0000 2026,1588577753183694848,음표,xnonox46,16,0,0,0,https://x.com/xnonox46/status/2039569436718559403,ko,False,2026-04-02 05:59:01,🇰🇷 한국,
2039287389601042736,메이투,@tasa0923 메이투...그는 신이야...,Wed Apr 01 10:22:56 +0000 2026,1851494724529729536,디귿 4코페 토,dg_cos_,38,1,0,1,https://x.com/dg_cos_/status/2039287389601042736,ko,False,2026-04-02 05:59:01,🇰🇷 한국,
2038931767995052505,메이투,@r_il1t02 주로 이비스랑 메이투 쓰고 좀 까다로운 작업이면 포토샵 써요!,Tue Mar 31 10:49:49 +0000 2026,1961273526830366720,미루,cos_milu,204,2,0,1,https://x.com/cos_milu/status/2038931767995052505,ko,False,2026-04-02 05:59:01,🇰🇷 한국,
2038821026776383920,메이투,메이투 결제할까 ㄹㅇ,Tue Mar 31 03:29:46 +0000 2026,1978105140646146049,나기,NYAuAGI,50,1,0,0,https://x.com/NYAuAGI/status/2038821026776383920,ko,False,2026-04-02 05:59:01,🇰🇷 한국,
2038930824087929123,메이투,@r_il1t02 저는 메이투 써요~ 다루기가 젤 쉽더라구요,Tue Mar 31 10:46:04 +0000 2026,1997929527134339072,리쿠 (5수코 토),licu_02,88,1,0,1,https://x.com/licu_02/status/2038930824087929123,ko,False,2026-04-02 05:59:01,🇰🇷 한국,
2038868802465915163,메이투,ㅁㄷㅅㅇ 보정팀 폰 쌔쳐서 메이투 지우고싶다,Tue Mar 31 06:39:37 +0000 2026,2004927244687613952,채..,chae88_,59,0,0,0,https://x.com/chae88_/status/2038868802465915163,ko,False,2026-04-02 05:59:01,🇰🇷 한국,
2038928464066334983,메이투,@r_il1t02 메이투..? 많이쓰신대요!!! 이보토는좀비싸다구하시는분들이많앗서요,Tue Mar 31 10:36:41 +0000 2026,1988214906139897856,코모,hikicomoko,89,1,0,1,https://x.com/hikicomoko/status/2038928464066334983,ko,False,2026-04-02 05:59:01,🇰🇷 한국,
2038827380811448383,메이투,이번에도 나는 납작만두 스타일을 외면하고 메이투를 돌린다 https://t.co/yyLFEXYKnU,Tue Mar 31 03:55:01 +0000 2026,1368544658549186560,참마도,nevermind_sss,280,12,1,0,https://x.com/nevermind_sss/status/2038827380811448383,ko,False,2026-04-02 05:59:01,🇰🇷 한국,https://pbs.twimg.com/media/HEtesZbbkAAqJ55.jpg
2038629256197263702,메이투,메이투 렌즈 필터 뭐임 https://t.co/ASt8ycgEHK,Mon Mar 30 14:47:45 +0000 2026,1630434527758934016,윤겸,idisyoongyum,53,0,0,0,https://x.com/idisyoongyum/status/2038629256197263702,ko,False,2026-04-02 05:59:01,🇰🇷 한국,https://pbs.twimg.com/media/HEqqgEpa8AAnWu_.jpg
2038655021282386408,메이투,"@Semi_3600 저 모바일 이비스 페인트랑 메이투 사용하구 있어요!
저는 못 써봤는데 컴퓨터는 이보토가 많이 보이더라구요",Mon Mar 30 16:30:08 +0000 2026,1485245347886632963,유토,yutoto_you,105,0,0,1,https://x.com/yutoto_you/status/2038655021282386408,ko,False,2026-04-02 05:59:01,🇰🇷 한국,
2037415047383949777,meitu,메이투 짱...🤤 https://t.co/OzEVZA8zcs,Fri Mar 27 06:22:55 +0000 2026,1940949353478475777,라츄/라이츄,Pink_Raichu,296,26,0,3,https://x.com/Pink_Raichu/status/2037415047383949777,ko,False,2026-04-02 05:58:47,🇰🇷 한국,https://pbs.twimg.com/media/HEZaMCraAAEn6bo.jpg
2026566101094871287,뷰티캠,1. 어쩔꺼니~어쩔꺼니~ 내 몸매 어쩔꺼니 룩 https://t.co/8IcYWHT6oD,Wed Feb 25 07:53:04 +0000 2026,1964220229023883264,뷰티캠 코리아,beautycam_kr,35,0,0,1,https://x.com/beautycam_kr/status/2026566101094871287,ko,False,2026-04-02 00:07:40,🇰🇷 한국,https://pbs.twimg.com/media/HB_PH6KaMAAIFek.jpg
2026569493514961046,뷰티캠,8. 다이어트 성공하면 입을 룩 https://t.co/ryTNgpyHLY,Wed Feb 25 08:06:33 +0000 2026,1964220229023883264,뷰티캠 코리아,beautycam_kr,107,0,0,1,https://x.com/beautycam_kr/status/2026569493514961046,ko,False,2026-04-02 00:07:40,🇰🇷 한국,https://pbs.twimg.com/media/HB_SMtwaMAA_6KY.jpg
2026566360856408529,뷰티캠,2. 수업 끝나고 클럽 갈래? 룩 https://t.co/aGh358lcm3,Wed Feb 25 07:54:06 +0000 2026,1964220229023883264,뷰티캠 코리아,beautycam_kr,49,0,0,1,https://x.com/beautycam_kr/status/2026566360856408529,ko,False,2026-04-02 00:07:40,🇰🇷 한국,https://pbs.twimg.com/media/HB_PXCwaMAQ6qWn.jpg
2026569861548446142,뷰티캠,9. 그냥 트위드 셋업… https://t.co/ubU4EIUYoQ,Wed Feb 25 08:08:01 +0000 2026,1964220229023883264,뷰티캠 코리아,beautycam_kr,101,0,0,0,https://x.com/beautycam_kr/status/2026569861548446142,ko,False,2026-04-02 00:07:40,🇰🇷 한국,https://pbs.twimg.com/media/HB_ShuPaMAcrLh7.jpg
2026569258151584015,뷰티캠,7. 내 친구 결혼한대 근데 남자가 02년생이래 룩 https://t.co/LMPUxvgE7W,Wed Feb 25 08:05:37 +0000 2026,1964220229023883264,뷰티캠 코리아,beautycam_kr,26,0,0,1,https://x.com/beautycam_kr/status/2026569258151584015,ko,False,2026-04-02 00:07:40,🇰🇷 한국,https://pbs.twimg.com/media/HB_R-s3bUAAM6XV.jpg
2026568130622042512,뷰티캠,4. 뚝섬 피크닉을 위해 준비했어 룩 https://t.co/2BJqMLTNIR,Wed Feb 25 08:01:08 +0000 2026,1964220229023883264,뷰티캠 코리아,beautycam_kr,87,0,0,1,https://x.com/beautycam_kr/status/2026568130622042512,ko,False,2026-04-02 00:07:40,🇰🇷 한국,https://pbs.twimg.com/media/HB_Q9KmbkAA--xO.jpg
2026568340517564761,뷰티캠,5. 롯데월드 가서 사진 오만장 찍을 룩 https://t.co/XF0suM1xl6,Wed Feb 25 08:01:58 +0000 2026,1964220229023883264,뷰티캠 코리아,beautycam_kr,76,0,0,1,https://x.com/beautycam_kr/status/2026568340517564761,ko,False,2026-04-02 00:07:40,🇰🇷 한국,https://pbs.twimg.com/media/HB_RJdpaMAAf5PI.jpg
2026568676728779187,뷰티캠,6. 대학 가니까 교복 입던 때가 그립고 막 그러네 룩 https://t.co/Zp5JwSKFck,Wed Feb 25 08:03:19 +0000 2026,1964220229023883264,뷰티캠 코리아,beautycam_kr,21,0,0,1,https://x.com/beautycam_kr/status/2026568676728779187,ko,False,2026-04-02 00:07:40,🇰🇷 한국,https://pbs.twimg.com/media/HB_Rcp8aMAA_RQ6.jpg
2026565891392233751,뷰티캠,봄 개강룩 9가지 착장 모음* ˖˟༝￼🎀˖˟ ༝˖˟ https://t.co/ESAdbL7td7,Wed Feb 25 07:52:14 +0000 2026,1964220229023883264,뷰티캠 코리아,beautycam_kr,419,0,0,1,https://x.com/beautycam_kr/status/2026565891392233751,ko,False,2026-04-02 00:07:40,🇰🇷 한국,https://pbs.twimg.com/media/HB_O7N4aUAAquKm.jpg
2026567980474364314,뷰티캠,3. 이사통 보고 감명 받아서 옷장에 있는 옷으로 어찌저찌 조합해봤어 룩 https://t.co/4dPIf79nSM,Wed Feb 25 08:00:33 +0000 2026,1964220229023883264,뷰티캠 코리아,beautycam_kr,122,0,0,1,https://x.com/beautycam_kr/status/2026567980474364314,ko,False,2026-04-02 00:07:40,🇰🇷 한국,https://pbs.twimg.com/media/HB_Q0VraMAQyJsu.jpg
2038609750053814335,메이투,메이투에 봉제인형 필터 들어온거 개웃겨요 님들 https://t.co/rg1gVaVgfM,Mon Mar 30 13:30:14 +0000 2026,1651895924380278785,Kevin,Kevin_T_BA,1560,48,3,1,https://x.com/Kevin_T_BA/status/2038609750053814335,ko,False,2026-04-02 00:07:19,🇰🇷 한국,https://pbs.twimg.com/media/HEqYwsTbIAABjOL.jpg
2038621854714462458,메이투,@melk166 메이투 봉제인형 기능인데 뭔가 전 기괴한거같네요 ㅋㅋㅋㅋ,Mon Mar 30 14:18:20 +0000 2026,1401165857003167748,새아저씨🦅뱅,manbabaran,106,2,0,0,https://x.com/manbabaran/status/2038621854714462458,ko,False,2026-04-02 00:07:19,🇰🇷 한국,
2038601019924582859,메이투,"헉 너무 오랜만에 스핀 켰는데 제가 진짜 캐늦었네요 죄송....
저 늘 기카만 써요!!! 그러고 메이투 합니다 ㅎㅎ.. https://t.co/Yn7kNqyb6b",Mon Mar 30 12:55:33 +0000 2026,1958737616989560833,non,nonmeltdown,250,0,0,0,https://x.com/nonmeltdown/status/2038601019924582859,ko,False,2026-04-02 00:07:19,🇰🇷 한국,
2038613271633412587,메이투,메이투 ㅁㅊ https://t.co/kxLkjw0zyI,Mon Mar 30 13:44:14 +0000 2026,1487295753848459266,Beyond,byondll,368,18,1,2,https://x.com/byondll/status/2038613271633412587,ko,False,2026-04-02 00:07:19,🇰🇷 한국,https://pbs.twimg.com/media/HEqb8v8aUAAHOSq.jpg
2038618807141564858,메이투,@Ehsta__ 메이투 추천해욤,Mon Mar 30 14:06:13 +0000 2026,1849258238291984384,하늘/ 5일페(양일),hnlr3162,35,1,0,0,https://x.com/hnlr3162/status/2038618807141564858,ko,False,2026-04-02 00:07:19,🇰🇷 한국,
2025969344518533441,뷰티캠,뷰티캠 씁니당!! https://t.co/iFWHlu8UbT,Mon Feb 23 16:21:47 +0000 2026,1945162274869796866,리보,ribo927_,334,1,0,0,https://x.com/ribo927_/status/2025969344518533441,ko,False,2026-03-30 06:30:30,🇰🇷 한국,
2038492100636062016,메이투,"메이투 까지가 내 얼굴임!
아이라인 그린데 까지가 내 눈임!",Mon Mar 30 05:42:44 +0000 2026,772823101071429632,시에나트,syenart,23,0,0,0,https://x.com/syenart/status/2038492100636062016,ko,False,2026-03-30 06:30:06,🇰🇷 한국,
2038013226282303724,메이투,@heeblue0602 저는 메이투 이비스 사용해요!,Sat Mar 28 21:59:52 +0000 2026,1954167278410358785,감자,gamja_0922,62,0,0,0,https://x.com/gamja_0922/status/2038013226282303724,ko,False,2026-03-30 06:30:06,🇰🇷 한국,
2038270022087582077,메이투,메이투 넘 좋구요 https://t.co/SO2GNNHmnW,Sun Mar 29 15:00:17 +0000 2026,1892082792391114756,ViVi,bona_dies_,354,32,1,1,https://x.com/bona_dies_/status/2038270022087582077,ko,False,2026-03-30 06:30:06,🇰🇷 한국,https://pbs.twimg.com/media/HEljyIMaoAAfjNU.jpg
2037382042573492519,메이투,메이투 보정마냥 눈맏 커지게 해줘 제밯,Fri Mar 27 04:11:46 +0000 2026,1973164349813649408,우웩,j5ezk,111,0,0,0,https://x.com/j5ezk/status/2037382042573492519,ko,False,2026-03-30 06:30:06,🇰🇷 한국,
2038242541779517851,메이투,"@picapicaspica0 헐
메이투 보정은 알고 있었는데 카메라 있다는걸 왜 몰랐지
이번에 써봐야겠네요!!!!!",Sun Mar 29 13:11:05 +0000 2026,2014948213628010498,욘,yyon_e,53,1,0,0,https://x.com/yyon_e/status/2038242541779517851,ko,False,2026-03-30 06:30:06,🇰🇷 한국,
2038253770749218876,메이투,@1ove_cos ㅋㅋㅋㅋㅋㅋ 메이투 필터ㅜㅜㅋㅋㅋ,Sun Mar 29 13:55:42 +0000 2026,1938872957071446016,밋쯔,Mitz_X_0,76,1,0,0,https://x.com/Mitz_X_0/status/2038253770749218876,ko,False,2026-03-30 06:30:06,🇰🇷 한국,
2038266022155984976,메이투,@1maokita 메이투 앱 잇어??? 여기 에이아이 그룹 사진으로 드가면 댐!!!! https://t.co/JrtKAN3RtM,Sun Mar 29 14:44:23 +0000 2026,1135522547238203393,형사콤,mrfstkak,31,0,0,1,https://x.com/mrfstkak/status/2038266022155984976,ko,False,2026-03-30 06:30:06,🇰🇷 한국,https://pbs.twimg.com/media/HElgI_VaUAEgwZw.jpg
2038237693973590483,메이투,"@yenzziiiii ㄱㅊ아 우리에겐 메이투, 에픽 등등이 잇으니까",Sun Mar 29 12:51:49 +0000 2026,2036422844050190336,앙꼬,voryvf,46,0,0,0,https://x.com/voryvf/status/2038237693973590483,ko,False,2026-03-30 06:30:06,🇰🇷 한국,
2037502617337897225,메이투,"벚꽃사진 찍으면 메이투가서 
토닝&gt;조명&gt;주변광&gt;헤어샤인 먹여보시라
개인적으로 셀카는 벚꽃필터하면 이목구비 죽여서 메이투 플레시보정하고 아이폰 기본 색보정하고 자연광 먹이는게 이쁘더라구요... https://t.co/3WrhBTrQon",Fri Mar 27 12:10:53 +0000 2026,1896392087660281856,aaa,chocolatemalong,144637,1915,391,1,https://x.com/chocolatemalong/status/2037502617337897225,ko,False,2026-03-30 06:30:06,🇰🇷 한국,https://pbs.twimg.com/media/HEap1GdaMAABL6Q.jpg
2037536944926990512,메이투,"화장품 브랜드 님들...
상세페이지에 Ai 이미지를 쓰면 
사람들이 그 제품을 사겟어요 ...
화장품 효과가 아니라 ai효과인데... 아요즘 ai좋구나 하고 메이투 월간결제해서  ai로 맥북셀카 만들겟지...",Fri Mar 27 14:27:17 +0000 2026,993828028860907520,머랭단호박수프,bboingmeringue,16737,701,137,2,https://x.com/bboingmeringue/status/2037536944926990512,ko,False,2026-03-30 06:30:06,🇰🇷 한국,
2038206245442929108,메이투,메이투 염색 기능 조타..( ◜𖥦◝ ) https://t.co/202L98HkSp,Sun Mar 29 10:46:51 +0000 2026,1924491242475511809,두팔,du_pal0_0,578,29,1,1,https://x.com/du_pal0_0/status/2038206245442929108,ko,False,2026-03-30 06:30:06,🇰🇷 한국,https://pbs.twimg.com/media/HEkpxtVaMAEpolO.jpg
2038396572137128445,메이투,@beomgolaeall 메이투!,Sun Mar 29 23:23:09 +0000 2026,2031100030908846080,보리콩,yuuulbie,22,0,0,0,https://x.com/yuuulbie/status/2038396572137128445,ko,False,2026-03-30 06:30:06,🇰🇷 한국,
2037915792843665755,메이투,메이투 말 안된다 ㅋㅋ https://t.co/i0PDrXyHZL,Sat Mar 28 15:32:42 +0000 2026,1974439595602563072,_ HDAUN,HDAUN150953,59,0,0,0,https://x.com/HDAUN150953/status/2037915792843665755,ko,False,2026-03-30 06:30:06,🇰🇷 한국,https://pbs.twimg.com/media/HEghnDLb0AAF1aE.jpg
2038041862922195156,메이투,"@blue_seaon_ 전 메이투 정착해서 이걸 더 추천하긴 해요
(৹ᵒ̴̶̷᷄ ᴗ ᵒ̴̶̷᷅৹)  필터도 많아서 편집 날먹 가능이랍니당",Sat Mar 28 23:53:39 +0000 2026,1384499878911307778,탐미의 공주 로한,ro_h_a__n,96,0,0,1,https://x.com/ro_h_a__n/status/2038041862922195156,ko,False,2026-03-30 06:30:06,🇰🇷 한국,
2038211563086381541,메이투,예 저 메이투 45000원인가내고 1년구독햇어요ㅎㅎ,Sun Mar 29 11:07:59 +0000 2026,1375124414614761472,범,wtf_im_soo_cool,303,1,0,0,https://x.com/wtf_im_soo_cool/status/2038211563086381541,ko,False,2026-03-30 06:30:06,🇰🇷 한국,
2037476696140746921,메이투,@chitty529 메이투,Fri Mar 27 10:27:53 +0000 2026,1888929043535577088,무지막지민지,mixzixzi,71,0,0,0,https://x.com/mixzixzi/status/2037476696140746921,ko,False,2026-03-30 06:30:06,🇰🇷 한국,
2038261958718489075,메이투,메이투 그만땡기고 정정당당하게붙어라 https://t.co/9aXocKdg3M,Sun Mar 29 14:28:14 +0000 2026,2002363531602370560,eos,fhdkqn,477,2,0,0,https://x.com/fhdkqn/status/2038261958718489075,ko,False,2026-03-30 06:30:06,🇰🇷 한국,https://pbs.twimg.com/media/HElcctLbEAA8daU.jpg
2037436638595514430,메이투,@colossus112 메이투.. 저장하겠습니더,Fri Mar 27 07:48:43 +0000 2026,1830269929632989184,ManTa,FZits69444,55,1,0,1,https://x.com/FZits69444/status/2037436638595514430,ko,False,2026-03-30 06:30:06,🇰🇷 한국,
2037518438118371770,메이투,@ilovemaedarikuu 메이투 토닝&gt;조명&gt;주변광&gt;헤어샤인 입니다!! 오른쪽은 헤어샤인 옆에 반짝임 입니다!,Fri Mar 27 13:13:45 +0000 2026,1896392087660281856,aaa,chocolatemalong,2323,8,2,0,https://x.com/chocolatemalong/status/2037518438118371770,ko,False,2026-03-30 06:30:06,🇰🇷 한국,
2037462770502033891,메이투,나도 메이투 잔뜩 때린듯한 장현승 실물 보고싶다.,Fri Mar 27 09:32:33 +0000 2026,1693794724216528896,자연재해,ssipdukshake,388,1,0,0,https://x.com/ssipdukshake/status/2037462770502033891,ko,False,2026-03-30 06:30:06,🇰🇷 한국,
2037222015443362315,메이투,"김석진오빠는 메이투도 안 쓸텐데
피부 좃니 좋네 진짜..",Thu Mar 26 17:35:52 +0000 2026,1503013065935429633,내공｡。,2nthemoon,64,0,0,0,https://x.com/2nthemoon/status/2037222015443362315,ko,False,2026-03-30 06:30:06,🇰🇷 한국,
2038367122271928738,메이투,"메이투 분철 들어가고 싶어요🥹

메이투 분철 meitu",Sun Mar 29 21:26:07 +0000 2026,1708902054960492544,🎸,winter_guitar,17,0,0,0,https://x.com/winter_guitar/status/2038367122271928738,ko,False,2026-03-30 06:30:06,🇰🇷 한국,
2037524602713469365,메이투,@9ew9e 메이투,Fri Mar 27 13:38:15 +0000 2026,1989508591427153920,ㅇㅇ,Sleep999man,42,0,0,0,https://x.com/Sleep999man/status/2037524602713469365,ko,False,2026-03-30 06:30:06,🇰🇷 한국,
2038256919681585298,메이투,"@tsukasamew 헐 ?! 저도 메이투 쓰는데 왜 못봤을까요...🥹🥹 알려쥬셔서 감사합니다 당장 만들러 감,,,",Sun Mar 29 14:08:13 +0000 2026,1135522547238203393,형사콤,mrfstkak,30,1,0,0,https://x.com/mrfstkak/status/2038256919681585298,ko,False,2026-03-30 06:30:06,🇰🇷 한국,
2038470956247912548,메이투,메이투..짱이네요 ㅇㅅㅇ; (이제그만올릴게요..) https://t.co/NARjLV9bPq,Mon Mar 30 04:18:43 +0000 2026,1554938811335188480,나무,jenwk7,214,24,1,0,https://x.com/jenwk7/status/2038470956247912548,ko,False,2026-03-30 06:30:06,🇰🇷 한국,https://pbs.twimg.com/media/HEoaiEWbMAAyRCT.jpg
2038240547173806413,메이투,@yonyon635210 메이투 촬영도 좋은 거 같아요!,Sun Mar 29 13:03:09 +0000 2026,1998187082318237696,피카피카스피카,picapicaspica0,49,1,0,1,https://x.com/picapicaspica0/status/2038240547173806413,ko,False,2026-03-30 06:30:06,🇰🇷 한국,
2038468836706734552,메이투,"ㅁㅔ이투 유료까지는 안쓰지않을까 생각하는 한국인
그러나… 광고가 넘 거슬린다
다음에 유료할인하몈 불러다오 그때 결제해야지",Mon Mar 30 04:10:18 +0000 2026,1953745766876659712,이든,idn_LDP,44,0,0,0,https://x.com/idn_LDP/status/2038468836706734552,ko,False,2026-03-30 06:30:06,🇰🇷 한국,
2037479149938606461,메이투,"@Na0_Gji 🥺사진은 메이투 쓰는데 영상을.,!",Fri Mar 27 10:37:38 +0000 2026,1518558585143250944,아해,Cos_DongJa,56,1,0,1,https://x.com/Cos_DongJa/status/2037479149938606461,ko,False,2026-03-30 06:30:06,🇰🇷 한국,
2038263805386654017,메이투,@ainso0427 ㅋㅋ언니이거 메이투 기능임ㅋㅋㅋ해봨ㅋㅋㅋㅋㅋ,Sun Mar 29 14:35:34 +0000 2026,1979878010271707136,리즈,flurrymem,40,0,0,1,https://x.com/flurrymem/status/2038263805386654017,ko,False,2026-03-30 06:30:06,🇰🇷 한국,
2037490915007459659,메이투,메이투 피부 매끈하게 보정 100 https://t.co/JQuNz6uaM1,Fri Mar 27 11:24:23 +0000 2026,1851970626011172865,샤샤,shayeonl,1106,19,0,0,https://x.com/shayeonl/status/2037490915007459659,ko,False,2026-03-30 06:30:06,🇰🇷 한국,https://pbs.twimg.com/media/HEafL8RaUAAjUTn.jpg
2037424200038936839,메이투,@0niJ7snQLq1iw 메이투,Fri Mar 27 06:59:17 +0000 2026,1597243170613784578,말랑이2세🧌,mhyk1ove,70,0,0,1,https://x.com/mhyk1ove/status/2037424200038936839,ko,False,2026-03-30 06:30:06,🇰🇷 한국,
2037915367889383865,메이투,🔒영이 메이투 깔았냐,Sat Mar 28 15:31:00 +0000 2026,1978850453590093824,먀먕,myamyang999,665,0,0,0,https://x.com/myamyang999/status/2037915367889383865,ko,False,2026-03-30 06:30:06,🇰🇷 한국,
2038427639791464774,메이투,@Suyan02 메이투..ㅋㅋㅋ ㅠ,Mon Mar 30 01:26:36 +0000 2026,1347809311527903235,sumi,S9_1_1_1_1,13,0,0,0,https://x.com/S9_1_1_1_1/status/2038427639791464774,ko,False,2026-03-30 06:30:06,🇰🇷 한국,
2038261590458519672,메이투,대엉이 오늘 메이투 처음 깔았나보다,Sun Mar 29 14:26:46 +0000 2026,1630434527758934016,윤겸,idisyoongyum,329,1,0,0,https://x.com/idisyoongyum/status/2038261590458519672,ko,False,2026-03-30 06:30:06,🇰🇷 한국,
2037854826370056321,메이투,"@pipi_cosP 눈코입 제공: 아로새
창조: 메이투&amp;아로새",Sat Mar 28 11:30:26 +0000 2026,1586226583505100800,아로새,A_lo_sae,69,0,0,0,https://x.com/A_lo_sae/status/2037854826370056321,ko,False,2026-03-30 06:30:06,🇰🇷 한국,
2038261769999970605,메이투,@Serendiptiy_613 메이투 가서 하면대!!!,Sun Mar 29 14:27:29 +0000 2026,1626893490440507394,한올,h0n_b11n,48,0,0,1,https://x.com/h0n_b11n/status/2038261769999970605,ko,False,2026-03-30 06:30:06,🇰🇷 한국,
2038041168244879852,메이투,@ro_h_a__n 오오오옹 그럼 소다나 메이투 중 결제해야겠네용,Sat Mar 28 23:50:54 +0000 2026,1715023827158347777,새온왕쟈 ☻໊*,blue_seaon_,39,1,0,0,https://x.com/blue_seaon_/status/2038041168244879852,ko,False,2026-03-30 06:30:06,🇰🇷 한국,
2038265259363021183,메이투,@i_rxe2 메이투...찬양하라..,Sun Mar 29 14:41:21 +0000 2026,1985301692225933312,유일,onice_her,23,1,0,0,https://x.com/onice_her/status/2038265259363021183,ko,False,2026-03-30 06:30:06,🇰🇷 한국,
2037915075361804427,메이투,메이투 썼냐?,Sat Mar 28 15:29:51 +0000 2026,2010350056277512192,mezase,usermezase,474,8,0,0,https://x.com/usermezase/status/2037915075361804427,ko,False,2026-03-30 06:30:06,🇰🇷 한국,
2038261395620323823,메이투,촬영은 대부분 아이폰 7으로 하구 보정은 메이투 !!! 사용합니다 ... https://t.co/70p4zsbY7G,Sun Mar 29 14:26:00 +0000 2026,1661882053531684865,쑤,xa1pal,638,0,0,0,https://x.com/xa1pal/status/2038261395620323823,ko,False,2026-03-30 06:30:06,🇰🇷 한국,
2038257407445614963,메이투,@Hahwa_Rin ㅋㅋㅋㅋㅋ쿠ㅜㅜㅜㅜ 메이투..ㅜㅜㅋㅋㅋㅋ,Sun Mar 29 14:10:09 +0000 2026,1938872957071446016,밋쯔,Mitz_X_0,86,1,0,1,https://x.com/Mitz_X_0/status/2038257407445614963,ko,False,2026-03-30 06:30:06,🇰🇷 한국,
2038457850893336762,메이투,"김소영은 
인공지능(AI) 사진 보정 애플리케이션 '메이투'를 사용하여 
피해자들에게 외모를 속일 수 있었다고 알려짐... https://t.co/T506P5OdLm",Mon Mar 30 03:26:39 +0000 2026,1410859814847057928,Doonbo,Doonbo_artist,159,4,2,2,https://x.com/Doonbo_artist/status/2038457850893336762,ko,False,2026-03-30 06:30:06,🇰🇷 한국,https://pbs.twimg.com/tweet_video_thumb/HEoN-gPaUAAMIhq.jpg
2038159417561256050,메이투,"epic 에픽 3인 분철팟 한명 더 모집합니다! 다들 메이투 스노우 쓰지만 전 에픽 유목민.. 1년 39900원이라 1년 13300원씩 내면될것같아요! 계정공유로 모집해용 단돈 만원으로 이쁜 보정합시당 😭😭

https://t.co/UVpzlmVtWN

epic 공유 팟 분철 넷플 디플 티빙",Sun Mar 29 07:40:46 +0000 2026,1528302857895964673,제발정지4개째에요팔신받아주세요제발,luvingminty,287,0,0,0,https://x.com/luvingminty/status/2038159417561256050,ko,False,2026-03-30 06:30:06,🇰🇷 한국,
2038204861079228901,메이투,@bHchu_312 이거 메이투 에이아이 유료 기능이에요,Sun Mar 29 10:41:21 +0000 2026,1943099648085803008,삼 SAM,chsam025,65,0,0,1,https://x.com/chsam025/status/2038204861079228901,ko,False,2026-03-30 06:30:06,🇰🇷 한국,
2037513388432208278,메이투,모든 사진은 아이폰 기카로만 찍오! 피부 보정은 메이투 얼굴 기능으로 볼륨이랑 다크서클만 정리함!! https://t.co/M9CDYZOjkd,Fri Mar 27 12:53:41 +0000 2026,1817039699397296128,앝,taangtaang22,667,0,0,0,https://x.com/taangtaang22/status/2037513388432208278,ko,False,2026-03-30 06:30:06,🇰🇷 한국,
2038466836250214463,메이투,와.. 메이투 그저 감탄밖에 안나오네,Mon Mar 30 04:02:21 +0000 2026,1554938811335188480,나무,jenwk7,85,2,0,0,https://x.com/jenwk7/status/2038466836250214463,ko,False,2026-03-30 06:30:06,🇰🇷 한국,
2038141116084855251,메이투,@ppiu0i0qq 메이투 짱이에요,Sun Mar 29 06:28:03 +0000 2026,1583678095948931073,별빛소나무🌟,startree_cos,80,0,0,1,https://x.com/startree_cos/status/2038141116084855251,ko,False,2026-03-30 06:30:06,🇰🇷 한국,
2038212657724211619,메이투,"메이투 템플릿 무료로 저장 가능하길래
여친사진, 내 사진 해서 돌림
ㅈㅉ 내 여친 너무 이쁘고 아름답고 막 그럼 https://t.co/u2JzwFxFwS",Sun Mar 29 11:12:20 +0000 2026,2032746180992708612,˚ʚ2uɞ˚,S2U_hearts,125,2,0,0,https://x.com/S2U_hearts/status/2038212657724211619,ko,False,2026-03-30 06:30:06,🇰🇷 한국,https://pbs.twimg.com/media/HEkvmZ2bcAADS5K.jpg
2036802823946666306,meitu,"무슨 기능이였을까
주름 제거로 하나 하나 지운거 아닐지",Wed Mar 25 13:50:09 +0000 2026,1710637620458598400,kore(코레),cossmadness,1291,7,0,2,https://x.com/cossmadness/status/2036802823946666306,ko,False,2026-03-30 06:29:43,🇰🇷 한국,
2037119489645699309,메이투,@irpo7k 메이투+100 틱톡+100 ㅋㅋ,Thu Mar 26 10:48:28 +0000 2026,2031321853063831552,55,maruitzzz,79,0,0,0,https://x.com/maruitzzz/status/2037119489645699309,ko,False,2026-03-30 00:07:25,🇰🇷 한국,
2037155950767882334,메이투,@jianii_1 메이투 버무려야되는 현실 너무 슬프다,Thu Mar 26 13:13:21 +0000 2026,2011326955623497729,데니.,stopbydeniz,49,0,0,0,https://x.com/stopbydeniz/status/2037155950767882334,ko,False,2026-03-30 00:07:25,🇰🇷 한국,
2037006676113711557,메이투,"스한 앤 메이투
메이트만 보면 ㄱㅊ은데
승한앤은 왜붙임?",Thu Mar 26 03:20:11 +0000 2026,1776535344449720320,쏘햄,Ss0ham_,62,0,0,0,https://x.com/Ss0ham_/status/2037006676113711557,ko,False,2026-03-30 00:07:25,🇰🇷 한국,
2037120731168071688,메이투,"나는 메이투 잘 안 하는 이유가, 걍 보정을 이따구로 한다고.!.!??.!? 가 나와서 안 함.",Thu Mar 26 10:53:24 +0000 2026,2016072691196088321,황월,lehwangbae83317,179,0,0,0,https://x.com/lehwangbae83317/status/2037120731168071688,ko,False,2026-03-30 00:07:25,🇰🇷 한국,
2037094155412005280,메이투,중국언론들은 기자용카메라도 메이투 깔아놓나봐,Thu Mar 26 09:07:48 +0000 2026,1841190306701852678,Uneducated 0,chvvolz,411,1,0,1,https://x.com/chvvolz/status/2037094155412005280,ko,False,2026-03-30 00:07:25,🇰🇷 한국,
2037155459669635530,메이투,"메이투 분철 자리 있으면 연락 주세요!
아이폰입니다 😭

메이투 메이투 분철",Thu Mar 26 13:11:24 +0000 2026,1858162077069914112,미희,Kimnlxx,213,0,0,1,https://x.com/Kimnlxx/status/2037155459669635530,ko,False,2026-03-30 00:07:25,🇰🇷 한국,
2031316252103508308,meitu,@milksuger_c2 Meitu라는 어플을 써요!,Tue Mar 10 10:28:29 +0000 2026,1970810104996868096,수아,suuuruwu,32,0,0,1,https://x.com/suuuruwu/status/2031316252103508308,ko,False,2026-03-30 00:07:09,🇰🇷 한국,
2027811388782219344,뷰티캠,"@frfvfa 메이투도될것같긴한데
카메라 뷰티캠 보정 프리티업 섞어써보샘",Sat Feb 28 18:21:24 +0000 2026,1720381584975765504,밥탱규,xamasote,80,0,0,1,https://x.com/xamasote/status/2027811388782219344,ko,False,2026-03-26 05:55:23,🇰🇷 한국,
2025492805020422379,뷰티캠,"•광고
우리 동물 친구들
여친·남친… 솔직히 없잖아🐱🐶
밖에 나갈 수도 없고

그래도 크리스마스 분위기는
냥냥하게 느껴보자 🎄✨
올겨울 크리스마스 사진 한 장,
뷰티캠으로 남겨보자고~~~

🏷️@ https://t.co/0fi9PkSshV",Sun Feb 22 08:48:11 +0000 2026,2012765566931554304,흑당이 • 슈퍼스타,brownsugar_d89,37,0,0,0,https://x.com/brownsugar_d89/status/2025492805020422379,ko,False,2026-03-26 05:55:23,🇰🇷 한국,https://pbs.twimg.com/media/HBv-7x8agAAa3wa.jpg
2025147031426408804,뷰티캠,@iknow_iamcute @pochico__ 뷰티캠 쓰는데 중국어플이라 비추..,Sat Feb 21 09:54:12 +0000 2026,1968556793228840960,다이 +,dadaii444,81,1,0,0,https://x.com/dadaii444/status/2025147031426408804,ko,False,2026-03-26 05:55:23,🇰🇷 한국,
2025952712463126878,뷰티캠,"뷰티캠 아이폰모드 이놈정말좋습니다...
쌩얼로 영상 찍어두 보정이 적당히들어가서 어색하지않고꽤괜으로나옴",Mon Feb 23 15:15:41 +0000 2026,947880412201730048,🎶,urmyjjelly,98,0,0,0,https://x.com/urmyjjelly/status/2025952712463126878,ko,False,2026-03-26 05:55:23,🇰🇷 한국,
2035049103584116774,메이투,"메이투 ㅈㄴ뽕뽑아.
130000원어치사용해야돼지금",Fri Mar 20 17:41:30 +0000 2026,1597243170613784578,말랑이2세🧌,mhyk1ove,108,1,0,0,https://x.com/mhyk1ove/status/2035049103584116774,ko,False,2026-03-26 05:55:00,🇰🇷 한국,
2035390012968386810,메이투,메이투: 주인니이이이임... 이젠 정말 한계예요..,Sat Mar 21 16:16:09 +0000 2026,1993958588805730308,rosyae,rosyae_,280,1,0,1,https://x.com/rosyae_/status/2035390012968386810,ko,False,2026-03-26 05:55:00,🇰🇷 한국,
2036385831364276264,메이투,"@ciah0h 아니 쟤 메이투 ai돌린 사진으로
트친소올린거 노무노무 웃기긔",Tue Mar 24 10:13:11 +0000 2026,2027422028262002688,짬지말랑이(상태:오상우),sashailv2,89,1,0,2,https://x.com/sashailv2/status/2036385831364276264,ko,False,2026-03-26 05:55:00,🇰🇷 한국,
2036087235523891481,메이투,"메이투 분철 인원 채우시는 분 연락 주세요.. 
메이투 분철 모임에 끼고 싶습니다
그유명한 ai도 아직 안 써봤어요
아이폰임 ㅜ.ㅜ",Mon Mar 23 14:26:40 +0000 2026,2016269746640183296,ryn,rynrvo,115,3,0,0,https://x.com/rynrvo/status/2036087235523891481,ko,False,2026-03-26 05:55:00,🇰🇷 한국,
2035035048618168698,메이투,"요즘 진짜 메이투 결제할까 고민하게됨
플래시 &lt; 이게 ㄹㅇ 씹사기같아 https://t.co/k40QCCoQAT",Fri Mar 20 16:45:39 +0000 2026,1597243170613784578,말랑이2세🧌,mhyk1ove,298,3,0,2,https://x.com/mhyk1ove/status/2035035048618168698,ko,False,2026-03-26 05:55:00,🇰🇷 한국,https://pbs.twimg.com/media/HD3llfbagAAYGYL.jpg
2035620441189240960,메이투,이번 촬영회때 마린 가발이 개털처럼 파사사삭 날려서 보정으로 최대한 지우다가 메이투 날라갈뻔햇어. 나 눈물 날뻔햇어,Sun Mar 22 07:31:47 +0000 2026,1531863504738975744,햇뇽 (ᓀ‸ᓂ),hae_nyong_,153,4,0,0,https://x.com/hae_nyong_/status/2035620441189240960,ko,False,2026-03-26 05:55:00,🇰🇷 한국,
2036956267735060656,메이투,"늘 말하지만 전 메이투 기본 보정 카메라 외 후보정은 전혀 안 합니다
귀찮고
어캐하는데그거
실물: 저기서 얼굴좀더크고어두움",Wed Mar 25 23:59:53 +0000 2026,1957601617819353088,부유,_Bu_yu,45,4,0,0,https://x.com/_Bu_yu/status/2036956267735060656,ko,False,2026-03-26 05:55:00,🇰🇷 한국,
2036828441031651633,메이투,ai가 아니고 찐하여오빠가 금발뺑이 쳐주셧다는 사실이라는거임 그니까 이게 메이투 아니고 틱톡필터 아니고 진짜 하빵이라는거잖아 😄 https://t.co/MCEQaCdMeb,Wed Mar 25 15:31:57 +0000 2026,2025638308920143872,pian..,yipianh,116,4,1,0,https://x.com/yipianh/status/2036828441031651633,ko,False,2026-03-26 05:55:00,🇰🇷 한국,https://pbs.twimg.com/media/HEREq2zbAAAmKkD.jpg
2036315697920483722,메이투,"나 에픽이나 메이투 결제하고싶음
공짜로&lt;",Tue Mar 24 05:34:29 +0000 2026,1984169487646781444,솔둥이(상태: 라이브쀼잉),ko2shita,37,0,0,0,https://x.com/ko2shita/status/2036315697920483722,ko,False,2026-03-26 05:55:00,🇰🇷 한국,
2036010385967374687,메이투,메이투 돌린 거 같은 사진이 ai가 아니라 진짜라니 https://t.co/r2jdBVv8vp,Mon Mar 23 09:21:17 +0000 2026,1550509024763793408,뀨?,ggyu_qm,39,0,0,0,https://x.com/ggyu_qm/status/2036010385967374687,ko,False,2026-03-26 05:55:00,🇰🇷 한국,https://pbs.twimg.com/media/HEFcp1nbUAAVg53.jpg
2035551826398138539,메이투,@yuiiii321 메이투 결제의 힘임,Sun Mar 22 02:59:08 +0000 2026,1824595829816168448,븐개,beun_gae,39,0,0,1,https://x.com/beun_gae/status/2035551826398138539,ko,False,2026-03-26 05:55:00,🇰🇷 한국,
2036093792932270188,메이투,진짜 메이투 얼굴로 움직이네 구라가아녓어…….. https://t.co/IExKh33wdf,Mon Mar 23 14:52:43 +0000 2026,1629862377687777280,dumpling..,firstmand00,815,28,6,0,https://x.com/firstmand00/status/2036093792932270188,ko,False,2026-03-26 05:55:00,🇰🇷 한국,
2036996970301317417,메이투,@havely333 이번에 메이투 사쿠라 필터 나왔는데 좋아요!! 🌸,Thu Mar 26 02:41:37 +0000 2026,1854518214035959808,아이,cos_s2ais2,23,1,0,1,https://x.com/cos_s2ais2/status/2036996970301317417,ko,False,2026-03-26 05:55:00,🇰🇷 한국,
2036717171544637588,메이투,@gloom_always 어어 형아 메이투 브아피 뽕뽑는중 사진가져와 다 인형으로 만들어버리게,Wed Mar 25 08:09:48 +0000 2026,1644000370887364608,禁止转载,eh_0_neg,99,0,0,1,https://x.com/eh_0_neg/status/2036717171544637588,ko,False,2026-03-26 05:55:00,🇰🇷 한국,
2035707014891098269,메이투,@s1soooo 왕홍체험 메이투 AI라 쌤도 하실 수 있어용！！ 결혼갈겨요🤭,Sun Mar 22 13:15:48 +0000 2026,1966274636506869766,캣,Meerkat_cos,42,1,0,1,https://x.com/Meerkat_cos/status/2035707014891098269,ko,False,2026-03-26 05:55:00,🇰🇷 한국,
2035762738992206167,메이투,"?? : 나 메이투로 보정해 줘
ㄴ 저는 메이투를 안 쓰는데도…

?? : 그럼 저는 입술만 칠해주세요
ㄴ 저 메이투 안 쓴다코요… https://t.co/wNIRCYjeAp",Sun Mar 22 16:57:14 +0000 2026,1945483485877239811,",",lxvyxnxcxp,104,0,0,0,https://x.com/lxvyxnxcxp/status/2035762738992206167,ko,False,2026-03-26 05:55:00,🇰🇷 한국,https://pbs.twimg.com/media/HEB7a8WbAAA6ArW.jpg
2036102636634796118,메이투,"유행 따라 나도 겨울스냅…❄️
메이투 앱으로 따로 촬영없이 원래 있던 사진으로 편하게 스냅샷 만들었당✌🏻
빨강 목도리랑 파랑 목도리 뭐가 더 나아!?

📌사용방법 : 메이투 앱 → AI효과 → AI 아트 →  눈 내리는밤 https://t.co/IDzXmzJcWw",Mon Mar 23 15:27:52 +0000 2026,2026143531145048064,김선우(미또),AriaLewis59162,40,0,0,0,https://x.com/AriaLewis59162/status/2036102636634796118,ko,False,2026-03-26 05:55:00,🇰🇷 한국,https://pbs.twimg.com/media/HEGwhefagAAVAUo.jpg
2035047604518887590,메이투,"하 아니 나 구글프사 (약 6-7년째) 이거 쓰다가 얼마전에 다른걸로 바꿧는데 메이투 로그인하니까 또 이걸로 뜸...
ㄷㅈ야겠다 https://t.co/j7fdWPmcL9",Fri Mar 20 17:35:32 +0000 2026,1597243170613784578,말랑이2세🧌,mhyk1ove,263,6,0,1,https://x.com/mhyk1ove/status/2035047604518887590,ko,False,2026-03-26 05:55:00,🇰🇷 한국,https://pbs.twimg.com/media/HD3xAquboAMI3eT.jpg
2036826235469484279,메이투,"헐 눈썹 진해진지 의식도 못하구 있었어여🫢🫢 
저는 따로 안건드리구 메이투가 알아서 잘 해주고 있었네요ㅎㅎ https://t.co/5yBb4FZwE2",Wed Mar 25 15:23:11 +0000 2026,1997449999333175297,영웑,youngwon050621,288,4,0,1,https://x.com/youngwon050621/status/2036826235469484279,ko,False,2026-03-26 05:55:00,🇰🇷 한국,
2035718783466410357,메이투,어떻게사람이 메이투 ai생성처럼 생기지 https://t.co/HuDTR6vyrU,Sun Mar 22 14:02:34 +0000 2026,2001178740995588096,ahn keonho make it high,bloodshoteyes29,26,0,0,0,https://x.com/bloodshoteyes29/status/2035718783466410357,ko,False,2026-03-26 05:55:00,🇰🇷 한국,https://pbs.twimg.com/media/HEBTcY4aQAATNtF.jpg
2036283764402471032,메이투,메이투…결제해야되나….먼가 돈 아까운데….,Tue Mar 24 03:27:36 +0000 2026,1818785857782026240,아야/트친소,ayayayayay15564,72,5,0,0,https://x.com/ayayayayay15564/status/2036283764402471032,ko,False,2026-03-26 05:55:00,🇰🇷 한국,
2036473082253287670,메이투,메이투 쓸까,Tue Mar 24 15:59:53 +0000 2026,1584061625438711808,지옥에서 온 오타쿠,Eseo_Otaku,191,1,0,0,https://x.com/Eseo_Otaku/status/2036473082253287670,ko,False,2026-03-26 05:55:00,🇰🇷 한국,
2035302291331494195,메이투,"메이투라는거 인생처음깔아봣는데
이렇게깎다가 이렇게하면씨잼죽죠 얼굴 돼서 
삭제함",Sat Mar 21 10:27:34 +0000 2026,2032073004616925184,김집휘네이션2,gimjibjib22678,178,2,0,0,https://x.com/gimjibjib22678/status/2035302291331494195,ko,False,2026-03-26 05:55:00,🇰🇷 한국,
2036778953042694380,메이투,@neomneommm 너도 메이투 결제햇냐ㅋㅋㅋㅋ,Wed Mar 25 12:15:18 +0000 2026,1997449999333175297,영웑,youngwon050621,30,0,0,1,https://x.com/youngwon050621/status/2036778953042694380,ko,False,2026-03-26 05:55:00,🇰🇷 한국,
2036676839402529236,메이투,"@manbabaran 아닠ㅋㅋㅋㅋㅋㅋ
메이투 저 기능 동물도 인식 대냐고요~",Wed Mar 25 05:29:32 +0000 2026,1764018375972499456,시론,SiRoN__nt18,28,0,0,1,https://x.com/SiRoN__nt18/status/2036676839402529236,ko,False,2026-03-26 05:55:00,🇰🇷 한국,
2035579516450652615,메이투,"뭐야 이거 메이투 보정앱아녔음??
나 아민거 어케알고!! https://t.co/9DSykMmrDj",Sun Mar 22 04:49:10 +0000 2026,1945027058662563841,찐찐,saumie89,132,5,0,0,https://x.com/saumie89/status/2035579516450652615,ko,False,2026-03-26 05:55:00,🇰🇷 한국,https://pbs.twimg.com/media/HD_UyBOaYAEjpmI.jpg
2035633615560945794,메이투,@lexn0nme 6s로 찍고 메이투 2시간하면 됨,Sun Mar 22 08:24:08 +0000 2026,2020844121456513025,동굴,b1gwao,318,2,0,0,https://x.com/b1gwao/status/2035633615560945794,ko,False,2026-03-26 05:55:00,🇰🇷 한국,
2036685702373712338,메이투,@oil_plz 안댐 메이투 돌려야댐,Wed Mar 25 06:04:45 +0000 2026,1957114365062316032,k i n i,kinii116,44,0,0,1,https://x.com/kinii116/status/2036685702373712338,ko,False,2026-03-26 05:55:00,🇰🇷 한국,
2035192303179153588,메이투,"#광고

대전 카페 중앙다방 갔다 온 사진에다가 메이투 버터크림 필터 적용했는데 너무 찰떡임 필카 느낌 남!!

#메이투 #보정 #필터 #버터필터 #사진 #감성 https://t.co/7ZUhjtlCme",Sat Mar 21 03:10:31 +0000 2026,2027945863981764610,티드,JurigaMire86173,107,0,0,0,https://x.com/JurigaMire86173/status/2035192303179153588,ko,False,2026-03-26 05:55:00,🇰🇷 한국,https://pbs.twimg.com/media/HD50nVEboAIImgP.jpg
2036858624304177488,메이투,셀카를 안 찍을지언정 메이투로 보정하진 않겟다는 피의 연합 https://t.co/bYyWaXpipO,Wed Mar 25 17:31:53 +0000 2026,2009688934260060162,0,0qe0n,72,0,0,1,https://x.com/0qe0n/status/2036858624304177488,ko,False,2026-03-26 05:55:00,🇰🇷 한국,https://pbs.twimg.com/media/HERgG4XbYAI5u00.jpg
2034990992643039616,메이투,메이투당장켴ㅋㅋ🤍🤍🧈🫧,Fri Mar 20 13:50:35 +0000 2026,1762353629321887744,♡,itudiye,276,3,0,0,https://x.com/itudiye/status/2034990992643039616,ko,False,2026-03-26 05:55:00,🇰🇷 한국,
2035316054751391939,메이투,애플뮤직이랑색깔똑같아서 착각하고메이투들어감ㅜㅜ왜귀보정하려고? ㅅㅂ https://t.co/4uKnsSafwN,Sat Mar 21 11:22:16 +0000 2026,1966869469516451840,마초떡,ggjwuu,833,14,1,2,https://x.com/ggjwuu/status/2035316054751391939,ko,False,2026-03-26 05:55:00,🇰🇷 한국,https://pbs.twimg.com/media/HD7lKfzaEAAmqy5.jpg
2035564998131692030,메이투,@x0x3_n 메이투 보정을 얼마나 한거임,Sun Mar 22 03:51:29 +0000 2026,2020875819808415744,덩실,deongsilx2,71,0,0,0,https://x.com/deongsilx2/status/2035564998131692030,ko,False,2026-03-26 05:55:00,🇰🇷 한국,
2036791488764608580,메이투,@033023_ 더 못생긴거 밖에 없어서 메이투 켜야해요,Wed Mar 25 13:05:07 +0000 2026,1823210143129149440,📢심주태🐟,seajutea0830,26,0,0,1,https://x.com/seajutea0830/status/2036791488764608580,ko,False,2026-03-26 05:55:00,🇰🇷 한국,
2035217007147458861,메이투,"메이투..mz샷 사용해봤어…✌🏻

메이투앱 - 스폐셜기능 - mz샷 https://t.co/0XjLvpmFBt",Sat Mar 21 04:48:41 +0000 2026,2026691711469236231,어진희,ClaireAdam36221,40,0,0,0,https://x.com/ClaireAdam36221/status/2035217007147458861,ko,False,2026-03-26 05:55:00,🇰🇷 한국,https://pbs.twimg.com/media/HD6LCxxbYAAIHuO.jpg
2035364182544228504,메이투,"메이투 피부톤+100, 피부결+100, 머리작게+100, 매끈하게+100, 주름제거+100, 잡티제거+100 https://t.co/iIqM6wg65W",Sat Mar 21 14:33:31 +0000 2026,1447199584439058434,💕,shyam1ove,500,9,0,0,https://x.com/shyam1ove/status/2035364182544228504,ko,False,2026-03-26 05:55:00,🇰🇷 한국,https://pbs.twimg.com/media/HD8Q7uDakAA9dbG.jpg
2035197858660720959,메이투,"51. 자주 쓰는 어플

유튜브, 트위터, 메이투, 틱톡, 코넥트, 인스타

정도?",Sat Mar 21 03:32:36 +0000 2026,1967027954552369157,낙사데미지 /3부코 양일,Fall_damage_22,77,0,0,1,https://x.com/Fall_damage_22/status/2035197858660720959,ko,False,2026-03-26 05:55:00,🇰🇷 한국,
2035717972187312254,메이투,메이투 ai돌린것같음,Sun Mar 22 13:59:21 +0000 2026,1994434100665724928,🦭,ynri1128,99,1,0,0,https://x.com/ynri1128/status/2035717972187312254,ko,False,2026-03-26 05:55:00,🇰🇷 한국,
2035355762432852162,메이투,@jianii_1 @xleexmio 어머낫🫶🏻(메이투 출신),Sat Mar 21 14:00:03 +0000 2026,2016376683180564481,큐베,qbebeS2,67,0,0,0,https://x.com/qbebeS2/status/2035355762432852162,ko,False,2026-03-26 05:55:00,🇰🇷 한국,
2035298413089284121,메이투,"나 헤어모델 사진제충해야돼서 (무슨과제같누) 오랜만에 메이투 켯는데
이거참좋은 어플이네요 왜안하규살앗지?",Sat Mar 21 10:12:10 +0000 2026,1991044461716205568,히키코노미야끼,little__mn__,121,1,0,0,https://x.com/little__mn__/status/2035298413089284121,ko,False,2026-03-26 05:55:00,🇰🇷 한국,
2035984716369997865,메이투,@iamhaibara 메이투에 있었어.ᐟ 저는 메이투 브이아이피 입니다.,Mon Mar 23 07:39:17 +0000 2026,1746442683734990848,로즈🌹,Rose_Memoria,72,1,0,1,https://x.com/Rose_Memoria/status/2035984716369997865,ko,False,2026-03-26 05:55:00,🇰🇷 한국,
2036538412753441088,메이투,메이투 컨투어 기능으로 위에 어둡게 칠하면 됩니당!! https://t.co/ra6pJe9QjW,Tue Mar 24 20:19:29 +0000 2026,1652331100457549824,きこ,6kiko02,1099,4,0,0,https://x.com/6kiko02/status/2036538412753441088,ko,False,2026-03-26 05:55:00,🇰🇷 한국,
2035468005183008796,메이투,@_yaoxia 저 그럼 다음에 여쭤보러가도대나요/// 아직 메이투 유료결제 기간이 남아서 넘어가게된다면 령님의 도움을…🤍,Sat Mar 21 21:26:04 +0000 2026,1945641339884093440,단,DNCELE_,51,0,0,1,https://x.com/DNCELE_/status/2035468005183008796,ko,False,2026-03-26 05:55:00,🇰🇷 한국,
2035854404306583926,메이투,메이투에서도 저렇게까지 보정하면 욕먹어,Sun Mar 22 23:01:28 +0000 2026,1961484357266501633,하나,hxxx_zx,556,11,0,0,https://x.com/hxxx_zx/status/2035854404306583926,ko,False,2026-03-26 05:55:00,🇰🇷 한국,
2035390296922698161,메이투,"진짜 찐으로 잘 쓰고 있는 메이투
Ai 행인 지우기 기능 🫶🏻
요즘 제 사진 깔끔한거 다 이거 덕분이에요....✨(진짜임)
아이폰 기본 지우기 보다 훨씬~
자연스럽게 지워줌!! 꼭 써보기🫶🏻 https://t.co/iVZ9kfDVzd",Sat Mar 21 16:17:17 +0000 2026,2023431569684180993,구사자 (김정아) 🇰🇷,hall_stell45084,27,0,0,0,https://x.com/hall_stell45084/status/2035390296922698161,ko,False,2026-03-26 05:55:00,🇰🇷 한국,https://pbs.twimg.com/media/HD8opwKaAAEJSbU.jpg
2036810108525789519,메이투,아니 하성이 비대칭이 이렇게 심했다고? 메이투 켜서 왼쪽눈만 위로 17정도 올려주지,Wed Mar 25 14:19:06 +0000 2026,1942632465094623232,띠용,jaebalmaegak,228,0,0,0,https://x.com/jaebalmaegak/status/2036810108525789519,ko,False,2026-03-26 05:55:00,🇰🇷 한국,
2035064562664579276,메이투,"근데 나 메이투 유료기능도 별로 안쓰는데 환불못받겠지
당연히못받겟지시발아방금너무거지같았어",Fri Mar 20 18:42:56 +0000 2026,1995270216083996672,나윤이,tiny5363,180,0,0,0,https://x.com/tiny5363/status/2035064562664579276,ko,False,2026-03-26 05:55:00,🇰🇷 한국,
2036301563287970256,메이투,"메이투 분철 탑승하고싶어요ㅠㅠ
아이폰 구해봅니다!",Tue Mar 24 04:38:19 +0000 2026,1914814780499800064,텐텐,ten_ten_ten_tem,50,0,0,0,https://x.com/ten_ten_ten_tem/status/2036301563287970256,ko,False,2026-03-26 05:55:00,🇰🇷 한국,
2029197201814290700,meitu,@namza0909 감사합니다. Meitu라는 나라에서 왓어요,Wed Mar 04 14:08:08 +0000 2026,1955147078646284288,디알이,dr10ve25,10,1,0,0,https://x.com/dr10ve25/status/2029197201814290700,ko,False,2026-03-26 05:54:47,🇰🇷 한국,
2031315804265070916,meitu,"요즘 아이돌 사이에서 유행하는 #고노출 셀카!
#아이폰XS 없어도 괜찮아!
#메이투 무료 AI 필터로 100% 재현 ✨ https://t.co/VWQQoThHkF",Tue Mar 10 10:26:42 +0000 2026,998523884423995400,Meitu 메이투 (official),meitu_kr,375,0,0,0,https://x.com/meitu_kr/status/2031315804265070916,ko,False,2026-03-26 05:54:47,🇰🇷 한국,
2030971355894821331,meitu,#후지 필터 + #플래시 합쳐진 필터 처음이죠?~ ⭒๋࣭ ⭑⋆ https://t.co/oJgzBpdGlY,Mon Mar 09 11:37:59 +0000 2026,998523884423995400,Meitu 메이투 (official),meitu_kr,359,0,0,0,https://x.com/meitu_kr/status/2030971355894821331,ko,False,2026-03-26 05:54:47,🇰🇷 한국,https://pbs.twimg.com/media/HC91rZ-acAAtBWI.jpg
2030971683327328555,meitu,#메이투 ⇾사진 ⇾필터 ⇾ #FUJI플래쉬 https://t.co/ymSyu4nKvh,Mon Mar 09 11:39:17 +0000 2026,998523884423995400,Meitu 메이투 (official),meitu_kr,295,0,0,0,https://x.com/meitu_kr/status/2030971683327328555,ko,False,2026-03-26 05:54:47,🇰🇷 한국,https://pbs.twimg.com/media/HC91-mhaIAAteai.jpg
2034956117357502841,메이투,사진 보정 욘나게 하는데 진짜 메이투 아랑합니다 외모정병 개심해서 메이투 없이 살수없긔..,Fri Mar 20 11:32:00 +0000 2026,2019087999263506432,지니,Jin1ic,70,2,0,0,https://x.com/Jin1ic/status/2034956117357502841,ko,False,2026-03-26 00:05:17,🇰🇷 한국,
2034466886323487141,메이투,@sei__kaito 메이투 ai 염색기능이에요!,Thu Mar 19 03:07:58 +0000 2026,1554938811335188480,나무,jenwk7,43,0,0,1,https://x.com/jenwk7/status/2034466886323487141,ko,False,2026-03-23 07:51:20,🇰🇷 한국,
2034462734428070317,메이투,@SperoSpera96 아 이건 그거지요 메이투😉😉😉😉,Thu Mar 19 02:51:29 +0000 2026,1741795746410811392,루곰,gomdal_aries03,71,1,0,1,https://x.com/gomdal_aries03/status/2034462734428070317,ko,False,2026-03-23 07:51:20,🇰🇷 한국,
2034276304745570694,메이투,요즘 메이투 딸깍 재밌어서 새코스 안하고 옛날 사진으로 최신 사진을 얻고 만족하고 코스 안하기를 반복하고있음,Wed Mar 18 14:30:40 +0000 2026,1643041098594672640,T4M0🌌,MzziT4,27,0,0,0,https://x.com/MzziT4/status/2034276304745570694,ko,False,2026-03-23 07:51:20,🇰🇷 한국,
2034917913568952510,메이투,"@llovedelicious 그쳐 메이투 ai 렌즈 넉낌
육안으로 봐도 색 너무 신기하고 예쁘숭🙉",Fri Mar 20 09:00:12 +0000 2026,1981384910314360835,키치숭,mongkitsch,110,0,0,0,https://x.com/mongkitsch/status/2034917913568952510,ko,False,2026-03-23 07:51:20,🇰🇷 한국,
2034474616945864955,메이투,@neuk_sosuda 응 잠시만 형아 메이투 키는 중이야!!,Thu Mar 19 03:38:42 +0000 2026,1612360365681278978,배크민,bdbdbd__blue,43,0,0,1,https://x.com/bdbdbd__blue/status/2034474616945864955,ko,False,2026-03-23 07:51:20,🇰🇷 한국,
2034857203623239978,메이투,@nl_a_ 메이투,Fri Mar 20 04:58:57 +0000 2026,1560252955122475008,시럽잼,0x100_00,38,0,0,1,https://x.com/0x100_00/status/2034857203623239978,ko,False,2026-03-23 07:51:20,🇰🇷 한국,
2034463872237936818,메이투,@cloud_bingsu 다른분들은 메이투.. 진짜 많이 쓰시는 것 같아서 조만간 저도 찍먹해보려구요😚💗,Thu Mar 19 02:56:00 +0000 2026,1977738188056903680,🍪,otatidjlc,15,1,0,0,https://x.com/otatidjlc/status/2034463872237936818,ko,False,2026-03-23 07:51:20,🇰🇷 한국,
2035725197492551726,메이투,@rinxxonsw 나만의 제 2의 어머니 메이투….,Sun Mar 22 14:28:03 +0000 2026,2030909889124675584,min,minnqxx,18,0,0,0,https://x.com/minnqxx/status/2035725197492551726,ko,False,2026-03-23 07:51:20,🇰🇷 한국,
2034268774413836686,메이투,@ehhhhhhhhii 습 메이투... 오케이 메모완료. 다음에 써봐야겠더요!! 감사합니다🥰 근데 한가지 궁금해진 것.. 일전의 어바등 철사인형들도 메이투로 후보정하셔서 올린건지..? ㅋㅋㅋㅎ,Wed Mar 18 14:00:45 +0000 2026,1110082092937797637,구빙수,cloud_bingsu,35,0,0,1,https://x.com/cloud_bingsu/status/2034268774413836686,ko,False,2026-03-23 07:51:20,🇰🇷 한국,
2034619152808423624,메이투,메이투 보정100의 남자를 좋아하는게 이런기분인가…??생각보다 많이 좋네 https://t.co/yJSicr02dk,Thu Mar 19 13:13:02 +0000 2026,1971240577355182080,707,arno707hao,1367,71,3,0,https://x.com/arno707hao/status/2034619152808423624,ko,False,2026-03-23 07:51:20,🇰🇷 한국,https://pbs.twimg.com/media/HDxrU6pbkAAYuVO.jpg
2034646934124908935,메이투,본처랑 메이투 돌렸어요..// https://t.co/9pHv93ILHA,Thu Mar 19 15:03:25 +0000 2026,2009485266990632960,シェン,Shen_295,101,5,0,1,https://x.com/Shen_295/status/2034646934124908935,ko,False,2026-03-23 07:51:20,🇰🇷 한국,https://pbs.twimg.com/media/HDyEmj1bkAAzWq6.jpg
2034559533188854220,메이투,ㅈㅅ합니다 메이투 월정액 끝나서ㅈㅅㅈㅅ,Thu Mar 19 09:16:07 +0000 2026,916545809860063232,둥실(フワリ),masumi_S2,151,0,0,1,https://x.com/masumi_S2/status/2034559533188854220,ko,False,2026-03-23 07:51:20,🇰🇷 한국,
2034816467959783579,메이투,@CGeul13736 저는 추천 받아서 메이투 쓰고 있어요! 편하더라고요...👍,Fri Mar 20 02:17:05 +0000 2026,1692891979158573056,청월리 (상태: 개강❄️),aina28873,40,0,0,1,https://x.com/aina28873/status/2034816467959783579,ko,False,2026-03-23 07:51:20,🇰🇷 한국,
2034858080119529813,메이투,@JeoHa_Cos ㅋ ㅋㅋ ㅋㅋ ㅋㅋ저 메이투 없음 못살ㅇ아요 덕분에 사진으로 사기 많이 칩ㅂ니더,Fri Mar 20 05:02:26 +0000 2026,1978105140646146049,3코페土나기🖤,NYAuAGI,29,0,0,0,https://x.com/NYAuAGI/status/2034858080119529813,ko,False,2026-03-23 07:51:20,🇰🇷 한국,
2034648460767674371,메이투,"메이투 어플 사용했습니다! 
https://t.co/zdeohl6DMt",Thu Mar 19 15:09:29 +0000 2026,1989240399555403776,♚,fff3b8_,208,1,0,0,https://x.com/fff3b8_/status/2034648460767674371,ko,False,2026-03-23 07:51:20,🇰🇷 한국,
2034661687631265972,메이투,@gudo9k 메이투 후... https://t.co/eBEcMiTHnK,Thu Mar 19 16:02:03 +0000 2026,1856912087756541952,(Sani) Kim,cyanidevirgin,45,0,0,1,https://x.com/cyanidevirgin/status/2034661687631265972,ko,False,2026-03-23 07:51:20,🇰🇷 한국,https://pbs.twimg.com/media/HDySBJHakAEAhRq.jpg
2034475295420678449,메이투,@sangmu35 메이투 그저 갓...,Thu Mar 19 03:41:23 +0000 2026,1554938811335188480,나무,jenwk7,139,0,0,0,https://x.com/jenwk7/status/2034475295420678449,ko,False,2026-03-23 07:51:20,🇰🇷 한국,
2034579273269555473,메이투,@flyingdragon08 이거는 제머리카락에 색만 입힌거예요! 메이투 짱,Thu Mar 19 10:34:34 +0000 2026,1554938811335188480,나무,jenwk7,27,1,0,1,https://x.com/jenwk7/status/2034579273269555473,ko,False,2026-03-23 07:51:20,🇰🇷 한국,
2034581507617292485,메이투,나는 메이투 매끈하게 100 해야 이거 반정도 나옴,Thu Mar 19 10:43:26 +0000 2026,1997339722629500928,고구마,Xekspcw,636,0,0,0,https://x.com/Xekspcw/status/2034581507617292485,ko,False,2026-03-23 07:51:20,🇰🇷 한국,
2034267316737999291,메이투,@cloud_bingsu 다른 분들은 모르겠지만 전 메이투 써요! 맨들맨들한 솜깅이를 만들 수 있습니다 👍,Wed Mar 18 13:54:57 +0000 2026,1409130892065341441,에,ehhhhhhhhii,37,0,0,1,https://x.com/ehhhhhhhhii/status/2034267316737999291,ko,False,2026-03-23 07:51:20,🇰🇷 한국,
2034254393273725254,메이투,메이투 머리결 보정,Wed Mar 18 13:03:36 +0000 2026,3166518025,세렌,seren_lolita,1273,2,0,1,https://x.com/seren_lolita/status/2034254393273725254,ko,False,2026-03-23 05:55:32,🇰🇷 한국,
2025082392961319023,뷰티캠,"크리스마스 춘배 모음.zip🎄
임오 삼춘들 몇번이 제일 귀여운가요?!

뷰티캠에서 예쁜 크리스마스 사진 만들어보자🫶🏻
📍 홈 &gt; 포토샵&gt; AI 스타일&gt; 추천/크리스마스

@
.
.
.
. https://t.co/Nkwsn7N1xr",Sat Feb 21 05:37:21 +0000 2026,2019637636168929280,김춘배,chunbae_gram88,116,0,0,0,https://x.com/chunbae_gram88/status/2025082392961319023,ko,False,2026-03-19 05:20:52,🇰🇷 한국,https://pbs.twimg.com/media/HBqJqnubgAo4HWQ.jpg
2030879856830157139,뷰티캠,"빵또아 스노우볼 굿즈 개시!!!🤍
네..아니구요🫣

뷰티캠 ai 크리스마스 버전으로 잔뜩 만들어봤어요!!!😆
요즘 트리 사냥한다고 바쁜데
뷰티캠 포토샵으로 크리스마스 사진 뚝딱이에요👍🏻
너무 귀여움ㅠㅠㅠㅠ
중간에 귀선 까루도 있는데 왜케 웃긴지ㅋㅋㅋㅋ

@ https://t.co/FLgvYQLY2f",Mon Mar 09 05:34:24 +0000 2026,2015862237454626816,빵실♡또아 🍨빵또아네🍦,elena_cox26733,90,0,0,0,https://x.com/elena_cox26733/status/2030879856830157139,ko,False,2026-03-19 05:20:52,🇰🇷 한국,https://pbs.twimg.com/media/HC8ibc_agAAXIxL.jpg
2025466709193490923,뷰티캠,"빵또아 스노우볼 굿즈 개시!!!🤍
네..아니구요🫣

뷰티캠 ai 크리스마스 버전으로 잔뜩 만들어봤어요!!!😆
요즘 트리 사냥한다고 바쁜데
뷰티캠 포토샵으로 크리스마스 사진 뚝딱이에요👍🏻
너무 귀여움ㅠㅠㅠㅠ
중간에 귀선 까루도 있는데 왜케 웃긴지ㅋㅋㅋㅋ

@ https://t.co/QMYwAYUOLS",Sun Feb 22 07:04:29 +0000 2026,2009880388236353536,👈👈คลิกโปรไฟล์🍨🍦,bbang___ddoa,143,0,0,0,https://x.com/bbang___ddoa/status/2025466709193490923,ko,False,2026-03-19 05:20:52,🇰🇷 한국,https://pbs.twimg.com/media/HBvnMzHbYAANuPP.jpg
2034301362931151264,메이투,"@kurone_44 아아ㅜㅜ 쿠로님🥹🥹
쿠로님 멘션받고 마음이 편해졌어요...
물론 쿠로님은 본판도 아름다우시겠지만...ㅠㅠ
이제 그냥 편하게 틱톡 메이투 이비스 이보토로 보정 때릴라구요ㅎ
사기죄로 잡혀가면 면회오셔야해요ㅜㅜ
저도 쿠로님 사랑해요....🥹💗",Wed Mar 18 16:10:15 +0000 2026,2004594185270427651,kui,OuOkui,55,1,0,1,https://x.com/OuOkui/status/2034301362931151264,ko,False,2026-03-19 05:20:21,🇰🇷 한국,
2033171417811058709,메이투,"@OVSMSOCO 나는 메이투 사라지면
코스 접으려고,,,",Sun Mar 15 13:20:15 +0000 2026,772823101071429632,시에나트,syenart,39,0,0,1,https://x.com/syenart/status/2033171417811058709,ko,False,2026-03-19 05:20:21,🇰🇷 한국,
2033587127154577849,메이투,@doithomeworknow 메이투 쓰다가 클튜로 넘어와서 그냥 직접 그려요,Mon Mar 16 16:52:07 +0000 2026,1593577283977039872,화향,lN_cense,19,0,0,0,https://x.com/lN_cense/status/2033587127154577849,ko,False,2026-03-19 05:20:21,🇰🇷 한국,
2033828162141098050,메이투,@cherrypotato26 @Botsu10383 @subak060708 “메이투”,Tue Mar 17 08:49:55 +0000 2026,1764307073108770816,스미 3서코 토,pils_f,24,1,0,1,https://x.com/pils_f/status/2033828162141098050,ko,False,2026-03-19 05:20:21,🇰🇷 한국,
2033404492197359990,메이투,진심 메이투 100때린 얼굴..거짓말같다 https://t.co/hv7PFD47eo,Mon Mar 16 04:46:24 +0000 2026,1857473764562493440,푸짐삔,bbinnnnn_,1812,109,6,0,https://x.com/bbinnnnn_/status/2033404492197359990,ko,False,2026-03-19 05:20:21,🇰🇷 한국,https://pbs.twimg.com/media/HDgamyma8AEcgLL.jpg
2033176719914684454,메이투,진짜 메이투 사랑합니다 화질 진짜 짱 조아졋어요 그래서 얼굴이 겁나 하애졋어요,Sun Mar 15 13:41:19 +0000 2026,1794399260756320256,체라 3코페 토,jeongji41873324,189,7,0,0,https://x.com/jeongji41873324/status/2033176719914684454,ko,False,2026-03-19 05:20:21,🇰🇷 한국,
2033926929628467245,메이투,@ppiinneeee 역시미소녀의어머니(메이투)라미감이장난아니시네예,Tue Mar 17 15:22:23 +0000 2026,2032759227295608835,neon,neonriontism,21,1,0,0,https://x.com/neonriontism/status/2033926929628467245,ko,False,2026-03-19 05:20:21,🇰🇷 한국,
2033508463335371261,메이투,ㅋㅋㅋㅋㅋㅋㅋㅋㅋ아 저거 메이투 유료 스티커래.... 장릉혁 귀여워서 어쩌지 진짜ㅠㅠㅠㅠㅠㅠ https://t.co/yG2YuDXvTe,Mon Mar 16 11:39:33 +0000 2026,1437356779415867395,wei,_walnutzz_,219,2,1,0,https://x.com/_walnutzz_/status/2033508463335371261,ko,False,2026-03-19 05:20:21,🇰🇷 한국,https://pbs.twimg.com/media/HDh5BfUasAEVc47.jpg
2033812024808112459,메이투,이번에 롯월가서 재미나게 찍으려고 접은 길이 30cm 다 펼치면 150cm인 셀카봉겸 삼각대를 샀답니다 블루투스 오예~ 카메라 소다 메이투 다 되는데 틱톡은 블투가 안되는 안타까움... ㅠㅠ 셀카봉 전용 조명도 들고가니까 우리 닉주디 친구들 기깔나게 함께 할 준비 완료,Tue Mar 17 07:45:47 +0000 2026,1982425280674484224,아이(あい) 4/4일 오란고교 하니 롯월(w. 팀코),honey_bear_520,71,1,0,1,https://x.com/honey_bear_520/status/2033812024808112459,ko,False,2026-03-19 05:20:21,🇰🇷 한국,
2033224370051747875,메이투,메이투로 100 100 100 보정해도 이정도 안나옴 https://t.co/8ksVWdVR3I,Sun Mar 15 16:50:39 +0000 2026,1991109433611726848,윙디디,Wing_Dddd,944,29,2,0,https://x.com/Wing_Dddd/status/2033224370051747875,ko,False,2026-03-19 05:20:21,🇰🇷 한국,https://pbs.twimg.com/media/HDd2yZVbYAAKGcG.jpg
2033156070139744547,메이투,"#광고

봄이 다가와서 따뜻한 색감의 필터를 찾았는데 드디어 찾음 ￼😚…
#메이투 앱에서 #사진 👉🏻 #필터 👉🏻 버터크림 70%‼️
✅ 약간 노란끼도는 걸로
#버터필터 로 나오는 색감 최고 . . . ‼️🧈💓 https://t.co/uf8ao8qEUJ",Sun Mar 15 12:19:15 +0000 2026,1415684350016819211,𝘔𝘪𝘯,L0yaV2,4289,36,6,0,https://x.com/L0yaV2/status/2033156070139744547,ko,False,2026-03-19 05:20:21,🇰🇷 한국,https://pbs.twimg.com/media/HDc4qkGbMAAQAqB.jpg
2033896144171065411,메이투,"이거진짜미텻다 아니얼굴 머임 메이투 백 먹인얼굴 머임
 https://t.co/noWJGr9oDk",Tue Mar 17 13:20:03 +0000 2026,2030572294666686465,시쿠,wisioniku,19,1,0,0,https://x.com/wisioniku/status/2033896144171065411,ko,False,2026-03-19 05:20:21,🇰🇷 한국,
2033411397837852756,메이투,"헐 대박 신기 속눈썹 짝짝이인게 거슬려서 오른쪽이랑 맞춰서 보정했어요 메이투 지우개-복구기능으로 맘에드는부분 복붙하면 뚝딱 완성됨;;
다시 #motd
렌즈-렌블링 빅퓨어블 오션블루
아이섀도우-루미르 썸머나잇
블러셔-캔메이크 큐피드핑크
하이라이터-rmt 12호
립-엔트로피 튀튀+글맆 츄이버블 https://t.co/IlbxCT9G9q",Mon Mar 16 05:13:50 +0000 2026,1861917989219807232,seashellclean,seashellclean,1719,18,3,2,https://x.com/seashellclean/status/2033411397837852756,ko,False,2026-03-19 05:20:21,🇰🇷 한국,https://pbs.twimg.com/media/HDgg4rcasAAiTfq.jpg
2033817524777980208,메이투,"@hwaganandajonna 메이투: 감사합니다
이비스: 감사합니다",Tue Mar 17 08:07:39 +0000 2026,1854947091900252160,Fate/ian night,ianbbyong,24,0,0,1,https://x.com/ianbbyong/status/2033817524777980208,ko,False,2026-03-19 05:20:21,🇰🇷 한국,
2033872638674964808,메이투,누거봐도 메이투 떡질인디 뭔,Tue Mar 17 11:46:39 +0000 2026,1313491572231745543,김엘리자베스 녀석,jennyisacow,5911,1,0,0,https://x.com/jennyisacow/status/2033872638674964808,ko,False,2026-03-19 05:20:21,🇰🇷 한국,
2034043916891394419,메이투,@Kuku_cm Beauty Cam어플이나 메이투 어플써요~,Tue Mar 17 23:07:15 +0000 2026,963376864575176704,에단(5수코 양일),r_il1t02,40,1,0,0,https://x.com/r_il1t02/status/2034043916891394419,ko,False,2026-03-19 05:20:21,🇰🇷 한국,
2033943638166933992,메이투,"코난 메쿠 너무 … 마음에 든다..💜😭
여캐 많이 해야지  ( 메이투 🪄 ) https://t.co/TZB0z0jngC",Tue Mar 17 16:28:46 +0000 2026,1931284774439821313,청운☁️🐉( セイウン / 青雲 ),InuYashaFan_,241,24,1,0,https://x.com/InuYashaFan_/status/2033943638166933992,ko,False,2026-03-19 05:20:21,🇰🇷 한국,https://pbs.twimg.com/media/HDoE9OuakAAWR3z.jpg
2033763262060498958,메이투,@Gguggudiary 혹시 메이투 써보셨나요?,Tue Mar 17 04:32:01 +0000 2026,937158760077733888,지이,Acquaintances04,45,0,0,1,https://x.com/Acquaintances04/status/2033763262060498958,ko,False,2026-03-19 05:20:21,🇰🇷 한국,
2033207024570519873,메이투,@PRXM_XT 이거보고 메이투 들어가다가 카톡와서 까먹고 있던거 생각남,Sun Mar 15 15:41:44 +0000 2026,1978478144194801664,あくん,aha_aaaaaaaa,62,0,0,1,https://x.com/aha_aaaaaaaa/status/2033207024570519873,ko,False,2026-03-19 05:20:21,🇰🇷 한국,
2033244489662583033,메이투,"메이투 겨울 필터 가볍게 압살
에이아이가 인간 지배 못 하는 이유",Sun Mar 15 18:10:36 +0000 2026,1934258729337376768,미고,meegorengi,524,2,0,0,https://x.com/meegorengi/status/2033244489662583033,ko,False,2026-03-19 05:20:21,🇰🇷 한국,
2033466653128949949,메이투,@LJW_1121 최고의 성형외과 의사 메이투,Mon Mar 16 08:53:24 +0000 2026,254333445,신기루,Sinkiroo2,62,0,0,1,https://x.com/Sinkiroo2/status/2033466653128949949,ko,False,2026-03-19 05:20:21,🇰🇷 한국,
2033168830256873730,메이투,친구가 여행사진 갤럭시 울트라 기카로 다 찍어놔서 내 꼴을 차마 눈 뜨고 볼 수가 없어 아 메이투 쓰자,Sun Mar 15 13:09:58 +0000 2026,873087892825849856,bambi,flying_bambi,83,0,0,0,https://x.com/flying_bambi/status/2033168830256873730,ko,False,2026-03-19 05:20:21,🇰🇷 한국,
2034040423468175590,메이투,@Kuku_cm 저.. 메이투..^^ 셀카 매우 사기에여..,Tue Mar 17 22:53:22 +0000 2026,2007996562723733505,미치,KUMAM3_,61,0,0,1,https://x.com/KUMAM3_/status/2034040423468175590,ko,False,2026-03-19 05:20:21,🇰🇷 한국,
2033785443695923225,메이투,@dalllto 나 그래서 방금 b612 구독 끊고 메이투 연간플랜 구독했어!! 캬캬캬~,Tue Mar 17 06:00:10 +0000 2026,2026828093026115584,지은 ᶻ,jieun_cos,39,0,0,1,https://x.com/jieun_cos/status/2033785443695923225,ko,False,2026-03-19 05:20:21,🇰🇷 한국,
2033512818906206310,메이투,ㅋ...쿠ㅜ 저 메이투 1년 충동구매햇어요!!!...,Mon Mar 16 11:56:51 +0000 2026,1962141716347310080,파도,pado_cos,60,4,0,0,https://x.com/pado_cos/status/2033512818906206310,ko,False,2026-03-19 05:20:21,🇰🇷 한국,
2034040257952551034,메이투,@Mr_Gong1 헐랭 메이투 기능인 줄 알았는데 아니었군요 ㅋㅋㅋ,Tue Mar 17 22:52:42 +0000 2026,1529982666690691072,타카,ttttktaka_cos,32,1,0,0,https://x.com/ttttktaka_cos/status/2034040257952551034,ko,False,2026-03-19 05:20:21,🇰🇷 한국,
2034477896438616104,메이투,"요즘 유행하는 버터 필터인데 자연광 필터로 최고 .. 🧈🥞🤍
메이투 앱 - 사진 - 필터 버터크림 
#메이투 #보정 #필터 #버터필터 #사진 #감성 https://t.co/eSRn4an8WO",Thu Mar 19 03:51:43 +0000 2026,2021774057377595392,정말 닉네임이 생각이 안 나네,DurkeeMigd65447,4,0,0,0,https://x.com/DurkeeMigd65447/status/2034477896438616104,ko,False,2026-03-19 05:20:21,🇰🇷 한국,https://pbs.twimg.com/media/HDvq3YMakAAQM-b.jpg
2034175780729823344,메이투,@Kuku_cm 저는 메이투 쓰고있어요!,Wed Mar 18 07:51:13 +0000 2026,1957405562532155392,sika/메인트 팀코 모집,sika_cos1031,28,0,0,1,https://x.com/sika_cos1031/status/2034175780729823344,ko,False,2026-03-19 05:20:21,🇰🇷 한국,
2033371097203417269,메이투,굳세어라 픽스아트 유저 메이투 깔고 광명찾다... 화질안깨지고 이렇게 디테일한보정이 가능하다니 #몰랐어 왜이제알게됐을꼬... https://t.co/GZccK2j0d5,Mon Mar 16 02:33:42 +0000 2026,1843207549555974144,소금,tooooomuchsun,215,3,0,0,https://x.com/tooooomuchsun/status/2033371097203417269,ko,False,2026-03-19 05:20:21,🇰🇷 한국,https://pbs.twimg.com/media/HDf8PMsbIAAjlV3.jpg
2033426003683684656,메이투,"메이투 염색 아니고 진짜?………
훔월1629378383년연장 https://t.co/TrA3OSiOTp",Mon Mar 16 06:11:53 +0000 2026,1903432869038755840,𝑱𝒊𝒏,629Hero,71,1,0,0,https://x.com/629Hero/status/2033426003683684656,ko,False,2026-03-19 05:20:21,🇰🇷 한국,https://pbs.twimg.com/media/HDguK2GbcAAevai.jpg
2034049620222029982,메이투,@Kuku_cm 메이투 유료캠 써용!,Tue Mar 17 23:29:54 +0000 2026,2022704574394699778,조양말이 /3부코양일,yangmall313,32,0,0,0,https://x.com/yangmall313/status/2034049620222029982,ko,False,2026-03-19 05:20:21,🇰🇷 한국,
2033773091051147369,메이투,"메이투 결제하는 게 맞겠죠..?🥹
하 b612에 익숙한 사람인데 잘 적응할지….",Tue Mar 17 05:11:05 +0000 2026,2026828093026115584,지은 ᶻ,jieun_cos,203,5,0,1,https://x.com/jieun_cos/status/2033773091051147369,ko,False,2026-03-19 05:20:21,🇰🇷 한국,
2033871751009210621,메이투,걍 나도 메이투 쓸까 이보토 넘 비싸,Tue Mar 17 11:43:07 +0000 2026,1401165857003167748,새아재🦅뱅,manbabaran,234,5,0,0,https://x.com/manbabaran/status/2033871751009210621,ko,False,2026-03-19 05:20:21,🇰🇷 한국,
2033451377838743929,메이투,쇼미더머니 니네가 인가음중뮤뱅 홈마도 아니고 메이투 피부결 보정 매끈하게 100을 왜 하는데 https://t.co/mFREfIVJhI,Mon Mar 16 07:52:42 +0000 2026,2012929712478367745,p!n,angeinlife,24034,291,51,0,https://x.com/angeinlife/status/2033451377838743929,ko,False,2026-03-19 05:20:21,🇰🇷 한국,https://pbs.twimg.com/media/HDhFPt7aYAAVgeq.jpg
2033915064277995656,메이투,"?????전혀 안씀 ㅋㅋㅋㅋㅋㅋㅋㅋㅋㅋㅋㅋㅋㅋ 
1도 안씀 네버 에버 ㅋㅋㅋㅋㅋㅋㅋ

공장에서 간단히 만들어내는 바구니, 솔, 컵 등 뭐 진짜 이런  주변에서 쉽게 구해지는 생활용품은 쓰지만 

마라탕 하이디라오같은 중국음식? 내손으로 1도 안사먹고 
테무알리 아직도 안쓰고 메이투 뭔지도 모르고 쉬인 최근에 이름의 정체만 알았음ㅋㅋㅋㅋㅋ 

비싸도 원하고 갖고싶으면 일제랑 유럽제 산다ㅠㅜㅠㅜ
트이터 안에서 유독 진짜 중국관련 소비 많은게 난 진짜 희한해 ㅋㅋㅋㅋㅋㅋㅋㅋㅋ",Tue Mar 17 14:35:14 +0000 2026,4677497514,D,DOOMdy_D,237,0,0,0,https://x.com/DOOMdy_D/status/2033915064277995656,ko,False,2026-03-19 05:20:21,🇰🇷 한국,
2033541894282825864,메이투,@Yungho_oxo 아 황당이라는 단어가 왜 이렇게 웃기지 저 이러려고 메이투 구독했습니다만? 제 5시간 시급으로요,Mon Mar 16 13:52:23 +0000 2026,1970148584029904896,Asxce,asxce012,14,0,0,1,https://x.com/asxce012/status/2033541894282825864,ko,False,2026-03-19 05:20:21,🇰🇷 한국,
2033563138633896171,메이투,메이투 메이크업탭에서 아무거나누르면저렇게되는데,Mon Mar 16 15:16:48 +0000 2026,1987489230583717888,slow읍읍이,yeosangyeosangy,120,2,0,0,https://x.com/yeosangyeosangy/status/2033563138633896171,ko,False,2026-03-19 05:20:21,🇰🇷 한국,
2033736315322470802,메이투,"멋쨍님 너무 귀여워 너무 조아
너무 아름댜워 ₍ᐢ,,- -,,ᐢ₎

어제 메이투 딸깍하고
사진보면서 혼자 박수치고 
저 퍼컬 우디님입니다 
이상한 소리 카톡에 그냥 갈겨버림 https://t.co/kn4GOofl3i",Tue Mar 17 02:44:57 +0000 2026,616081009,끼미2(유산균),walwal_kimy,120,6,1,0,https://x.com/walwal_kimy/status/2033736315322470802,ko,False,2026-03-19 05:20:21,🇰🇷 한국,https://pbs.twimg.com/media/HDlIZgmbEAAE-bh.jpg
2034479990679749080,메이투,이거할라구 메이투 결제함. https://t.co/8zCXdgIhrt,Thu Mar 19 04:00:03 +0000 2026,2030178228846100480,ℝ𝕚𝕒⪩⪨,aishikainai,21,4,0,0,https://x.com/aishikainai/status/2034479990679749080,ko,False,2026-03-19 05:20:21,🇰🇷 한국,https://pbs.twimg.com/media/HDvsxQoaMAAvzIT.jpg
2024652193396379716,meitu,"내 셀카로 모잘라서 내 딸도 Meitu로 깎아줌 
엄마가 미안해 https://t.co/EmzXAXgZ8V",Fri Feb 20 01:07:53 +0000 2026,1920826652566945792,주먹,f1rejoo,202,6,0,1,https://x.com/f1rejoo/status/2024652193396379716,ko,False,2026-03-19 05:20:06,🇰🇷 한국,https://pbs.twimg.com/media/HBkCb9RbUAABDbU.jpg
2032813247137824815,meitu,"#광고

다가오는 봄과 따뜻한 무드에 찰떡인 자연광 필터
감성카페 좋아하는분들에게도 너무 추천!!

🧈버터크림
사진 - 편집 - 필터 -버터크림 70%

#메이투 #필터 #보정 #사진 #감성 #버터필터 https://t.co/5Cb1xbxuRn",Sat Mar 14 13:37:00 +0000 2026,1967969435857096704,eonie,eonie_o,2898,4,2,0,https://x.com/eonie_o/status/2032813247137824815,ko,False,2026-03-19 05:20:06,🇰🇷 한국,https://pbs.twimg.com/media/HDYA3z4aMAQ2fRz.jpg
2026505538444603504,meitu,"메이투 분철 들어가고 싶습니다!!
연락주세요 아이폰 사용 중입니당
#meitu",Wed Feb 25 03:52:25 +0000 2026,1987211624806309888,에잉,read_1ng,331,0,0,1,https://x.com/read_1ng/status/2026505538444603504,ko,False,2026-03-19 05:20:06,🇰🇷 한국,
2025209392430547352,meitu,@micattydev 저 이거 meitu에서 했어요!!,Sat Feb 21 14:02:00 +0000 2026,1935987673786937344,키키냥(にゃん),nyangkiki,38,0,0,1,https://x.com/nyangkiki/status/2025209392430547352,ko,False,2026-03-19 05:20:06,🇰🇷 한국,
2027699240965955952,meitu,"Meitu가 준비한 포장지에 귀여운 산지를 쏙!
AI로 만들어보는 크리스마스 포장지 샷🎄

메이투앱✅ 신규✅ 크리스마스 포장지✅
클릭 한 번으로 댕댕이 사진으로 크리스마스 기분을 낼 수 있어요🎅 https://t.co/IM6db7S1xH",Sat Feb 28 10:55:46 +0000 2026,2010697842705457152,산지,sanji____933,44,0,0,0,https://x.com/sanji____933/status/2027699240965955952,ko,False,2026-03-19 05:20:06,🇰🇷 한국,https://pbs.twimg.com/media/HCPVrcYbEAEzlfL.jpg
2033458637029667147,meitu,안녕하세욧~~! 보정어플은 메이투를 제일 많이사용합니다!! 아니면 그냥 컴퓨터로 포토샵 사용합니다🤍 색보정은 파랑이나 노랑 어디 한곳에 치우치는것보다 그냥 무난하게 하는걸 좋아해서 크게하진않고 밝은캐릭터를 자주하니까 채도만... https://t.co/LogJ5NQHWe,Mon Mar 16 08:21:33 +0000 2026,1178153776638648320,도리,DORI___________,328,1,0,0,https://x.com/DORI___________/status/2033458637029667147,ko,False,2026-03-19 05:20:06,🇰🇷 한국,
2032817163623678069,meitu,강아지가 얘기해서 메이투 열었다가 https://t.co/Wqp7XzS5cC,Sat Mar 14 13:52:34 +0000 2026,1785313910171774976,💯,hi193rt,223,5,0,0,https://x.com/hi193rt/status/2032817163623678069,ko,False,2026-03-19 05:20:06,🇰🇷 한국,
2033124752005664963,메이투,"#광고

내돈내산으로 프리미엄 쓰고 있는 메이투에서 버터 필터가 나왔네요. . .
요즘 유행하는 감성 따라해 보실 분 🧈🍮

❕메이투 사진 보정에서 '버터크림' 필터 선택 후, 강도 70%, 컬러 보정 기능 ON ! 🤍

#메이투 #보정 #필터 #버터필터 #사진 #감성 https://t.co/Dvw5ZnH3tD",Sun Mar 15 10:14:49 +0000 2026,1953494274143834112,란이,raninclouds,2203,32,2,0,https://x.com/raninclouds/status/2033124752005664963,ko,False,2026-03-17 05:47:00,🇰🇷 한국,https://pbs.twimg.com/media/HDccL0Oa4AAg0Nr.jpg
2033542356897857938,메이투,"뭔가미묘하게ai같은ㅇ건…
메이투 햇빛기능 썻더니….저렇게ㅠ되버렸어요",Mon Mar 16 13:54:13 +0000 2026,1965776148907831296,デパ,daepa4444,90,3,0,0,https://x.com/daepa4444/status/2033542356897857938,ko,False,2026-03-17 05:47:00,🇰🇷 한국,
2032623309737832705,메이투,아씨 메이투 정기결제 취소할껄,Sat Mar 14 01:02:16 +0000 2026,1839657528457900032,nxmiii,namiiii_1010,223,8,0,0,https://x.com/namiiii_1010/status/2032623309737832705,ko,False,2026-03-17 05:47:00,🇰🇷 한국,
2033127949839618218,메이투,@Ny0M4e 냐메님 타바에서 메이투 븨앞사면 싸게할수잇어욤.. 제 팁♡,Sun Mar 15 10:27:31 +0000 2026,1942479447090995200,티티,TAT_cos,38,0,0,1,https://x.com/TAT_cos/status/2033127949839618218,ko,False,2026-03-17 05:47:00,🇰🇷 한국,
2032812560228167938,메이투,"#광고
봄이랑 찰떡인 따스한 색감.. 🫧
노란기 살짝 도는 이 분위기, 메이투 버터크림 필터로 완성했어요!
보정 유목민들 여기 눕자.. 진짜 딱 내가 계속 찾던 그 감성임 🧈🍮

📍 사용법: 메이투 사진 보정에서 '버터크림' 필터 선택 후 강도 70% !

#메이투 #보정 #필터 #버터필터 #사진 #감성 https://t.co/93IyTqPtgj",Sat Mar 14 13:34:16 +0000 2026,1378318440180580352,i.ze,ixzxex,3732,32,2,0,https://x.com/ixzxex/status/2032812560228167938,ko,False,2026-03-17 05:47:00,🇰🇷 한국,https://pbs.twimg.com/media/HDYAPu9aMAMkZOi.jpg
2032819139358896360,메이투,@hamstercushion 메이투 돌린 사진 저장하고 저장한 사진 다시 메이투 돌린 모습,Sat Mar 14 14:00:25 +0000 2026,2007383282980401153,두두쥐,dudujeee,29,1,0,0,https://x.com/dudujeee/status/2032819139358896360,ko,False,2026-03-17 05:47:00,🇰🇷 한국,
2032634763874632062,메이투,"핸드폰 바꾸고 메이투 다시깔아서 카메라 키고 너무 놀람...
기본값 세팅 개쩐다...
다시 다 하향 조정 하였어요...너무 다른 사람이라🥹",Sat Mar 14 01:47:46 +0000 2026,1968869671844646912,쭈아🐦‍⬛,cosmetic_JJUA,172,10,0,0,https://x.com/cosmetic_JJUA/status/2032634763874632062,ko,False,2026-03-17 05:47:00,🇰🇷 한국,
2032806607319691677,메이투,뭔 메이투 필터 100인 얼굴이 있냐 ㄹㅈㄷ네,Sat Mar 14 13:10:37 +0000 2026,2013415850011959297,수콘,tnltwotnwnd,527,0,0,0,https://x.com/tnltwotnwnd/status/2032806607319691677,ko,False,2026-03-17 05:47:00,🇰🇷 한국,
2032448043761684949,메이투,"@machidang 왤케 갸름하시지 
메이투 좀 켯나",Fri Mar 13 13:25:49 +0000 2026,1396028811087540225,사이버 미리,tokyojipgusuk,104,0,0,1,https://x.com/tokyojipgusuk/status/2032448043761684949,ko,False,2026-03-17 05:47:00,🇰🇷 한국,
2032824451264618890,메이투,@hu___Ya ㅋㅋㅋㅋㅋ 메이투 감기 필터욜,Sat Mar 14 14:21:31 +0000 2026,1121440470586937344,한나🐹,han_na_09,26,0,0,0,https://x.com/han_na_09/status/2032824451264618890,ko,False,2026-03-17 05:47:00,🇰🇷 한국,
2032820922244280678,메이투,"@_____CHUlove 아니 메이투 미친거가타요
포카 없앨려고했는데 그냥 뿅님 실종사건이 되어버림 https://t.co/cAHz3VlFXO",Sat Mar 14 14:07:30 +0000 2026,1975461437314375681,망,_mangmung0,45,0,0,1,https://x.com/_mangmung0/status/2032820922244280678,ko,False,2026-03-17 05:47:00,🇰🇷 한국,https://pbs.twimg.com/media/HDYH2dUaMAEtWK6.jpg
2032646221660303726,메이투,사람이 어떻게 이렇게 생길 수가 있지?,Sat Mar 14 02:33:18 +0000 2026,2024133822313635840,정하연이랑결혼한여자,yunju0801,83,2,0,0,https://x.com/yunju0801/status/2032646221660303726,ko,False,2026-03-17 05:47:00,🇰🇷 한국,
2032713846092333357,메이투,"#광고 
 따듯한 봄이 다가온다....♥ 
봄에 걸맞는 버터크림 필터는 어때? 딱 찾던 따스한 감성&gt;_&lt; 

메이투 어플 - 사진 - 필터 - 버터크림 
강도는 70% 강추!!

#메이투 #보정 #필터 #버터필터 #사진 #감성 https://t.co/8jHli6TSG5",Sat Mar 14 07:02:01 +0000 2026,1330274040104235008,Lㅓ드큐ヨi걸,1ueNeila,5435,24,4,0,https://x.com/1ueNeila/status/2032713846092333357,ko,False,2026-03-17 05:47:00,🇰🇷 한국,https://pbs.twimg.com/media/HDWmdg7boAAdeVl.jpg
2032822070988648466,메이투,"오늘 #서코 원신 #유메미즈키 로 다녀왔습니다🩵 아.. 하고싶었던 미즈키 드디어 했다😊

못본 트친들 너무 아쉬워용 ㅠ.ㅠ! 
그러니 내일은 다들 꼭 보기!😖
+메이투 무슨일 0.0 쵝오다 https://t.co/jE4ppvF9qq",Sat Mar 14 14:12:04 +0000 2026,1874813464935645185,임아링,limaring912,2635,54,5,4,https://x.com/limaring912/status/2032822070988648466,ko,False,2026-03-17 05:47:00,🇰🇷 한국,https://pbs.twimg.com/media/HDYI5SUaMAAouXM.jpg
2032439145822580795,메이투,"요즘 이런 부드러운 느낌의 필터 유행하는데 진짜 예쁜 필터 추천! 따뜻하면서 부드러운 느낌이라 여행 갔을 때 찍은 사진에 적용하니 완전 귀여워짐🤍
🍨 메이투 &gt; 필터 &gt; 버터크림(70%)!!
#광고 #메이투 #보정 #필터 #버터필터 #사진 #감성 https://t.co/jQe5VWq51p",Fri Mar 13 12:50:27 +0000 2026,1967126505768841217,GG,rvrimrvrimrvrim,1806,23,1,0,https://x.com/rvrimrvrimrvrim/status/2032439145822580795,ko,False,2026-03-17 05:47:00,🇰🇷 한국,https://pbs.twimg.com/media/HDSsnRIaQAA3I4K.jpg
2032934961981042827,메이투,메이투 임당  https://t.co/8CvdXWd2MB,Sat Mar 14 21:40:39 +0000 2026,1954455375664889856,우정,ungaeel,427,0,0,0,https://x.com/ungaeel/status/2032934961981042827,ko,False,2026-03-17 05:47:00,🇰🇷 한국,
2032461907446370313,메이투,그런애들특) 마라탕 탕후루 틱톡 메이투 테무 존나좋아함ㅋㅋㅋㅋ,Fri Mar 13 14:20:54 +0000 2026,2017275399366184962,네,yyonnw,884,3,0,0,https://x.com/yyonnw/status/2032461907446370313,ko,False,2026-03-17 05:47:00,🇰🇷 한국,
2032838778579202215,메이투,"봄에는 웜톤여자가 되고싶어지는거…
뽀용따뜻한 색감보정법 가져옴 

바로  버터 필터인데 진짜 색이 내가 계속 찾던 감성임…

* 메이튜 -사진 -필터 -버터크림필터 적용

#메이투 #보정 #필터 #버터필터 #사진 #감성 https://t.co/jrLjhZolu6",Sat Mar 14 15:18:27 +0000 2026,1651010524073836546,yui,euniioz,3388,44,0,0,https://x.com/euniioz/status/2032838778579202215,ko,False,2026-03-17 05:47:00,🇰🇷 한국,https://pbs.twimg.com/media/HDYYFvqbwAAo3Oe.jpg
2032798546001539115,메이투,@Ijugkkv5c6 비법: 메이투 눈크기100 ^^,Sat Mar 14 12:38:35 +0000 2026,1563774346044526592,민똥쿠(ㅋㅋ,xcxz666,21,1,0,1,https://x.com/xcxz666/status/2032798546001539115,ko,False,2026-03-17 05:47:00,🇰🇷 한국,
2033756704039702950,메이투,"메이투 meitu 분철
아이폰 사용합니다 
오늘 결제했어요! 2027.4.17 만료

1인당 16000원입니다
https://t.co/AsqoSsruAy",Tue Mar 17 04:05:58 +0000 2026,1388157449488670723,^^,2PkjnznOUuzA,15,0,0,0,https://x.com/2PkjnznOUuzA/status/2033756704039702950,ko,False,2026-03-17 05:47:00,🇰🇷 한국,
2032796010662212089,메이투,메이투가 희나를 사럼얼굴로 인식한다!!! https://t.co/zpiaMZkM8P,Sat Mar 14 12:28:31 +0000 2026,1970769535516000257,케이코,oppolling,282,12,0,0,https://x.com/oppolling/status/2032796010662212089,ko,False,2026-03-17 05:47:00,🇰🇷 한국,https://pbs.twimg.com/media/HDXxMw1aMAYItCt.jpg
2032475770791333900,메이투,오늘으ㅏ 새벽 작업 메이투는 히구루마 입니다 🚶‍♀️🚶‍♀️ https://t.co/qvPHbdAq23,Fri Mar 13 15:15:59 +0000 2026,1940452557563756544,주,threecofffeee,594,3,0,2,https://x.com/threecofffeee/status/2032475770791333900,ko,False,2026-03-17 05:47:00,🇰🇷 한국,https://pbs.twimg.com/media/HDTN6rQbMAA9RTl.jpg
2033141228704010311,메이투,"메이투 화질개선 
아주 
좋아요 https://t.co/LM3SDVqNob",Sun Mar 15 11:20:17 +0000 2026,2016510792376717312,타사,tasa0923,360,19,0,0,https://x.com/tasa0923/status/2033141228704010311,ko,False,2026-03-17 05:47:00,🇰🇷 한국,https://pbs.twimg.com/media/HDcrK7WbQAA4Tom.jpg
2033091488196997199,메이투,@Ooh_master_ 메이투 ㄱㄱ,Sun Mar 15 08:02:38 +0000 2026,1450691157764104192,민,jerrykwak10,39,0,0,1,https://x.com/jerrykwak10/status/2033091488196997199,ko,False,2026-03-17 05:47:00,🇰🇷 한국,
2032663940493357301,메이투,"요렇게 적용된답니다🤍
#메이투 #보정 #필터 #버터필터 https://t.co/dQDc7BLw26",Sat Mar 14 03:43:43 +0000 2026,993488545988861952,𝒑𝒊𝒂🍏,beloved_cherish,1201,0,0,0,https://x.com/beloved_cherish/status/2032663940493357301,ko,False,2026-03-17 05:47:00,🇰🇷 한국,https://pbs.twimg.com/media/HDV5E7TbAAAoN60.jpg
2033055584984117493,메이투,"엑소 포토이즘 미루고 미루다가 어제 찍음
세훈이랑 준면이 다 까만옷이라 나는 회색옷+하얀배경으로 고름 
✨포즈 추천
세훈 2번에서 어깨에 기댄 느낌
수호 3번에서 볼콕!
✨보정 tip
색감 메이투/얼굴 보정 에픽
-&gt;엑소는 웜톤 나는 쿨톤이라 부분조정으로 맞춰야 하는데 에픽은 색조보정 없음ㅠ https://t.co/LHAzJ6Yb0T",Sun Mar 15 05:39:58 +0000 2026,2007472312434749440,하나🐰,sjhaja522,327,6,0,2,https://x.com/sjhaja522/status/2033055584984117493,ko,False,2026-03-17 05:00:27,🇰🇷 한국,
